ID,Partition sizes
1,"1, 1, 7, 14, 21, 23, 42, 49, 98"
2,"1, 1, 8, 14, 28, 28, 28, 42, 42, 64"
3,"1, 8, 14, 21, 22, 42, 56, 92"
4,"1, 1, 7, 9, 14, 14, 21, 42, 42, 49, 56"
5,"1, 1, 2, 7, 14, 14, 28, 28, 42, 49, 70"
6,"1, 1, 7, 9, 14, 14, 21, 42, 42, 49, 56"
7,"1, 7, 8, 15, 21, 28, 28, 42, 50, 56"
8,"1, 1, 7, 23, 35, 91, 98"
9,"1, 7, 8, 15, 21, 28, 28, 42, 50, 56"
10,"1, 2, 4, 4, 10, 15, 20, 40, 40, 60, 60"
11,"1, 1, 3, 4, 5, 5, 5, 25, 35, 42, 60, 70"
12,"1, 1, 3, 4, 5, 5, 5, 25, 35, 42, 60, 70"
13,"1, 2, 4, 4, 10, 15, 20, 40, 40, 60, 60"
14,"1, 85, 170"
15,"1, 85, 170"
16,"1, 1, 1, 2, 5, 11, 15, 25, 30, 30, 40, 40, 55"
17,"1, 1, 3, 5, 5, 5, 10, 10, 12, 14, 30, 45, 50, 65"
18,"1, 1, 3, 5, 5, 5, 10, 10, 12, 14, 30, 45, 50, 65"
19,"1, 1, 3, 24, 46, 77, 104"
20,"1, 6, 25, 38, 42, 144"
21,"1, 2, 30, 49, 78, 96"
22,"1, 8, 24, 37, 90, 96"
23,"1, 3, 5, 21, 40, 84, 102"
24,"1, 5, 27, 43, 84, 96"
25,"1, 5, 27, 43, 84, 96"
26,"1, 1, 3, 24, 46, 77, 104"
27,"1, 5, 27, 43, 84, 96"
28,"1, 1, 3, 27, 43, 83, 98"
29,"1, 3, 8, 18, 34, 90, 102"
30,"1, 2, 30, 49, 78, 96"
31,"1, 1, 3, 24, 46, 77, 104"
32,"1, 1, 3, 24, 46, 77, 104"
33,"1, 8, 24, 37, 90, 96"
34,"1, 2, 3, 24, 37, 87, 102"
35,"1, 3, 7, 19, 36, 88, 102"
36,"1, 5, 27, 43, 84, 96"
37,"1, 6, 25, 38, 42, 144"
38,"1, 2, 6, 18, 43, 78, 108"
39,"1, 1, 2, 2, 2, 3, 3, 4, 7, 8, 10, 32, 54, 54, 73"
40,"1, 1, 1, 1, 2, 2, 3, 8, 9, 11, 15, 29, 50, 53, 70"
41,"1, 2, 2, 2, 3, 3, 4, 5, 11, 22, 37, 50, 56, 58"
42,"1, 1, 1, 2, 2, 6, 6, 8, 15, 18, 27, 48, 50, 71"
43,"1, 1, 1, 1, 1, 2, 3, 7, 9, 10, 11, 37, 51, 52, 69"
44,"1, 1, 1, 1, 1, 2, 3, 3, 7, 23, 24, 39, 40, 52, 58"
45,"1, 1, 1, 1, 1, 2, 3, 7, 11, 12, 22, 39, 49, 50, 56"
46,"1, 1, 1, 1, 1, 2, 3, 5, 5, 7, 13, 17, 18, 43, 55, 83"
47,"1, 2, 2, 3, 4, 8, 13, 13, 14, 16, 48, 52, 80"
48,"1, 1, 1, 1, 2, 3, 7, 13, 13, 16, 31, 49, 54, 64"
49,"1, 1, 1, 2, 2, 4, 6, 7, 14, 18, 40, 43, 58, 59"
50,"1, 1, 1, 2, 2, 2, 4, 6, 8, 9, 11, 36, 50, 51, 72"
51,"1, 1, 2, 2, 2, 2, 3, 4, 6, 13, 15, 28, 48, 56, 73"
52,"1, 1, 1, 1, 3, 3, 5, 9, 11, 31, 36, 42, 47, 65"
53,"1, 1, 1, 1, 1, 1, 3, 4, 5, 9, 9, 10, 25, 52, 53, 80"
54,"1, 2, 2, 2, 3, 6, 8, 22, 30, 32, 38, 54, 56"
55,"1, 1, 2, 2, 4, 6, 8, 8, 10, 13, 18, 49, 50, 84"
56,"1, 1, 1, 3, 3, 4, 6, 7, 17, 21, 23, 46, 53, 70"
57,"1, 1, 1, 1, 1, 1, 3, 3, 4, 4, 7, 9, 27, 52, 57, 84"
58,"1, 1, 2, 2, 2, 3, 3, 6, 15, 16, 42, 44, 57, 62"
59,"1, 2, 2, 2, 3, 3, 11, 13, 23, 44, 50, 50, 52"
60,"1, 1, 1, 1, 2, 3, 3, 3, 5, 11, 17, 28, 49, 58, 73"
61,"1, 1, 1, 2, 2, 4, 8, 10, 14, 17, 31, 38, 61, 66"
62,"1, 1, 1, 1, 1, 2, 3, 3, 3, 5, 16, 21, 24, 44, 57, 73"
63,"1, 1, 1, 2, 2, 4, 4, 4, 8, 10, 19, 21, 42, 49, 88"
64,"1, 1, 1, 1, 1, 2, 2, 2, 4, 9, 14, 16, 29, 41, 62, 70"
65,"1, 1, 1, 1, 1, 1, 3, 5, 7, 15, 29, 31, 47, 55, 58"
66,"1, 1, 1, 1, 2, 2, 2, 4, 8, 19, 23, 24, 43, 53, 72"
67,"1, 1, 1, 1, 2, 2, 3, 7, 11, 13, 18, 27, 48, 56, 65"
68,"1, 1, 1, 1, 2, 2, 3, 4, 7, 15, 22, 30, 40, 53, 74"
69,"1, 1, 1, 1, 1, 2, 2, 3, 5, 10, 14, 16, 22, 39, 51, 87"
70,"1, 1, 1, 1, 1, 3, 4, 6, 7, 13, 16, 32, 39, 61, 70"
71,"1, 1, 1, 3, 3, 3, 5, 5, 17, 27, 33, 46, 55, 56"
72,"1, 1, 1, 3, 4, 8, 11, 14, 15, 34, 47, 50, 67"
73,"1, 2, 3, 3, 4, 4, 5, 21, 24, 27, 42, 48, 72"
74,"1, 1, 1, 2, 2, 2, 5, 6, 10, 10, 11, 23, 50, 52, 80"
75,"1, 1, 1, 1, 2, 2, 4, 6, 10, 11, 20, 25, 36, 67, 69"
76,"1, 1, 1, 1, 1, 2, 2, 3, 3, 5, 16, 23, 29, 41, 53, 74"
77,"1, 1, 1, 1, 2, 4, 6, 10, 13, 16, 34, 43, 60, 64"
78,"1, 1, 1, 1, 2, 4, 5, 7, 8, 9, 13, 24, 48, 49, 83"
79,"1, 1, 1, 2, 2, 2, 2, 4, 4, 19, 23, 38, 42, 57, 58"
80,"1, 1, 1, 2, 2, 4, 8, 10, 11, 20, 24, 51, 53, 68"
81,"1, 1, 1, 1, 1, 2, 4, 8, 10, 12, 13, 21, 49, 50, 82"
82,"1, 1, 1, 2, 3, 3, 3, 5, 5, 13, 13, 31, 48, 55, 72"
83,"1, 1, 1, 1, 1, 2, 2, 2, 8, 9, 24, 45, 52, 53, 54"
84,"1, 1, 1, 1, 1, 2, 3, 3, 3, 9, 9, 16, 29, 43, 67, 67"
85,"1, 1, 1, 1, 1, 3, 3, 5, 5, 17, 19, 41, 41, 56, 61"
86,"1, 1, 1, 2, 3, 4, 9, 10, 11, 16, 30, 51, 51, 66"
87,"1, 1, 1, 1, 1, 2, 2, 2, 2, 6, 16, 26, 29, 38, 52, 76"
88,"1, 1, 1, 2, 4, 4, 4, 5, 18, 18, 28, 42, 56, 72"
89,"1, 1, 1, 1, 2, 4, 6, 8, 13, 18, 27, 50, 57, 67"
90,"1, 2, 2, 3, 6, 7, 11, 13, 14, 15, 48, 56, 78"
91,"1, 1, 1, 1, 3, 3, 9, 11, 19, 21, 25, 43, 50, 68"
92,"1, 1, 1, 2, 3, 5, 5, 11, 16, 19, 28, 30, 62, 72"
93,"1, 3, 3, 4, 7, 9, 15, 20, 28, 34, 62, 70"
94,"1, 1, 1, 1, 2, 3, 7, 9, 10, 25, 36, 52, 54, 54"
95,"1, 1, 1, 1, 2, 2, 3, 3, 3, 21, 24, 36, 44, 57, 57"
96,"1, 1, 1, 1, 1, 3, 3, 7, 7, 13, 19, 39, 43, 54, 63"
97,"1, 1, 1, 2, 3, 4, 8, 9, 10, 19, 42, 52, 52, 52"
98,"1, 1, 1, 1, 2, 3, 5, 6, 19, 21, 28, 40, 57, 71"
99,"1, 1, 1, 1, 2, 3, 4, 6, 7, 12, 13, 18, 45, 54, 88"
100,"1, 1, 2, 2, 3, 4, 5, 6, 12, 16, 28, 50, 54, 72"
101,"1, 1, 1, 2, 2, 2, 3, 5, 6, 13, 16, 32, 40, 62, 70"
102,"1, 1, 1, 1, 2, 3, 5, 6, 6, 13, 18, 18, 44, 50, 87"
103,"1, 1, 1, 1, 1, 2, 2, 2, 5, 7, 10, 13, 19, 47, 60, 84"
104,"1, 1, 1, 1, 1, 1, 2, 5, 9, 15, 27, 32, 35, 58, 67"
105,"1, 1, 1, 1, 2, 2, 2, 3, 3, 8, 12, 17, 22, 40, 53, 88"
106,"1, 1, 2, 2, 2, 6, 6, 21, 30, 32, 41, 56, 56"
107,"1, 1, 1, 1, 2, 2, 3, 7, 10, 11, 19, 21, 40, 51, 86"
108,"1, 1, 1, 1, 1, 2, 3, 3, 11, 14, 29, 32, 33, 58, 66"
109,"1, 1, 1, 1, 2, 3, 3, 5, 7, 16, 18, 27, 45, 54, 72"
110,"1, 1, 1, 3, 4, 5, 7, 8, 13, 15, 15, 24, 76, 83"
111,"1, 1, 1, 1, 3, 3, 3, 4, 10, 12, 19, 26, 35, 63, 74"
112,"1, 1, 1, 1, 1, 2, 5, 5, 6, 20, 20, 26, 41, 57, 69"
113,"1, 1, 1, 1, 2, 2, 3, 3, 5, 15, 20, 41, 42, 57, 62"
114,"1, 1, 1, 1, 1, 3, 4, 5, 10, 18, 21, 23, 43, 50, 74"
115,"1, 1, 1, 1, 1, 2, 3, 4, 5, 8, 13, 15, 19, 41, 57, 84"
116,"1, 1, 1, 1, 3, 6, 6, 9, 19, 20, 26, 41, 54, 68"
117,"1, 1, 3, 3, 4, 5, 6, 10, 19, 26, 55, 58, 65"
118,"1, 1, 1, 1, 2, 2, 3, 3, 6, 15, 24, 30, 40, 53, 74"
119,"1, 1, 1, 1, 1, 2, 3, 3, 5, 21, 25, 37, 42, 53, 60"
120,"1, 1, 1, 2, 2, 3, 3, 5, 7, 9, 16, 44, 53, 53, 56"
121,"1, 1, 1, 1, 2, 2, 2, 8, 11, 12, 14, 18, 48, 51, 84"
122,"1, 1, 1, 3, 3, 4, 15, 16, 21, 40, 44, 47, 60"
123,"1, 1, 1, 2, 2, 3, 4, 8, 15, 15, 28, 48, 58, 70"
124,"1, 1, 1, 1, 3, 3, 3, 3, 5, 12, 22, 41, 47, 55, 58"
125,"1, 1, 1, 1, 1, 1, 2, 2, 4, 4, 16, 18, 41, 44, 58, 61"
126,"1, 1, 2, 2, 3, 3, 3, 5, 5, 10, 15, 28, 50, 54, 74"
127,"1, 2, 2, 4, 4, 6, 10, 11, 12, 34, 50, 50, 70"
128,"1, 2, 2, 3, 4, 5, 12, 16, 21, 28, 42, 48, 72"
129,"1, 1, 1, 2, 2, 2, 6, 12, 16, 19, 30, 43, 49, 72"
130,"1, 1, 1, 2, 3, 4, 8, 10, 12, 18, 20, 41, 51, 84"
131,"1, 1, 1, 1, 2, 2, 3, 3, 3, 9, 10, 20, 25, 35, 68, 72"
132,"1, 1, 1, 4, 6, 8, 10, 10, 15, 22, 48, 54, 76"
133,"1, 1, 1, 1, 2, 3, 3, 6, 7, 11, 12, 37, 49, 50, 72"
134,"1, 1, 1, 1, 3, 3, 5, 5, 9, 10, 21, 24, 35, 68, 69"
135,"1, 1, 1, 1, 1, 2, 2, 4, 9, 15, 16, 30, 46, 53, 74"
136,"1, 1, 1, 1, 1, 7, 7, 9, 15, 15, 31, 40, 57, 70"
137,"1, 1, 1, 2, 2, 3, 8, 10, 11, 12, 19, 50, 60, 76"
138,"1, 1, 1, 1, 1, 3, 3, 7, 7, 16, 27, 35, 45, 54, 54"
139,"1, 1, 1, 2, 2, 2, 6, 8, 22, 30, 32, 40, 53, 56"
140,"1, 1, 1, 1, 4, 4, 5, 6, 12, 28, 30, 34, 56, 73"
141,"1, 1, 1, 2, 4, 4, 6, 7, 15, 16, 27, 46, 56, 70"
142,"1, 1, 1, 1, 1, 1, 1, 6, 10, 11, 27, 34, 51, 52, 58"
143,"1, 1, 1, 1, 3, 4, 11, 12, 13, 13, 20, 47, 49, 80"
144,"1, 1, 1, 1, 1, 3, 5, 7, 7, 14, 19, 28, 47, 49, 72"
145,"1, 1, 1, 2, 2, 2, 6, 6, 12, 28, 34, 50, 55, 56"
146,"1, 1, 2, 2, 3, 4, 4, 8, 10, 29, 32, 36, 58, 66"
147,"1, 1, 1, 2, 2, 3, 3, 4, 5, 6, 20, 41, 54, 56, 57"
148,"1, 1, 1, 1, 2, 2, 2, 7, 10, 18, 22, 22, 43, 56, 68"
149,"1, 1, 1, 1, 1, 1, 2, 3, 4, 6, 10, 29, 33, 36, 58, 69"
150,"1, 1, 2, 3, 4, 6, 7, 9, 20, 26, 43, 64, 70"
151,"1, 1, 1, 3, 6, 7, 13, 14, 20, 27, 34, 60, 69"
152,"1, 1, 1, 2, 2, 2, 3, 6, 12, 13, 15, 31, 45, 50, 72"
153,"1, 1, 2, 2, 2, 4, 6, 8, 21, 22, 24, 40, 54, 69"
154,"1, 1, 2, 2, 2, 3, 6, 9, 15, 22, 40, 46, 51, 56"
155,"1, 1, 1, 1, 2, 4, 5, 5, 10, 26, 34, 40, 57, 69"
156,"1, 1, 1, 2, 3, 5, 5, 9, 16, 18, 30, 44, 50, 71"
157,"1, 1, 2, 3, 6, 10, 18, 21, 36, 43, 57, 58"
158,"1, 1, 1, 2, 2, 4, 4, 10, 17, 23, 39, 44, 52, 56"
159,"1, 1, 1, 1, 3, 3, 11, 11, 11, 15, 31, 49, 52, 66"
160,"1, 1, 1, 2, 2, 6, 8, 8, 16, 19, 28, 44, 54, 66"
161,"1, 1, 1, 2, 3, 3, 3, 11, 13, 16, 16, 27, 77, 82"
162,"1, 1, 1, 1, 2, 2, 5, 5, 8, 15, 17, 31, 44, 53, 70"
163,"1, 1, 1, 1, 1, 1, 2, 2, 3, 7, 14, 26, 32, 35, 60, 69"
164,"1, 1, 1, 2, 3, 5, 5, 7, 18, 24, 27, 40, 54, 68"
165,"1, 1, 1, 1, 1, 1, 2, 3, 7, 10, 13, 13, 17, 24, 78, 83"
166,"1, 1, 1, 1, 1, 2, 2, 3, 6, 10, 11, 14, 19, 45, 51, 88"
167,"1, 1, 1, 1, 1, 2, 6, 6, 7, 17, 18, 27, 45, 56, 67"
168,"1, 1, 1, 2, 2, 3, 3, 5, 8, 11, 13, 36, 49, 49, 72"
169,"1, 1, 1, 2, 2, 2, 4, 5, 7, 9, 15, 30, 40, 63, 74"
170,"1, 1, 1, 1, 1, 1, 2, 3, 5, 7, 14, 17, 29, 47, 54, 72"
171,"1, 1, 1, 1, 3, 5, 5, 9, 19, 21, 28, 42, 51, 69"
172,"1, 1, 1, 2, 2, 2, 2, 4, 6, 13, 24, 37, 48, 56, 57"
173,"1, 1, 1, 2, 2, 3, 5, 5, 6, 12, 16, 29, 47, 56, 70"
174,"1, 1, 1, 2, 2, 2, 2, 2, 10, 16, 18, 29, 44, 50, 76"
175,"1, 1, 1, 1, 2, 2, 3, 5, 21, 23, 37, 45, 56, 58"
176,"1, 2, 2, 3, 4, 4, 6, 15, 20, 26, 45, 58, 70"
177,"1, 1, 1, 1, 1, 2, 3, 3, 3, 3, 16, 22, 29, 40, 56, 74"
178,"1, 2, 2, 2, 4, 6, 12, 13, 28, 32, 34, 58, 62"
179,"1, 1, 1, 1, 2, 5, 9, 11, 11, 14, 31, 52, 53, 64"
180,"1, 1, 1, 2, 2, 2, 2, 3, 6, 22, 23, 24, 43, 52, 72"
181,"1, 1, 1, 1, 1, 1, 2, 8, 13, 14, 18, 24, 37, 48, 86"
182,"1, 1, 1, 1, 1, 1, 1, 9, 11, 19, 22, 28, 36, 55, 69"
183,"1, 1, 1, 1, 3, 3, 4, 8, 12, 20, 27, 30, 61, 84"
184,"1, 1, 1, 1, 1, 2, 5, 5, 5, 6, 7, 15, 31, 38, 67, 70"
185,"1, 1, 1, 1, 1, 5, 8, 11, 11, 15, 24, 46, 52, 79"
186,"1, 1, 1, 1, 2, 3, 4, 6, 7, 14, 18, 29, 46, 54, 69"
187,"1, 1, 1, 1, 3, 3, 5, 7, 7, 8, 19, 25, 38, 65, 72"
188,"1, 1, 1, 1, 1, 1, 2, 3, 3, 5, 15, 22, 29, 44, 55, 72"
189,"1, 1, 1, 1, 1, 2, 5, 5, 6, 15, 18, 30, 47, 54, 69"
190,"1, 1, 1, 1, 1, 2, 5, 7, 7, 15, 18, 27, 47, 55, 68"
191,"1, 1, 1, 1, 7, 19, 23, 75, 128"
192,"1, 1, 1, 1, 4, 4, 5, 9, 15, 16, 32, 47, 48, 72"
193,"1, 1, 1, 2, 2, 3, 8, 12, 14, 21, 24, 48, 53, 66"
194,"1, 1, 1, 1, 2, 2, 3, 8, 8, 18, 21, 23, 43, 54, 70"
195,"1, 1, 1, 2, 3, 5, 6, 7, 17, 21, 24, 45, 55, 68"
196,"1, 1, 1, 1, 2, 2, 3, 5, 6, 17, 29, 34, 43, 55, 56"
197,"1, 1, 1, 2, 2, 2, 3, 5, 6, 16, 24, 36, 45, 56, 56"
198,"1, 1, 1, 1, 1, 2, 2, 3, 3, 5, 19, 22, 25, 43, 55, 72"
199,"1, 1, 1, 1, 1, 1, 2, 6, 11, 16, 29, 30, 34, 56, 66"
200,"1, 1, 1, 2, 3, 3, 10, 11, 15, 15, 15, 45, 52, 82"
201,"1, 1, 2, 2, 4, 6, 10, 13, 19, 28, 48, 56, 66"
202,"1, 1, 1, 3, 3, 4, 4, 9, 11, 27, 33, 36, 55, 68"
203,"1, 1, 1, 1, 2, 3, 4, 4, 10, 11, 13, 31, 36, 67, 71"
204,"1, 1, 1, 1, 2, 2, 2, 4, 8, 13, 28, 33, 49, 52, 59"
205,"1, 1, 1, 2, 2, 2, 7, 12, 18, 21, 27, 40, 56, 66"
206,"1, 1, 1, 1, 2, 3, 6, 8, 20, 21, 39, 40, 56, 57"
207,"1, 1, 1, 1, 2, 2, 2, 2, 2, 13, 23, 37, 49, 60, 60"
208,"1, 1, 1, 1, 2, 2, 7, 12, 18, 21, 27, 39, 58, 66"
209,"1, 1, 1, 1, 3, 3, 3, 13, 19, 21, 28, 42, 47, 73"
210,"1, 3, 3, 3, 9, 11, 13, 16, 32, 48, 51, 66"
211,"1, 1, 1, 2, 4, 4, 7, 8, 10, 16, 31, 38, 66, 67"
212,"1, 1, 1, 1, 1, 1, 1, 3, 7, 9, 11, 18, 35, 37, 59, 70"
213,"1, 1, 2, 2, 2, 2, 4, 8, 17, 24, 36, 46, 53, 58"
214,"1, 1, 1, 3, 3, 3, 3, 13, 14, 19, 42, 47, 48, 58"
215,"1, 1, 1, 1, 2, 5, 6, 6, 16, 27, 31, 42, 50, 67"
216,"1, 1, 1, 3, 3, 3, 5, 7, 13, 26, 31, 38, 52, 72"
217,"1, 1, 1, 1, 1, 4, 5, 10, 15, 17, 31, 42, 62, 65"
218,"1, 1, 1, 2, 2, 2, 2, 4, 8, 9, 26, 33, 37, 58, 70"
219,"1, 1, 1, 1, 2, 4, 5, 8, 9, 24, 37, 37, 60, 66"
220,"1, 1, 1, 1, 2, 2, 3, 7, 8, 11, 17, 44, 51, 53, 54"
221,"1, 1, 1, 2, 2, 6, 8, 10, 12, 14, 20, 46, 53, 80"
222,"1, 1, 1, 1, 2, 3, 4, 8, 8, 9, 21, 23, 37, 67, 70"
223,"1, 1, 1, 1, 2, 4, 4, 6, 8, 14, 20, 25, 47, 54, 68"
224,"1, 3, 3, 6, 10, 11, 12, 15, 20, 45, 50, 80"
225,"1, 1, 1, 2, 3, 4, 4, 4, 21, 25, 35, 42, 56, 57"
226,"1, 1, 1, 1, 1, 3, 3, 6, 11, 12, 15, 31, 36, 60, 74"
227,"1, 2, 2, 2, 3, 10, 11, 12, 19, 26, 50, 50, 68"
228,"1, 1, 1, 2, 3, 3, 3, 9, 19, 20, 39, 43, 54, 58"
229,"1, 1, 1, 2, 2, 3, 3, 5, 7, 19, 20, 25, 42, 55, 70"
230,"1, 1, 1, 1, 1, 2, 3, 5, 7, 13, 28, 33, 49, 54, 57"
231,"1, 1, 1, 1, 2, 2, 3, 5, 7, 7, 14, 34, 54, 54, 70"
232,"1, 1, 2, 3, 3, 4, 5, 15, 26, 40, 44, 48, 64"
233,"1, 1, 1, 1, 2, 4, 6, 8, 13, 18, 24, 50, 57, 70"
234,"1, 1, 1, 1, 1, 1, 2, 3, 7, 7, 12, 13, 24, 48, 49, 85"
235,"1, 1, 1, 1, 1, 3, 5, 7, 9, 10, 13, 34, 47, 52, 71"
236,"1, 1, 1, 2, 2, 4, 10, 12, 14, 16, 29, 48, 48, 68"
237,"1, 1, 1, 1, 2, 2, 2, 3, 3, 5, 10, 18, 28, 49, 59, 71"
238,"1, 1, 1, 1, 1, 2, 3, 7, 8, 15, 16, 32, 45, 54, 69"
239,"1, 1, 3, 3, 6, 7, 8, 17, 19, 25, 46, 54, 66"
240,"1, 1, 1, 3, 4, 4, 6, 11, 11, 20, 23, 35, 66, 70"
241,"1, 1, 1, 1, 1, 1, 3, 7, 11, 17, 18, 27, 43, 56, 68"
242,"1, 1, 1, 2, 2, 3, 4, 4, 4, 13, 14, 29, 50, 57, 71"
243,"1, 1, 1, 2, 3, 4, 4, 5, 5, 10, 17, 27, 50, 56, 70"
244,"1, 1, 1, 1, 1, 1, 3, 4, 5, 6, 8, 25, 37, 39, 56, 67"
245,"1, 1, 1, 1, 1, 5, 5, 5, 13, 26, 41, 42, 53, 61"
246,"1, 1, 1, 1, 1, 4, 4, 6, 9, 13, 20, 23, 33, 69, 70"
247,"1, 1, 1, 1, 2, 5, 6, 9, 9, 29, 34, 38, 54, 66"
248,"1, 1, 2, 2, 2, 4, 6, 6, 17, 28, 34, 43, 54, 56"
249,"1, 1, 1, 1, 2, 3, 5, 8, 16, 18, 31, 43, 54, 72"
250,"1, 1, 1, 1, 2, 2, 3, 3, 9, 18, 19, 36, 43, 57, 60"
251,"1, 1, 1, 1, 2, 2, 3, 7, 8, 11, 17, 19, 46, 51, 86"
252,"1, 1, 1, 1, 3, 5, 7, 13, 13, 16, 34, 46, 48, 67"
253,"1, 1, 1, 6, 22, 36, 89, 100"
254,"1, 1, 1, 2, 4, 4, 5, 9, 10, 16, 22, 26, 74, 81"
255,"1, 1, 1, 1, 1, 1, 5, 5, 7, 16, 17, 29, 46, 56, 69"
256,"1, 1, 1, 1, 2, 2, 3, 5, 8, 16, 25, 37, 44, 54, 56"
257,"1, 1, 2, 2, 2, 2, 2, 3, 5, 11, 16, 44, 52, 54, 59"
258,"1, 1, 2, 2, 2, 2, 2, 3, 3, 14, 23, 30, 45, 52, 74"
259,"1, 1, 1, 1, 2, 2, 2, 4, 7, 14, 20, 32, 42, 56, 71"
260,"1, 1, 1, 1, 2, 3, 3, 3, 8, 10, 15, 21, 47, 50, 90"
261,"1, 1, 1, 1, 1, 3, 4, 6, 7, 12, 19, 28, 47, 55, 70"
262,"1, 1, 1, 1, 2, 3, 3, 4, 8, 9, 20, 26, 28, 65, 84"
263,"1, 1, 1, 1, 2, 3, 4, 5, 8, 16, 16, 30, 45, 52, 71"
264,"1, 1, 2, 2, 3, 4, 6, 10, 11, 13, 32, 49, 50, 72"
265,"1, 1, 2, 5, 12, 13, 23, 39, 50, 110"
266,"1, 1, 1, 1, 2, 4, 6, 14, 15, 21, 25, 47, 56, 62"
267,"1, 1, 1, 1, 1, 2, 3, 3, 5, 17, 21, 29, 43, 56, 72"
268,"1, 1, 1, 1, 3, 4, 8, 11, 12, 21, 24, 38, 63, 68"
269,"1, 1, 1, 2, 2, 5, 5, 7, 16, 23, 29, 40, 54, 70"
270,"1, 1, 1, 1, 1, 2, 2, 3, 3, 6, 15, 17, 29, 47, 56, 71"
271,"1, 1, 1, 2, 4, 5, 6, 9, 12, 18, 20, 43, 52, 82"
272,"1, 1, 1, 2, 4, 6, 6, 7, 10, 19, 28, 38, 63, 70"
273,"1, 1, 1, 1, 2, 2, 2, 3, 6, 10, 28, 32, 50, 58, 59"
274,"1, 1, 1, 1, 1, 3, 3, 5, 5, 18, 29, 31, 44, 55, 58"
275,"1, 1, 1, 1, 2, 2, 3, 7, 7, 10, 19, 34, 39, 59, 70"
276,"1, 1, 1, 2, 2, 2, 4, 6, 18, 29, 34, 42, 56, 58"
277,"1, 1, 1, 2, 3, 3, 5, 7, 15, 21, 39, 46, 56, 56"
278,"1, 1, 3, 3, 5, 7, 7, 11, 15, 16, 28, 79, 80"
279,"1, 1, 1, 1, 2, 4, 6, 10, 10, 19, 44, 50, 53, 54"
280,"1, 2, 3, 3, 4, 7, 8, 9, 27, 32, 38, 54, 68"
281,"1, 1, 1, 2, 2, 3, 3, 5, 7, 9, 16, 28, 40, 65, 73"
282,"1, 1, 1, 1, 2, 2, 4, 4, 10, 14, 18, 43, 48, 49, 58"
283,"1, 1, 1, 1, 1, 2, 2, 3, 5, 7, 7, 11, 35, 54, 58, 67"
284,"1, 1, 1, 1, 2, 2, 5, 6, 11, 14, 16, 18, 43, 55, 80"
285,"1, 1, 1, 1, 1, 3, 5, 7, 11, 13, 16, 17, 46, 56, 77"
286,"1, 1, 1, 1, 2, 2, 4, 6, 6, 16, 23, 38, 45, 54, 56"
287,"1, 1, 1, 3, 6, 6, 9, 21, 21, 24, 42, 54, 67"
288,"1, 1, 1, 1, 2, 2, 2, 8, 8, 14, 16, 33, 38, 60, 69"
289,"1, 1, 1, 2, 6, 6, 7, 10, 22, 41, 48, 55, 56"
290,"1, 1, 2, 2, 2, 2, 4, 10, 10, 15, 38, 47, 50, 72"
291,"1, 1, 1, 2, 2, 5, 5, 8, 14, 17, 20, 42, 54, 84"
292,"1, 1, 1, 1, 2, 2, 3, 3, 3, 5, 11, 16, 28, 51, 55, 73"
293,"1, 1, 2, 2, 2, 2, 4, 12, 13, 16, 44, 49, 50, 58"
294,"1, 1, 1, 1, 2, 5, 7, 9, 10, 17, 36, 40, 61, 65"
295,"1, 1, 1, 1, 2, 3, 3, 5, 8, 18, 19, 25, 44, 53, 72"
296,"1, 1, 1, 1, 1, 2, 4, 9, 16, 17, 44, 44, 54, 61"
297,"1, 1, 1, 1, 1, 2, 5, 7, 9, 12, 18, 33, 40, 59, 66"
298,"1, 1, 1, 1, 2, 3, 4, 6, 7, 15, 20, 25, 47, 54, 69"
299,"1, 1, 1, 2, 2, 2, 3, 3, 4, 4, 12, 14, 30, 48, 57, 72"
300,"1, 1, 1, 1, 2, 3, 4, 11, 14, 17, 18, 46, 59, 78"
301,"1, 1, 1, 1, 2, 2, 2, 3, 4, 20, 26, 36, 42, 56, 59"
302,"1, 1, 1, 2, 4, 4, 6, 7, 10, 19, 28, 36, 67, 70"
303,"1, 1, 1, 4, 4, 4, 13, 14, 25, 34, 38, 56, 61"
304,"1, 1, 1, 1, 1, 1, 5, 7, 9, 14, 15, 31, 35, 64, 70"
305,"1, 1, 1, 2, 2, 3, 8, 9, 10, 18, 27, 50, 56, 68"
306,"1, 1, 1, 2, 2, 3, 8, 11, 11, 19, 34, 34, 59, 70"
307,"1, 1, 2, 2, 2, 3, 5, 8, 12, 17, 34, 38, 59, 72"
308,"1, 1, 1, 1, 2, 2, 2, 3, 5, 8, 10, 14, 31, 51, 54, 70"
309,"1, 1, 1, 1, 2, 4, 6, 6, 20, 21, 24, 42, 58, 69"
310,"1, 1, 1, 1, 2, 2, 9, 12, 15, 19, 28, 47, 52, 66"
311,"1, 1, 1, 1, 2, 2, 5, 7, 16, 30, 40, 42, 48, 60"
312,"1, 1, 2, 2, 2, 5, 9, 14, 27, 38, 44, 47, 64"
313,"1, 1, 1, 2, 3, 5, 7, 7, 9, 22, 24, 38, 66, 70"
314,"1, 1, 2, 2, 4, 5, 7, 7, 10, 18, 27, 38, 66, 68"
315,"1, 1, 1, 1, 1, 1, 2, 6, 9, 14, 26, 35, 48, 53, 57"
316,"1, 1, 1, 1, 2, 5, 8, 9, 11, 17, 29, 49, 52, 70"
317,"1, 1, 1, 1, 2, 4, 4, 8, 20, 21, 25, 43, 57, 68"
318,"1, 1, 1, 1, 1, 1, 1, 3, 5, 9, 9, 11, 35, 53, 57, 67"
319,"1, 1, 1, 1, 1, 1, 2, 2, 2, 7, 17, 24, 30, 38, 52, 76"
320,"1, 1, 1, 1, 3, 5, 7, 9, 15, 17, 29, 45, 54, 68"
321,"1, 1, 1, 1, 2, 2, 2, 2, 4, 6, 12, 15, 32, 41, 63, 71"
322,"1, 1, 2, 2, 2, 2, 6, 6, 16, 21, 29, 42, 56, 70"
323,"1, 1, 1, 1, 2, 2, 2, 3, 4, 5, 12, 17, 27, 48, 58, 72"
324,"1, 1, 1, 1, 1, 1, 2, 3, 5, 5, 7, 19, 42, 54, 56, 57"
325,"1, 1, 1, 1, 1, 2, 5, 9, 10, 12, 19, 27, 34, 66, 67"
326,"1, 1, 1, 2, 4, 4, 6, 6, 20, 22, 22, 42, 55, 70"
327,"1, 1, 1, 2, 2, 2, 3, 4, 7, 17, 20, 24, 46, 57, 69"
328,"1, 1, 1, 1, 1, 2, 3, 3, 5, 6, 10, 17, 29, 49, 55, 72"
329,"1, 1, 1, 1, 1, 1, 3, 5, 7, 18, 29, 31, 44, 55, 58"
330,"1, 1, 1, 1, 2, 2, 3, 9, 17, 20, 29, 46, 56, 68"
331,"1, 1, 2, 3, 3, 3, 5, 7, 9, 23, 36, 39, 58, 66"
332,"1, 1, 2, 3, 3, 5, 5, 7, 12, 18, 28, 47, 54, 70"
333,"1, 1, 1, 2, 2, 3, 4, 5, 6, 11, 17, 28, 50, 54, 71"
334,"1, 1, 1, 1, 1, 2, 3, 6, 9, 18, 21, 24, 43, 58, 67"
335,"1, 1, 2, 2, 3, 3, 6, 9, 9, 13, 34, 50, 51, 72"
336,"1, 1, 1, 1, 2, 2, 11, 12, 14, 18, 18, 44, 48, 83"
337,"1, 1, 1, 1, 3, 4, 4, 7, 16, 26, 30, 38, 52, 72"
338,"1, 1, 1, 1, 1, 1, 3, 4, 14, 14, 17, 45, 45, 48, 60"
339,"1, 1, 2, 2, 3, 3, 6, 10, 16, 17, 28, 44, 52, 71"
340,"1, 1, 1, 2, 3, 3, 5, 8, 18, 21, 38, 40, 56, 59"
341,"1, 1, 1, 1, 2, 4, 9, 12, 12, 14, 14, 49, 54, 82"
342,"1, 1, 1, 1, 2, 3, 4, 6, 15, 18, 28, 47, 59, 70"
343,"1, 1, 1, 2, 5, 6, 11, 20, 23, 27, 40, 55, 64"
344,"1, 1, 1, 2, 4, 5, 6, 7, 17, 18, 30, 43, 51, 70"
345,"1, 1, 1, 1, 2, 2, 3, 5, 9, 10, 22, 40, 50, 51, 58"
346,"1, 1, 1, 1, 3, 3, 5, 9, 15, 27, 36, 47, 50, 57"
347,"1, 1, 2, 2, 3, 5, 7, 7, 9, 18, 28, 38, 67, 68"
348,"1, 1, 1, 1, 2, 2, 6, 7, 15, 24, 37, 40, 57, 62"
349,"1, 1, 1, 2, 3, 5, 7, 9, 11, 21, 25, 38, 64, 68"
350,"1, 1, 1, 2, 3, 3, 6, 6, 19, 20, 26, 44, 56, 68"
351,"1, 1, 1, 1, 1, 3, 4, 5, 10, 11, 21, 25, 35, 65, 72"
352,"1, 1, 1, 2, 3, 5, 5, 7, 13, 26, 35, 49, 52, 56"
353,"1, 1, 1, 2, 2, 3, 6, 6, 7, 14, 15, 15, 46, 52, 85"
354,"1, 1, 1, 1, 2, 2, 3, 9, 9, 9, 13, 32, 51, 52, 70"
355,"1, 1, 1, 1, 1, 2, 2, 4, 11, 12, 20, 24, 26, 68, 82"
356,"1, 1, 1, 1, 1, 4, 4, 6, 10, 14, 21, 25, 47, 54, 66"
357,"1, 1, 1, 2, 2, 4, 8, 12, 13, 15, 34, 46, 48, 69"
358,"1, 1, 1, 2, 2, 5, 7, 7, 9, 24, 36, 38, 52, 71"
359,"1, 1, 1, 1, 1, 1, 2, 2, 8, 8, 9, 12, 21, 53, 53, 82"
360,"1, 1, 1, 2, 2, 4, 6, 8, 11, 20, 42, 52, 52, 54"
361,"1, 1, 1, 1, 2, 3, 5, 7, 9, 11, 21, 26, 33, 65, 70"
362,"1, 1, 1, 1, 1, 1, 2, 2, 3, 4, 4, 10, 14, 35, 43, 62, 71"
363,"1, 1, 1, 1, 1, 2, 2, 5, 8, 17, 19, 38, 42, 57, 61"
364,"1, 1, 2, 3, 5, 8, 13, 13, 15, 29, 46, 50, 70"
365,"1, 1, 1, 2, 3, 3, 7, 10, 16, 21, 26, 43, 52, 70"
366,"1, 1, 1, 2, 4, 4, 6, 19, 22, 36, 42, 58, 60"
367,"1, 1, 1, 3, 4, 6, 6, 8, 9, 13, 22, 47, 51, 84"
368,"1, 1, 1, 2, 2, 2, 6, 10, 13, 16, 30, 48, 48, 76"
369,"1, 1, 5, 6, 9, 10, 12, 15, 20, 26, 71, 80"
370,"1, 1, 1, 2, 2, 3, 4, 10, 17, 22, 25, 35, 43, 90"
371,"1, 1, 1, 2, 2, 4, 4, 10, 18, 24, 38, 43, 50, 58"
372,"1, 1, 1, 2, 2, 4, 6, 12, 15, 21, 30, 41, 50, 70"
373,"1, 1, 1, 1, 1, 1, 3, 6, 12, 14, 17, 45, 45, 48, 60"
374,"1, 1, 1, 2, 2, 2, 3, 5, 5, 8, 22, 39, 42, 54, 69"
375,"1, 1, 2, 3, 6, 7, 9, 14, 18, 29, 36, 60, 70"
376,"1, 1, 1, 1, 1, 2, 5, 7, 8, 11, 17, 30, 52, 56, 63"
377,"1, 1, 1, 2, 2, 2, 3, 4, 4, 15, 24, 32, 41, 50, 74"
378,"1, 1, 1, 3, 4, 4, 7, 13, 26, 37, 47, 56, 56"
379,"1, 1, 1, 1, 2, 2, 4, 8, 10, 12, 17, 28, 34, 67, 68"
380,"1, 1, 1, 2, 3, 5, 5, 5, 17, 19, 26, 42, 58, 71"
381,"1, 1, 1, 2, 2, 3, 6, 12, 12, 17, 19, 41, 57, 82"
382,"1, 1, 2, 2, 2, 5, 5, 8, 10, 11, 38, 50, 52, 69"
383,"1, 1, 1, 1, 1, 1, 4, 7, 10, 20, 23, 24, 41, 55, 66"
384,"1, 1, 1, 1, 2, 2, 3, 4, 7, 15, 25, 30, 37, 53, 74"
385,"1, 1, 1, 1, 1, 1, 2, 5, 6, 9, 12, 21, 25, 34, 65, 71"
386,"1, 1, 1, 1, 1, 2, 3, 3, 3, 5, 13, 16, 28, 49, 57, 72"
387,"1, 1, 1, 1, 1, 2, 4, 8, 9, 11, 14, 32, 51, 52, 68"
388,"1, 1, 2, 2, 4, 4, 5, 5, 15, 18, 28, 47, 52, 72"
389,"1, 2, 2, 2, 2, 3, 5, 10, 13, 18, 28, 40, 62, 68"
390,"1, 1, 3, 3, 3, 6, 13, 14, 21, 24, 34, 60, 73"
391,"1, 1, 1, 1, 1, 1, 1, 4, 5, 9, 10, 15, 16, 29, 80, 81"
392,"1, 1, 1, 2, 2, 4, 4, 5, 5, 11, 16, 29, 50, 55, 70"
393,"1, 1, 2, 2, 2, 3, 4, 8, 17, 20, 38, 42, 58, 58"
394,"1, 1, 2, 2, 2, 4, 12, 14, 28, 32, 34, 60, 64"
395,"1, 1, 1, 1, 1, 1, 1, 3, 3, 5, 21, 24, 26, 44, 52, 71"
396,"1, 1, 2, 3, 3, 9, 9, 11, 26, 36, 50, 52, 53"
397,"1, 1, 1, 1, 1, 1, 3, 4, 4, 5, 10, 16, 31, 49, 57, 71"
398,"1, 1, 1, 1, 1, 1, 2, 2, 5, 10, 14, 16, 30, 46, 51, 74"
399,"1, 1, 3, 5, 8, 8, 11, 21, 24, 42, 50, 82"
400,"1, 2, 2, 2, 3, 3, 6, 7, 11, 18, 26, 49, 56, 70"
401,"1, 1, 2, 2, 2, 3, 6, 9, 12, 19, 32, 44, 52, 71"
402,"1, 1, 1, 1, 2, 2, 3, 5, 9, 13, 16, 28, 53, 57, 64"
403,"1, 1, 1, 2, 2, 3, 6, 11, 12, 17, 33, 40, 59, 68"
404,"1, 1, 1, 1, 1, 1, 2, 4, 7, 8, 10, 14, 31, 52, 52, 70"
405,"1, 1, 1, 2, 3, 7, 7, 9, 13, 19, 26, 31, 66, 70"
406,"1, 1, 1, 2, 3, 4, 6, 7, 10, 23, 38, 40, 53, 67"
407,"1, 1, 2, 2, 2, 5, 7, 9, 10, 14, 32, 52, 52, 67"
408,"1, 1, 1, 1, 2, 3, 6, 7, 19, 21, 27, 41, 56, 70"
409,"1, 1, 1, 1, 1, 2, 3, 3, 3, 6, 12, 27, 33, 34, 57, 71"
410,"1, 1, 1, 2, 3, 5, 9, 9, 9, 18, 28, 37, 65, 68"
411,"1, 1, 1, 2, 3, 9, 10, 15, 27, 34, 48, 52, 53"
412,"1, 1, 2, 2, 2, 6, 6, 8, 15, 16, 29, 46, 54, 68"
413,"1, 1, 2, 3, 7, 7, 8, 11, 11, 24, 52, 53, 76"
414,"1, 1, 1, 1, 3, 4, 6, 8, 12, 14, 35, 42, 61, 67"
415,"1, 1, 1, 1, 1, 4, 4, 5, 6, 20, 20, 23, 42, 57, 70"
416,"1, 1, 1, 1, 2, 2, 3, 5, 8, 11, 16, 36, 38, 59, 72"
417,"1, 1, 1, 1, 2, 3, 3, 7, 11, 12, 13, 32, 50, 53, 66"
418,"1, 1, 1, 1, 2, 3, 3, 4, 5, 18, 27, 33, 44, 56, 57"
419,"1, 1, 1, 2, 2, 5, 6, 6, 7, 10, 10, 19, 50, 52, 84"
420,"1, 1, 1, 2, 2, 5, 10, 11, 12, 22, 24, 33, 64, 68"
421,"1, 1, 2, 2, 2, 4, 6, 10, 15, 16, 28, 47, 48, 74"
422,"1, 1, 1, 1, 2, 2, 2, 3, 6, 6, 10, 19, 24, 36, 70, 72"
423,"1, 1, 2, 2, 3, 6, 7, 8, 9, 15, 22, 46, 52, 82"
424,"1, 1, 1, 1, 3, 5, 7, 9, 13, 21, 26, 49, 53, 66"
425,"1, 1, 1, 1, 2, 3, 5, 7, 9, 13, 15, 18, 45, 49, 86"
426,"1, 1, 1, 1, 2, 2, 4, 4, 8, 8, 14, 29, 54, 54, 73"
427,"1, 1, 1, 1, 4, 4, 4, 8, 17, 25, 38, 45, 51, 56"
428,"1, 1, 1, 1, 2, 2, 3, 3, 6, 17, 21, 27, 40, 56, 75"
429,"1, 1, 1, 1, 1, 1, 2, 5, 5, 5, 18, 20, 26, 43, 57, 69"
430,"1, 1, 1, 1, 2, 3, 9, 11, 16, 19, 29, 38, 59, 66"
431,"1, 1, 1, 1, 1, 1, 1, 2, 7, 7, 7, 21, 40, 55, 55, 55"
432,"1, 1, 2, 3, 3, 4, 4, 9, 15, 17, 27, 46, 52, 72"
433,"1, 1, 1, 1, 1, 3, 5, 7, 9, 9, 15, 32, 53, 53, 65"
434,"1, 1, 1, 1, 1, 2, 5, 5, 9, 19, 21, 28, 39, 54, 69"
435,"1, 1, 2, 2, 2, 3, 3, 7, 19, 29, 32, 42, 54, 59"
436,"1, 1, 1, 1, 1, 1, 2, 4, 5, 5, 10, 13, 33, 51, 58, 69"
437,"1, 1, 1, 3, 5, 7, 11, 13, 14, 34, 45, 52, 69"
438,"1, 1, 1, 1, 3, 4, 8, 11, 18, 20, 29, 41, 50, 68"
439,"1, 1, 1, 2, 3, 4, 7, 8, 18, 20, 24, 43, 54, 70"
440,"1, 1, 1, 1, 3, 5, 6, 9, 9, 11, 25, 52, 52, 80"
441,"1, 1, 1, 2, 2, 4, 6, 7, 13, 16, 30, 46, 55, 72"
442,"1, 1, 1, 1, 2, 2, 2, 2, 3, 3, 8, 21, 27, 29, 61, 92"
443,"1, 1, 1, 1, 1, 1, 2, 6, 9, 14, 26, 36, 47, 53, 57"
444,"1, 1, 1, 2, 2, 2, 6, 10, 12, 20, 40, 50, 51, 58"
445,"1, 1, 1, 1, 2, 2, 4, 10, 10, 18, 44, 52, 52, 58"
446,"1, 1, 2, 2, 3, 3, 8, 9, 14, 18, 20, 38, 51, 86"
447,"1, 1, 1, 1, 2, 2, 2, 5, 7, 15, 24, 39, 45, 52, 59"
448,"1, 1, 2, 2, 3, 6, 10, 11, 20, 44, 48, 52, 56"
449,"1, 1, 1, 2, 4, 5, 7, 8, 13, 17, 28, 49, 52, 68"
450,"1, 2, 2, 3, 3, 6, 7, 14, 21, 31, 40, 56, 70"
451,"1, 1, 1, 2, 2, 6, 8, 10, 11, 14, 31, 52, 54, 63"
452,"1, 2, 2, 3, 5, 7, 9, 13, 14, 32, 48, 50, 70"
453,"1, 1, 1, 1, 1, 3, 5, 5, 13, 13, 17, 29, 33, 61, 72"
454,"1, 1, 2, 2, 6, 8, 13, 14, 19, 26, 34, 60, 70"
455,"1, 1, 1, 1, 1, 1, 3, 5, 7, 7, 8, 16, 23, 45, 52, 84"
456,"1, 1, 1, 1, 2, 5, 6, 8, 11, 15, 32, 52, 54, 67"
457,"1, 1, 1, 1, 2, 3, 3, 5, 7, 13, 21, 39, 48, 55, 56"
458,"1, 1, 1, 2, 2, 3, 3, 5, 8, 11, 16, 33, 38, 60, 72"
459,"1, 1, 1, 1, 1, 3, 3, 4, 5, 18, 28, 32, 43, 57, 58"
460,"1, 1, 1, 1, 1, 1, 2, 4, 4, 8, 13, 19, 27, 33, 67, 73"
461,"1, 1, 2, 2, 2, 5, 5, 6, 11, 26, 34, 51, 54, 56"
462,"1, 1, 2, 3, 5, 9, 11, 13, 13, 34, 48, 50, 66"
463,"1, 1, 1, 2, 2, 4, 4, 4, 4, 12, 22, 38, 49, 56, 56"
464,"1, 1, 1, 1, 1, 2, 2, 5, 5, 6, 12, 15, 31, 48, 55, 70"
465,"1, 1, 1, 1, 1, 1, 3, 3, 5, 8, 9, 17, 45, 51, 53, 56"
466,"1, 1, 1, 1, 2, 4, 6, 12, 12, 18, 20, 42, 59, 77"
467,"1, 1, 1, 1, 1, 1, 1, 1, 3, 9, 10, 29, 34, 35, 59, 69"
468,"1, 1, 1, 1, 1, 1, 2, 3, 4, 5, 16, 22, 22, 45, 60, 71"
469,"1, 1, 1, 1, 2, 3, 4, 5, 6, 15, 17, 30, 44, 56, 70"
470,"1, 1, 1, 1, 2, 3, 3, 4, 4, 20, 23, 24, 44, 51, 74"
471,"1, 1, 1, 1, 1, 2, 3, 5, 9, 13, 19, 25, 50, 56, 69"
472,"1, 1, 1, 2, 2, 2, 4, 5, 11, 12, 14, 16, 48, 57, 80"
473,"1, 1, 1, 2, 4, 4, 8, 11, 12, 12, 33, 48, 51, 68"
474,"1, 1, 1, 1, 2, 2, 2, 3, 3, 6, 9, 12, 33, 54, 56, 70"
475,"1, 1, 1, 1, 1, 2, 5, 5, 9, 12, 13, 32, 41, 66, 66"
476,"1, 1, 1, 2, 2, 4, 5, 13, 14, 18, 28, 42, 62, 63"
477,"1, 1, 1, 1, 1, 2, 3, 7, 9, 12, 19, 22, 40, 53, 84"
478,"1, 1, 1, 1, 2, 3, 6, 10, 11, 13, 34, 49, 52, 72"
479,"1, 1, 1, 1, 2, 2, 3, 6, 9, 13, 18, 32, 40, 60, 67"
480,"1, 1, 2, 2, 3, 3, 7, 7, 13, 20, 26, 48, 54, 69"
481,"1, 1, 1, 1, 1, 1, 2, 3, 5, 11, 14, 21, 26, 30, 67, 71"
482,"1, 1, 1, 1, 2, 3, 9, 9, 11, 22, 23, 52, 53, 68"
483,"1, 1, 1, 5, 7, 9, 9, 13, 17, 18, 22, 71, 82"
484,"1, 1, 1, 2, 2, 2, 3, 9, 18, 26, 36, 44, 52, 59"
485,"1, 1, 1, 1, 1, 2, 2, 2, 3, 9, 15, 18, 27, 47, 51, 75"
486,"1, 1, 2, 3, 4, 5, 10, 20, 20, 24, 42, 56, 68"
487,"1, 1, 1, 1, 1, 2, 4, 9, 9, 10, 14, 31, 53, 53, 66"
488,"1, 1, 1, 1, 1, 4, 5, 5, 8, 13, 15, 18, 46, 53, 84"
489,"1, 1, 2, 2, 5, 5, 5, 7, 11, 16, 29, 50, 52, 70"
490,"1, 1, 1, 1, 3, 4, 5, 8, 19, 25, 37, 44, 51, 56"
491,"1, 1, 1, 1, 3, 4, 6, 7, 13, 30, 31, 34, 53, 71"
492,"1, 1, 1, 2, 3, 4, 8, 10, 14, 17, 28, 36, 61, 70"
493,"1, 1, 1, 2, 3, 3, 3, 3, 3, 15, 15, 29, 48, 57, 72"
494,"1, 1, 1, 1, 2, 2, 2, 3, 3, 6, 19, 20, 26, 41, 55, 73"
495,"1, 1, 1, 3, 5, 9, 11, 13, 20, 28, 35, 62, 67"
496,"1, 1, 1, 1, 4, 6, 6, 11, 12, 19, 28, 35, 61, 70"
497,"1, 1, 1, 1, 1, 1, 2, 3, 7, 8, 9, 15, 32, 52, 54, 68"
498,"1, 1, 1, 2, 3, 4, 7, 12, 13, 14, 32, 47, 49, 70"
499,"1, 1, 1, 2, 3, 5, 7, 9, 16, 22, 23, 46, 52, 68"
500,"1, 1, 1, 1, 2, 2, 3, 5, 10, 18, 21, 26, 42, 52, 71"
501,"1, 1, 1, 3, 4, 5, 8, 20, 22, 38, 40, 56, 57"
502,"1, 1, 1, 1, 2, 3, 4, 6, 7, 15, 20, 25, 47, 54, 69"
503,"1, 1, 1, 1, 1, 2, 2, 8, 12, 14, 18, 33, 44, 49, 69"
504,"1, 2, 2, 2, 3, 3, 7, 11, 13, 14, 14, 48, 54, 82"
505,"1, 1, 1, 1, 1, 2, 4, 6, 7, 12, 22, 25, 39, 65, 69"
506,"1, 1, 1, 1, 1, 2, 3, 7, 7, 11, 21, 38, 51, 55, 56"
507,"1, 1, 1, 1, 2, 2, 6, 8, 18, 22, 39, 40, 56, 59"
508,"1, 1, 1, 1, 1, 2, 2, 2, 7, 8, 10, 18, 27, 51, 54, 70"
509,"1, 1, 1, 1, 2, 2, 4, 4, 6, 11, 20, 23, 35, 71, 74"
510,"1, 1, 1, 1, 1, 3, 3, 5, 9, 13, 13, 33, 41, 63, 68"
511,"1, 1, 1, 1, 3, 3, 4, 15, 15, 16, 16, 28, 75, 77"
512,"1, 1, 1, 2, 2, 2, 5, 6, 9, 9, 18, 26, 37, 66, 71"
513,"1, 1, 1, 2, 2, 2, 4, 6, 10, 11, 14, 30, 35, 68, 69"
514,"1, 1, 1, 1, 2, 2, 3, 5, 10, 18, 21, 26, 42, 52, 71"
515,"1, 1, 1, 2, 2, 3, 4, 5, 8, 10, 15, 19, 47, 52, 86"
516,"1, 1, 2, 2, 3, 8, 44, 85, 110"
517,"1, 1, 2, 3, 3, 3, 5, 5, 13, 25, 31, 40, 52, 72"
518,"1, 1, 2, 2, 2, 4, 6, 22, 24, 24, 42, 54, 72"
519,"1, 1, 1, 2, 3, 4, 6, 6, 11, 11, 36, 50, 54, 70"
520,"1, 1, 1, 3, 4, 9, 13, 16, 17, 33, 44, 46, 68"
521,"1, 1, 1, 2, 2, 2, 2, 4, 10, 11, 11, 34, 51, 52, 72"
522,"1, 1, 1, 1, 1, 4, 5, 8, 9, 12, 19, 27, 34, 65, 68"
523,"1, 1, 1, 1, 1, 2, 3, 4, 6, 12, 23, 36, 50, 56, 59"
524,"1, 1, 1, 2, 3, 5, 7, 10, 13, 15, 21, 42, 52, 83"
525,"1, 1, 1, 1, 1, 1, 2, 3, 3, 5, 17, 22, 30, 43, 54, 71"
526,"1, 1, 1, 1, 2, 3, 3, 4, 5, 20, 25, 37, 40, 56, 57"
527,"1, 1, 1, 2, 2, 3, 3, 5, 7, 13, 20, 25, 48, 55, 70"
528,"1, 1, 1, 2, 2, 2, 3, 4, 4, 7, 20, 40, 41, 58, 70"
529,"1, 1, 1, 1, 1, 1, 2, 6, 12, 16, 17, 29, 41, 61, 66"
530,"1, 2, 2, 2, 2, 3, 4, 7, 15, 28, 30, 34, 58, 68"
531,"1, 1, 1, 1, 1, 2, 3, 4, 4, 5, 7, 8, 27, 52, 56, 83"
532,"1, 1, 1, 1, 1, 3, 5, 5, 5, 11, 13, 34, 42, 63, 70"
533,"1, 1, 1, 1, 2, 3, 5, 6, 8, 14, 16, 18, 44, 49, 87"
534,"1, 1, 3, 5, 19, 30, 93, 104"
535,"1, 2, 2, 2, 3, 4, 6, 6, 13, 17, 26, 48, 56, 70"
536,"1, 1, 1, 1, 1, 1, 2, 2, 4, 4, 17, 18, 29, 45, 58, 71"
537,"1, 1, 1, 1, 1, 1, 3, 3, 6, 8, 14, 17, 29, 47, 57, 66"
538,"1, 1, 1, 2, 2, 2, 3, 4, 9, 10, 17, 45, 49, 52, 58"
539,"1, 2, 7, 17, 35, 92, 102"
540,"1, 2, 2, 2, 4, 6, 8, 14, 19, 32, 44, 54, 68"
541,"1, 1, 1, 1, 1, 2, 4, 4, 9, 12, 28, 32, 33, 57, 70"
542,"1, 1, 1, 1, 2, 4, 4, 7, 19, 22, 37, 40, 57, 60"
543,"1, 1, 1, 1, 1, 2, 2, 3, 11, 13, 22, 39, 49, 52, 58"
544,"1, 1, 1, 2, 2, 3, 8, 9, 10, 16, 29, 51, 54, 69"
545,"1, 1, 1, 2, 3, 4, 7, 8, 17, 18, 27, 46, 54, 67"
546,"1, 1, 1, 2, 2, 2, 6, 12, 13, 17, 44, 49, 50, 56"
547,"1, 1, 1, 1, 2, 2, 4, 4, 21, 23, 38, 44, 56, 58"
548,"1, 1, 1, 2, 3, 3, 4, 9, 15, 21, 39, 46, 51, 60"
549,"1, 1, 1, 1, 2, 2, 8, 8, 12, 26, 35, 49, 54, 56"
550,"1, 1, 1, 1, 3, 6, 9, 12, 13, 17, 17, 45, 52, 78"
551,"1, 1, 1, 1, 2, 3, 4, 4, 8, 13, 17, 29, 47, 54, 71"
552,"1, 1, 1, 2, 4, 4, 5, 6, 8, 30, 32, 41, 51, 70"
553,"1, 1, 2, 2, 3, 8, 8, 20, 28, 33, 42, 54, 54"
554,"1, 1, 1, 2, 2, 4, 4, 5, 5, 11, 16, 28, 51, 56, 69"
555,"1, 1, 1, 1, 1, 2, 2, 4, 7, 17, 28, 32, 45, 56, 58"
556,"1, 1, 2, 2, 4, 5, 7, 8, 8, 15, 24, 44, 52, 83"
557,"1, 1, 1, 1, 1, 2, 2, 2, 6, 7, 13, 16, 28, 48, 56, 71"
558,"1, 1, 1, 2, 2, 4, 4, 5, 5, 7, 17, 28, 40, 69, 70"
559,"1, 1, 2, 2, 3, 3, 7, 10, 15, 17, 30, 44, 51, 70"
560,"1, 1, 2, 3, 4, 8, 11, 13, 14, 23, 48, 50, 78"
561,"1, 1, 1, 1, 1, 2, 3, 4, 9, 18, 25, 37, 44, 51, 58"
562,"1, 1, 1, 1, 3, 3, 4, 11, 13, 13, 46, 50, 50, 59"
563,"1, 1, 1, 1, 1, 2, 2, 9, 10, 14, 16, 22, 44, 47, 85"
564,"1, 1, 1, 1, 1, 2, 2, 2, 6, 7, 11, 19, 34, 39, 57, 72"
565,"1, 1, 1, 2, 3, 4, 6, 7, 14, 24, 38, 47, 54, 54"
566,"1, 1, 1, 1, 1, 1, 2, 4, 5, 5, 13, 14, 33, 47, 57, 70"
567,"1, 1, 1, 1, 1, 1, 1, 1, 2, 5, 7, 18, 21, 25, 42, 55, 73"
568,"1, 1, 1, 1, 4, 4, 5, 11, 12, 17, 26, 36, 64, 73"
569,"1, 1, 1, 1, 1, 1, 2, 3, 7, 8, 8, 11, 37, 51, 53, 70"
570,"1, 2, 3, 4, 5, 5, 8, 13, 19, 26, 48, 52, 70"
571,"1, 1, 1, 3, 3, 3, 9, 9, 12, 15, 19, 45, 51, 84"
572,"1, 1, 1, 2, 2, 3, 6, 7, 15, 21, 39, 40, 56, 62"
573,"1, 1, 1, 2, 2, 3, 10, 14, 14, 15, 17, 48, 52, 76"
574,"1, 1, 1, 1, 2, 3, 4, 6, 12, 18, 30, 50, 59, 68"
575,"1, 1, 1, 2, 2, 4, 6, 6, 12, 24, 30, 33, 54, 80"
576,"1, 2, 2, 2, 4, 6, 6, 19, 24, 36, 40, 56, 58"
577,"1, 1, 1, 1, 1, 1, 3, 3, 7, 9, 9, 19, 27, 37, 66, 70"
578,"1, 1, 1, 3, 3, 3, 3, 9, 9, 25, 42, 51, 52, 53"
579,"1, 1, 1, 1, 1, 1, 2, 3, 4, 7, 13, 14, 29, 49, 54, 75"
580,"1, 1, 1, 1, 2, 5, 6, 7, 8, 9, 12, 21, 48, 50, 84"
581,"1, 1, 1, 1, 2, 2, 3, 4, 7, 12, 13, 37, 49, 50, 73"
582,"1, 1, 1, 2, 2, 3, 8, 9, 13, 15, 32, 49, 50, 70"
583,"1, 1, 1, 3, 3, 5, 5, 9, 11, 17, 29, 49, 50, 72"
584,"1, 1, 1, 1, 1, 1, 2, 4, 4, 5, 9, 18, 22, 43, 55, 88"
585,"1, 1, 1, 2, 3, 5, 5, 6, 11, 23, 39, 49, 54, 56"
586,"1, 1, 1, 1, 3, 5, 5, 7, 17, 19, 29, 42, 57, 68"
587,"1, 1, 1, 1, 1, 3, 3, 7, 7, 10, 16, 31, 49, 60, 65"
588,"1, 1, 2, 4, 6, 6, 8, 9, 22, 38, 40, 51, 68"
589,"1, 1, 2, 2, 2, 2, 3, 4, 4, 15, 21, 24, 45, 58, 72"
590,"1, 1, 1, 1, 1, 1, 2, 3, 4, 8, 12, 16, 33, 44, 60, 68"
591,"1, 1, 1, 1, 1, 1, 1, 2, 3, 5, 7, 10, 16, 20, 45, 52, 89"
592,"1, 1, 2, 2, 4, 4, 4, 5, 19, 21, 22, 42, 57, 72"
593,"1, 1, 1, 1, 2, 2, 3, 8, 10, 12, 19, 25, 38, 66, 67"
594,"1, 1, 1, 1, 3, 3, 5, 11, 13, 19, 27, 33, 64, 74"
595,"1, 1, 1, 1, 3, 4, 5, 13, 14, 16, 33, 46, 46, 72"
596,"1, 1, 1, 1, 2, 2, 4, 4, 5, 16, 18, 42, 44, 55, 60"
597,"1, 1, 1, 1, 1, 2, 3, 3, 7, 20, 30, 32, 42, 53, 59"
598,"1, 1, 1, 1, 1, 2, 2, 2, 6, 7, 9, 12, 19, 55, 56, 81"
599,"1, 1, 1, 1, 1, 1, 2, 3, 4, 5, 13, 16, 19, 41, 57, 90"
600,"1, 1, 1, 2, 2, 2, 3, 3, 3, 5, 13, 14, 30, 47, 55, 74"
601,"1, 1, 1, 1, 2, 2, 3, 5, 8, 13, 19, 26, 48, 56, 70"
602,"1, 1, 1, 1, 2, 2, 10, 10, 14, 21, 26, 47, 54, 66"
603,"1, 1, 1, 2, 2, 3, 3, 4, 6, 17, 22, 22, 43, 56, 73"
604,"1, 1, 1, 1, 2, 4, 6, 6, 6, 10, 17, 21, 44, 51, 85"
605,"1, 1, 1, 1, 3, 5, 7, 9, 18, 19, 28, 44, 51, 68"
606,"1, 1, 1, 1, 1, 2, 4, 5, 8, 17, 19, 36, 43, 58, 59"
607,"1, 1, 1, 2, 2, 3, 9, 11, 13, 16, 30, 48, 51, 68"
608,"1, 1, 1, 1, 2, 2, 2, 3, 4, 13, 18, 43, 43, 59, 63"
609,"1, 1, 1, 1, 2, 3, 4, 8, 9, 9, 11, 34, 52, 53, 67"
610,"1, 1, 2, 2, 3, 6, 6, 6, 14, 19, 26, 46, 56, 68"
611,"1, 1, 1, 2, 5, 6, 6, 17, 18, 42, 42, 56, 59"
612,"1, 1, 1, 1, 1, 1, 2, 4, 4, 4, 15, 17, 30, 46, 56, 72"
613,"1, 1, 1, 3, 3, 3, 3, 9, 13, 23, 39, 47, 52, 58"
614,"1, 1, 1, 1, 2, 3, 5, 5, 7, 7, 19, 28, 40, 68, 68"
615,"1, 1, 1, 1, 2, 5, 6, 9, 13, 22, 22, 34, 66, 73"
616,"1, 1, 1, 2, 2, 3, 3, 7, 7, 11, 20, 24, 36, 69, 69"
617,"1, 1, 1, 1, 1, 1, 2, 6, 8, 14, 14, 33, 47, 53, 73"
618,"1, 1, 1, 1, 1, 2, 5, 5, 9, 11, 18, 43, 51, 53, 54"
619,"1, 1, 2, 3, 3, 4, 8, 9, 9, 20, 25, 35, 68, 68"
620,"1, 1, 3, 7, 18, 25, 73, 128"
621,"1, 1, 1, 2, 3, 4, 7, 8, 15, 21, 26, 46, 51, 70"
622,"1, 1, 1, 1, 1, 2, 2, 2, 4, 4, 14, 14, 33, 41, 62, 73"
623,"1, 1, 1, 1, 1, 4, 7, 9, 10, 22, 23, 25, 70, 81"
624,"1, 1, 1, 1, 1, 2, 5, 9, 10, 19, 36, 37, 59, 74"
625,"1, 1, 1, 2, 2, 3, 3, 7, 7, 16, 18, 26, 45, 54, 70"
626,"1, 1, 1, 2, 3, 5, 7, 7, 15, 16, 30, 47, 54, 67"
627,"1, 1, 1, 1, 2, 2, 6, 6, 8, 10, 20, 20, 42, 55, 81"
628,"1, 1, 1, 1, 1, 2, 2, 6, 9, 10, 23, 23, 36, 70, 70"
629,"1, 1, 1, 1, 1, 1, 1, 3, 5, 7, 9, 21, 40, 53, 54, 57"
630,"1, 1, 1, 1, 3, 4, 7, 11, 13, 17, 26, 34, 66, 71"
631,"1, 1, 1, 1, 1, 1, 3, 4, 6, 7, 9, 15, 31, 39, 67, 69"
632,"1, 1, 1, 1, 3, 4, 8, 10, 11, 17, 27, 51, 56, 65"
633,"1, 1, 1, 1, 4, 4, 4, 10, 12, 16, 31, 36, 64, 71"
634,"1, 1, 1, 1, 2, 2, 3, 4, 7, 9, 20, 39, 54, 55, 57"
635,"1, 1, 1, 1, 1, 1, 2, 2, 4, 5, 20, 25, 28, 41, 50, 73"
636,"1, 1, 1, 1, 2, 3, 4, 4, 13, 13, 15, 30, 33, 64, 71"
637,"1, 1, 1, 3, 4, 4, 8, 9, 10, 13, 31, 50, 53, 68"
638,"1, 1, 1, 1, 5, 5, 6, 7, 13, 14, 29, 48, 57, 68"
639,"1, 1, 1, 1, 1, 1, 2, 5, 6, 8, 12, 16, 16, 45, 58, 82"
640,"1, 1, 1, 1, 1, 1, 2, 2, 5, 8, 14, 19, 33, 41, 57, 69"
641,"1, 1, 2, 2, 2, 2, 2, 2, 9, 10, 16, 44, 52, 52, 59"
642,"1, 1, 1, 2, 3, 3, 7, 11, 11, 14, 23, 48, 49, 82"
643,"1, 1, 2, 3, 4, 4, 4, 20, 26, 36, 44, 55, 56"
644,"1, 1, 1, 1, 3, 5, 7, 9, 13, 17, 30, 40, 61, 67"
645,"1, 2, 3, 4, 10, 12, 15, 15, 28, 48, 54, 64"
646,"1, 1, 1, 1, 3, 6, 12, 13, 22, 40, 47, 109"
647,"1, 1, 1, 1, 1, 2, 4, 7, 19, 30, 32, 42, 55, 60"
648,"1, 1, 2, 2, 3, 3, 3, 4, 17, 18, 26, 41, 59, 76"
649,"1, 1, 1, 2, 4, 5, 8, 20, 24, 25, 42, 54, 69"
650,"1, 1, 2, 3, 4, 4, 5, 15, 15, 40, 44, 58, 64"
651,"1, 1, 1, 1, 2, 2, 6, 6, 8, 15, 16, 16, 45, 56, 80"
652,"1, 1, 1, 1, 3, 4, 5, 16, 16, 16, 30, 31, 59, 72"
653,"1, 1, 1, 1, 1, 2, 2, 4, 6, 6, 14, 15, 18, 43, 55, 86"
654,"1, 1, 1, 1, 2, 4, 8, 9, 9, 26, 33, 53, 54, 54"
655,"1, 1, 1, 1, 2, 2, 4, 4, 4, 13, 16, 41, 47, 55, 64"
656,"1, 1, 1, 2, 3, 5, 7, 9, 11, 13, 36, 50, 50, 67"
657,"1, 1, 2, 3, 3, 3, 5, 5, 13, 22, 37, 49, 56, 56"
658,"1, 1, 1, 3, 3, 5, 5, 5, 16, 25, 35, 46, 54, 56"
659,"1, 1, 2, 2, 2, 2, 8, 9, 14, 18, 27, 38, 64, 68"
660,"1, 1, 1, 1, 2, 3, 5, 5, 9, 10, 13, 34, 51, 52, 68"
661,"1, 1, 1, 1, 2, 3, 5, 5, 5, 13, 16, 29, 48, 56, 70"
662,"1, 1, 1, 2, 2, 2, 2, 3, 5, 16, 22, 28, 45, 54, 72"
663,"1, 4, 5, 15, 43, 92, 96"
664,"1, 1, 1, 1, 2, 2, 2, 3, 3, 13, 17, 44, 45, 59, 62"
665,"1, 1, 1, 3, 3, 5, 5, 7, 13, 14, 33, 47, 53, 70"
666,"1, 1, 1, 1, 4, 4, 5, 7, 13, 27, 31, 34, 56, 71"
667,"1, 1, 3, 3, 5, 7, 9, 11, 21, 26, 37, 66, 66"
668,"1, 1, 1, 1, 1, 1, 2, 3, 5, 6, 20, 20, 25, 41, 57, 71"
669,"1, 1, 2, 3, 3, 7, 8, 14, 20, 38, 47, 54, 58"
670,"1, 1, 1, 1, 2, 2, 3, 3, 4, 18, 21, 29, 42, 55, 73"
671,"1, 1, 1, 2, 2, 3, 4, 5, 7, 10, 12, 33, 50, 54, 71"
672,"1, 1, 2, 3, 4, 4, 5, 6, 14, 16, 28, 46, 56, 70"
673,"1, 1, 1, 2, 2, 2, 3, 4, 21, 21, 39, 44, 56, 59"
674,"1, 1, 1, 2, 2, 5, 7, 8, 13, 16, 31, 48, 53, 68"
675,"1, 1, 1, 1, 1, 1, 2, 3, 5, 6, 10, 29, 31, 36, 58, 70"
676,"1, 1, 1, 2, 3, 5, 7, 7, 8, 11, 23, 52, 53, 82"
677,"1, 1, 1, 2, 2, 3, 7, 10, 14, 21, 31, 36, 58, 69"
678,"1, 1, 1, 1, 1, 2, 2, 3, 11, 15, 16, 44, 48, 50, 60"
679,"1, 1, 1, 1, 2, 2, 2, 4, 5, 15, 19, 40, 43, 58, 62"
680,"1, 1, 1, 1, 1, 2, 7, 8, 17, 20, 38, 43, 56, 60"
681,"1, 1, 1, 4, 6, 14, 14, 23, 39, 45, 108"
682,"1, 1, 1, 2, 2, 2, 12, 12, 13, 18, 27, 49, 50, 66"
683,"1, 1, 1, 1, 2, 2, 2, 2, 4, 6, 14, 16, 28, 48, 53, 75"
684,"1, 1, 1, 1, 2, 2, 3, 3, 3, 19, 20, 39, 44, 57, 60"
685,"1, 1, 1, 1, 1, 1, 2, 3, 7, 9, 9, 17, 20, 43, 54, 86"
686,"1, 1, 2, 2, 3, 4, 5, 6, 20, 20, 26, 40, 56, 70"
687,"1, 1, 1, 1, 2, 2, 2, 7, 8, 10, 29, 32, 36, 52, 72"
688,"1, 1, 1, 2, 4, 6, 6, 18, 28, 30, 43, 58, 58"
689,"1, 1, 1, 2, 3, 5, 7, 9, 16, 19, 28, 44, 52, 68"
690,"1, 1, 1, 2, 2, 5, 7, 11, 14, 15, 18, 44, 58, 77"
691,"1, 1, 1, 2, 2, 2, 3, 3, 7, 12, 26, 34, 48, 54, 60"
692,"1, 1, 1, 1, 2, 4, 5, 7, 14, 22, 39, 42, 56, 61"
693,"1, 1, 1, 2, 2, 3, 4, 5, 6, 15, 16, 28, 47, 55, 70"
694,"1, 1, 1, 1, 1, 2, 8, 10, 14, 29, 34, 48, 53, 53"
695,"1, 1, 1, 1, 3, 3, 3, 5, 7, 19, 20, 25, 42, 53, 72"
696,"1, 1, 1, 2, 2, 5, 5, 10, 19, 20, 26, 43, 52, 69"
697,"1, 1, 1, 1, 2, 4, 7, 13, 14, 18, 27, 50, 55, 62"
698,"1, 1, 1, 1, 1, 2, 2, 3, 7, 14, 25, 36, 48, 55, 59"
699,"1, 2, 3, 5, 13, 36, 94, 102"
700,"1, 1, 1, 1, 1, 1, 2, 4, 4, 5, 13, 17, 18, 44, 57, 86"
701,"1, 1, 1, 1, 2, 2, 2, 3, 3, 5, 7, 14, 45, 55, 55, 59"
702,"1, 1, 1, 1, 1, 2, 2, 4, 6, 6, 10, 19, 25, 36, 69, 72"
703,"1, 1, 2, 3, 3, 4, 9, 16, 18, 38, 45, 56, 60"
704,"1, 1, 1, 3, 4, 4, 4, 8, 9, 21, 23, 38, 68, 71"
705,"1, 1, 1, 1, 1, 1, 3, 5, 11, 22, 22, 26, 39, 49, 73"
706,"1, 1, 1, 1, 2, 3, 5, 8, 14, 21, 36, 48, 56, 59"
707,"1, 1, 1, 2, 2, 2, 5, 8, 8, 9, 12, 33, 52, 54, 66"
708,"1, 1, 1, 1, 1, 1, 1, 3, 4, 5, 13, 20, 30, 43, 57, 74"
709,"1, 1, 1, 1, 1, 1, 1, 2, 5, 6, 12, 25, 37, 50, 55, 57"
710,"1, 1, 2, 2, 3, 3, 6, 9, 14, 22, 24, 45, 52, 72"
711,"1, 1, 1, 1, 3, 4, 5, 7, 15, 24, 28, 40, 54, 72"
712,"1, 1, 1, 2, 3, 8, 8, 15, 17, 32, 46, 52, 70"
713,"1, 1, 1, 1, 1, 2, 3, 3, 5, 7, 16, 16, 29, 45, 54, 71"
714,"1, 1, 1, 1, 1, 2, 3, 7, 9, 16, 17, 29, 40, 61, 67"
715,"1, 1, 2, 3, 3, 4, 4, 8, 9, 21, 37, 37, 56, 70"
716,"1, 1, 1, 2, 2, 3, 4, 7, 20, 25, 25, 42, 53, 70"
717,"1, 1, 1, 1, 3, 3, 9, 11, 11, 15, 31, 51, 52, 66"
718,"1, 1, 1, 1, 3, 5, 9, 12, 13, 15, 18, 50, 52, 75"
719,"1, 1, 1, 1, 1, 2, 2, 2, 8, 9, 10, 16, 29, 50, 53, 70"
720,"1, 1, 1, 1, 1, 1, 2, 2, 4, 5, 15, 24, 29, 42, 53, 74"
721,"1, 1, 2, 3, 3, 4, 6, 7, 13, 19, 25, 48, 54, 70"
722,"1, 3, 5, 5, 7, 11, 85, 139"
723,"1, 1, 1, 1, 1, 3, 4, 5, 6, 13, 17, 30, 48, 54, 71"
724,"1, 1, 1, 1, 1, 1, 1, 3, 3, 8, 12, 19, 24, 34, 71, 75"
725,"1, 1, 1, 1, 1, 2, 2, 2, 6, 8, 11, 14, 35, 40, 62, 69"
726,"1, 1, 1, 1, 1, 2, 3, 3, 6, 16, 21, 39, 46, 56, 59"
727,"1, 1, 2, 2, 3, 3, 6, 9, 9, 19, 40, 52, 53, 56"
728,"1, 1, 2, 3, 5, 9, 9, 11, 17, 28, 52, 54, 64"
729,"1, 1, 1, 1, 2, 3, 7, 10, 11, 27, 34, 51, 52, 55"
730,"1, 1, 1, 2, 2, 2, 3, 3, 3, 6, 22, 37, 43, 60, 70"
731,"1, 1, 2, 3, 4, 5, 10, 15, 30, 30, 32, 56, 67"
732,"1, 1, 1, 1, 4, 6, 7, 7, 13, 19, 28, 49, 54, 65"
733,"1, 1, 1, 1, 2, 3, 4, 8, 9, 9, 14, 31, 52, 53, 67"
734,"1, 1, 2, 2, 5, 7, 10, 17, 18, 28, 39, 58, 68"
735,"1, 1, 1, 1, 2, 2, 7, 10, 11, 26, 35, 51, 52, 56"
736,"1, 1, 1, 1, 3, 5, 5, 5, 7, 7, 14, 21, 48, 54, 83"
737,"1, 1, 2, 2, 3, 3, 4, 11, 15, 15, 30, 45, 50, 74"
738,"1, 1, 1, 1, 2, 2, 4, 6, 7, 17, 18, 26, 45, 56, 69"
739,"1, 1, 1, 1, 1, 2, 2, 7, 8, 14, 19, 32, 39, 59, 69"
740,"1, 1, 1, 1, 2, 2, 5, 5, 6, 17, 20, 28, 38, 57, 72"
741,"1, 1, 1, 1, 1, 2, 4, 4, 4, 6, 12, 16, 29, 49, 56, 69"
742,"1, 1, 1, 1, 3, 3, 5, 7, 19, 29, 32, 43, 55, 56"
743,"1, 1, 1, 1, 2, 3, 3, 5, 7, 8, 15, 31, 52, 52, 74"
744,"1, 1, 1, 1, 2, 2, 2, 2, 2, 4, 19, 26, 35, 42, 57, 59"
745,"1, 1, 1, 2, 3, 3, 7, 10, 10, 13, 31, 52, 52, 70"
746,"1, 1, 1, 1, 1, 1, 3, 5, 7, 19, 21, 26, 44, 57, 68"
747,"1, 1, 2, 2, 2, 5, 6, 6, 7, 21, 36, 55, 56, 56"
748,"1, 1, 1, 1, 2, 2, 3, 4, 5, 22, 22, 39, 42, 55, 56"
749,"1, 1, 1, 1, 1, 2, 3, 4, 4, 8, 11, 14, 29, 38, 65, 73"
750,"1, 1, 1, 1, 1, 1, 2, 3, 5, 5, 9, 20, 40, 53, 56, 57"
751,"1, 1, 1, 1, 1, 2, 4, 4, 8, 10, 15, 19, 47, 58, 84"
752,"1, 1, 1, 2, 2, 7, 7, 10, 10, 17, 20, 45, 51, 82"
753,"1, 1, 1, 1, 2, 4, 6, 9, 10, 16, 30, 36, 64, 75"
754,"1, 1, 1, 4, 5, 8, 11, 12, 19, 20, 44, 48, 82"
755,"1, 1, 1, 1, 2, 3, 5, 5, 9, 14, 20, 25, 47, 56, 66"
756,"1, 1, 1, 2, 2, 3, 6, 9, 15, 25, 36, 46, 54, 55"
757,"1, 1, 2, 2, 2, 4, 6, 8, 15, 16, 30, 46, 55, 68"
758,"1, 1, 1, 1, 2, 3, 7, 8, 21, 26, 26, 37, 52, 70"
759,"1, 1, 1, 3, 3, 6, 6, 7, 16, 19, 26, 45, 54, 68"
760,"1, 1, 1, 2, 2, 4, 6, 10, 13, 16, 45, 50, 52, 53"
761,"1, 1, 1, 2, 3, 7, 13, 13, 18, 30, 50, 53, 64"
762,"1, 1, 1, 2, 2, 4, 8, 12, 12, 18, 20, 42, 49, 84"
763,"1, 1, 1, 1, 1, 2, 6, 8, 9, 12, 14, 21, 50, 54, 75"
764,"1, 1, 1, 1, 1, 3, 3, 3, 7, 7, 11, 14, 19, 45, 53, 86"
765,"1, 1, 2, 2, 2, 3, 6, 10, 12, 18, 31, 40, 60, 68"
766,"1, 1, 1, 2, 2, 2, 2, 6, 7, 10, 16, 29, 39, 66, 72"
767,"1, 1, 2, 2, 4, 5, 5, 9, 10, 18, 28, 36, 65, 70"
768,"1, 1, 2, 2, 2, 4, 6, 6, 16, 20, 30, 38, 56, 72"
769,"1, 1, 1, 1, 1, 2, 2, 3, 4, 9, 16, 18, 29, 43, 52, 73"
770,"1, 1, 1, 2, 2, 2, 3, 6, 8, 14, 17, 27, 46, 56, 70"
771,"1, 1, 1, 2, 2, 5, 8, 11, 11, 21, 24, 36, 63, 70"
772,"1, 1, 1, 1, 1, 2, 5, 7, 9, 9, 11, 19, 50, 53, 86"
773,"1, 1, 1, 1, 1, 4, 5, 7, 10, 11, 12, 35, 50, 50, 67"
774,"1, 1, 1, 1, 1, 2, 3, 3, 7, 19, 21, 27, 44, 55, 70"
775,"1, 1, 2, 2, 2, 2, 3, 5, 6, 18, 19, 26, 42, 55, 72"
776,"1, 1, 1, 1, 3, 3, 3, 4, 21, 26, 26, 44, 50, 72"
777,"1, 1, 1, 1, 1, 1, 4, 4, 4, 8, 8, 18, 23, 42, 52, 87"
778,"1, 1, 2, 3, 3, 4, 5, 7, 8, 21, 38, 39, 56, 68"
779,"1, 1, 2, 2, 2, 3, 6, 6, 18, 27, 32, 44, 56, 56"
780,"1, 1, 1, 2, 2, 5, 6, 7, 19, 22, 28, 40, 54, 68"
781,"1, 1, 1, 1, 1, 1, 2, 3, 6, 6, 14, 18, 28, 47, 58, 68"
782,"1, 1, 1, 2, 2, 3, 10, 11, 11, 14, 32, 50, 51, 67"
783,"1, 1, 2, 2, 2, 4, 4, 6, 11, 12, 38, 50, 51, 72"
784,"1, 1, 1, 2, 6, 18, 24, 74, 129"
785,"1, 1, 1, 1, 1, 2, 4, 5, 8, 14, 27, 35, 46, 52, 58"
786,"1, 1, 1, 1, 2, 4, 10, 12, 14, 16, 32, 47, 50, 65"
787,"1, 1, 1, 1, 2, 2, 4, 6, 6, 16, 20, 25, 44, 58, 69"
788,"1, 1, 1, 1, 2, 2, 3, 3, 7, 9, 22, 26, 38, 66, 74"
789,"1, 1, 1, 1, 1, 1, 1, 2, 2, 8, 8, 15, 15, 20, 41, 53, 85"
790,"1, 1, 1, 1, 2, 2, 3, 5, 10, 12, 18, 28, 39, 65, 68"
791,"1, 1, 1, 2, 4, 4, 6, 6, 12, 18, 27, 50, 54, 70"
792,"1, 1, 1, 1, 2, 3, 4, 4, 11, 13, 20, 20, 40, 48, 87"
793,"1, 1, 1, 2, 2, 2, 4, 5, 7, 11, 16, 28, 39, 63, 74"
794,"1, 1, 1, 1, 1, 1, 2, 3, 4, 4, 7, 12, 13, 17, 48, 55, 85"
795,"1, 1, 1, 1, 2, 3, 6, 13, 15, 21, 42, 47, 47, 56"
796,"1, 1, 1, 1, 1, 2, 3, 7, 9, 9, 14, 33, 52, 54, 68"
797,"1, 1, 1, 1, 1, 2, 6, 7, 10, 11, 12, 33, 51, 55, 64"
798,"1, 1, 1, 2, 2, 2, 3, 4, 6, 12, 17, 27, 48, 58, 72"
799,"1, 1, 1, 1, 2, 2, 2, 2, 3, 8, 8, 11, 36, 51, 51, 76"
800,"1, 1, 1, 1, 1, 2, 2, 4, 6, 6, 12, 17, 17, 44, 56, 85"
801,"1, 1, 1, 1, 1, 2, 2, 2, 5, 5, 13, 16, 31, 46, 59, 70"
802,"1, 1, 1, 1, 2, 2, 3, 3, 3, 21, 24, 37, 43, 56, 58"
803,"1, 1, 2, 2, 2, 4, 8, 10, 10, 18, 28, 50, 52, 68"
804,"1, 1, 1, 1, 2, 3, 4, 5, 7, 11, 14, 20, 46, 54, 86"
805,"1, 1, 1, 1, 2, 2, 7, 9, 12, 18, 26, 50, 56, 70"
806,"1, 1, 2, 2, 3, 5, 7, 8, 9, 21, 22, 38, 67, 70"
807,"1, 2, 3, 4, 5, 6, 11, 11, 14, 29, 36, 64, 70"
808,"1, 1, 1, 3, 4, 4, 4, 7, 20, 20, 24, 42, 53, 72"
809,"1, 1, 2, 2, 2, 3, 3, 5, 7, 7, 17, 28, 38, 70, 70"
810,"1, 1, 1, 1, 1, 2, 2, 2, 6, 8, 9, 16, 30, 38, 67, 71"
811,"1, 1, 1, 2, 3, 4, 7, 10, 13, 16, 29, 40, 64, 65"
812,"1, 1, 1, 2, 2, 4, 4, 9, 16, 17, 38, 44, 57, 60"
813,"1, 1, 1, 2, 2, 4, 5, 10, 20, 22, 22, 40, 52, 74"
814,"1, 1, 1, 1, 1, 3, 5, 6, 10, 12, 17, 30, 35, 62, 71"
815,"1, 1, 1, 1, 1, 1, 2, 4, 5, 8, 18, 20, 25, 43, 57, 68"
816,"1, 1, 1, 1, 1, 1, 1, 2, 2, 2, 6, 10, 21, 39, 41, 59, 67"
817,"1, 1, 1, 1, 1, 3, 6, 12, 13, 21, 25, 33, 62, 76"
818,"1, 1, 1, 1, 2, 2, 4, 4, 6, 14, 27, 36, 46, 53, 58"
819,"1, 1, 1, 1, 1, 2, 2, 2, 4, 4, 14, 18, 41, 45, 57, 62"
820,"1, 1, 1, 2, 2, 3, 6, 9, 15, 19, 26, 48, 53, 70"
821,"1, 1, 1, 2, 2, 3, 4, 4, 19, 22, 28, 41, 58, 70"
822,"1, 1, 1, 1, 1, 1, 1, 1, 2, 7, 10, 14, 15, 31, 47, 51, 71"
823,"1, 1, 2, 2, 3, 3, 4, 5, 10, 15, 33, 44, 63, 70"
824,"1, 1, 1, 2, 2, 3, 4, 4, 6, 11, 21, 24, 35, 70, 71"
825,"1, 1, 2, 2, 3, 5, 5, 9, 13, 22, 24, 47, 54, 68"
826,"1, 1, 3, 3, 4, 5, 8, 21, 26, 26, 40, 50, 68"
827,"1, 1, 1, 1, 1, 3, 3, 3, 5, 16, 20, 31, 44, 54, 72"
828,"1, 1, 1, 1, 1, 2, 2, 3, 4, 5, 14, 17, 42, 44, 55, 63"
829,"1, 1, 2, 3, 4, 5, 10, 11, 19, 38, 50, 52, 60"
830,"1, 1, 1, 1, 1, 2, 2, 2, 4, 6, 16, 17, 41, 44, 56, 61"
831,"1, 2, 2, 3, 4, 5, 10, 22, 22, 23, 38, 52, 72"
832,"1, 1, 1, 2, 2, 2, 2, 8, 10, 13, 18, 27, 48, 54, 67"
833,"1, 1, 1, 2, 2, 2, 6, 10, 19, 20, 26, 39, 60, 67"
834,"1, 1, 1, 3, 4, 4, 4, 7, 13, 20, 24, 33, 69, 72"
835,"1, 1, 1, 2, 3, 5, 5, 10, 11, 19, 26, 34, 68, 70"
836,"1, 1, 1, 1, 2, 2, 5, 5, 5, 10, 14, 37, 42, 62, 68"
837,"1, 1, 1, 1, 4, 4, 8, 13, 14, 14, 34, 46, 47, 68"
838,"1, 1, 1, 1, 1, 5, 7, 7, 9, 30, 33, 40, 54, 66"
839,"1, 1, 1, 4, 5, 10, 11, 11, 21, 26, 36, 63, 66"
840,"1, 1, 1, 1, 1, 2, 3, 4, 12, 13, 18, 32, 43, 60, 64"
841,"1, 1, 1, 1, 2, 2, 2, 3, 4, 6, 15, 16, 29, 44, 55, 74"
842,"1, 1, 1, 1, 1, 1, 3, 4, 5, 6, 11, 18, 33, 41, 59, 70"
843,"1, 1, 2, 2, 3, 4, 8, 9, 11, 17, 28, 36, 66, 68"
844,"1, 1, 1, 1, 2, 2, 2, 6, 10, 15, 15, 30, 40, 63, 67"
845,"1, 1, 1, 1, 1, 1, 2, 3, 4, 9, 13, 13, 37, 46, 49, 74"
846,"1, 1, 1, 1, 2, 2, 2, 5, 6, 16, 19, 39, 40, 60, 61"
847,"1, 1, 1, 1, 1, 4, 6, 7, 8, 11, 17, 29, 37, 62, 70"
848,"1, 1, 1, 2, 2, 4, 4, 5, 5, 14, 16, 28, 48, 54, 71"
849,"1, 1, 1, 2, 2, 2, 2, 6, 16, 28, 34, 45, 56, 60"
850,"1, 1, 1, 2, 2, 3, 4, 6, 7, 10, 17, 20, 44, 53, 85"
851,"1, 1, 1, 1, 2, 4, 4, 4, 22, 24, 39, 44, 54, 55"
852,"1, 1, 1, 1, 3, 3, 3, 4, 6, 15, 18, 31, 38, 57, 74"
853,"1, 1, 1, 1, 2, 3, 3, 5, 7, 20, 22, 24, 39, 53, 74"
854,"1, 1, 1, 1, 2, 2, 4, 4, 4, 16, 19, 28, 43, 57, 73"
855,"1, 1, 1, 1, 2, 2, 3, 5, 9, 9, 20, 40, 52, 53, 57"
856,"1, 1, 1, 2, 4, 4, 6, 7, 8, 18, 25, 55, 56, 68"
857,"1, 1, 1, 1, 2, 3, 7, 11, 13, 20, 41, 50, 50, 55"
858,"1, 1, 1, 1, 1, 2, 2, 4, 5, 6, 10, 16, 35, 41, 60, 70"
859,"1, 1, 1, 1, 1, 4, 11, 11, 12, 18, 29, 48, 51, 67"
860,"1, 1, 1, 2, 2, 5, 5, 6, 6, 10, 15, 20, 45, 51, 86"
861,"1, 1, 2, 2, 3, 4, 6, 8, 11, 21, 23, 36, 68, 70"
862,"1, 1, 1, 2, 4, 5, 5, 8, 18, 20, 26, 44, 52, 69"
863,"1, 2, 3, 3, 3, 3, 4, 5, 14, 17, 27, 44, 56, 74"
864,"1, 1, 2, 2, 4, 6, 8, 14, 18, 28, 40, 58, 74"
865,"1, 1, 1, 1, 4, 5, 5, 10, 13, 15, 31, 42, 62, 65"
866,"1, 1, 2, 4, 4, 6, 6, 17, 19, 28, 40, 58, 70"
867,"1, 1, 1, 1, 1, 3, 3, 5, 7, 19, 19, 25, 44, 56, 70"
868,"1, 1, 2, 2, 2, 2, 4, 10, 16, 22, 30, 36, 56, 72"
869,"1, 1, 1, 1, 2, 2, 5, 6, 18, 22, 37, 42, 58, 60"
870,"1, 1, 1, 2, 2, 7, 8, 9, 10, 15, 20, 47, 47, 86"
871,"1, 1, 1, 1, 4, 4, 8, 10, 19, 20, 27, 42, 50, 68"
872,"1, 1, 1, 1, 1, 2, 5, 8, 9, 9, 13, 33, 53, 54, 65"
873,"1, 1, 2, 2, 2, 4, 5, 11, 14, 17, 31, 42, 60, 64"
874,"1, 1, 1, 2, 2, 3, 4, 6, 17, 19, 26, 44, 56, 74"
875,"1, 1, 1, 1, 2, 3, 6, 13, 16, 20, 28, 40, 61, 63"
876,"1, 1, 1, 2, 2, 2, 2, 4, 8, 15, 17, 28, 47, 52, 74"
877,"1, 1, 1, 2, 3, 5, 9, 9, 11, 19, 26, 36, 65, 68"
878,"1, 1, 1, 1, 2, 3, 5, 5, 7, 10, 17, 29, 37, 68, 69"
879,"1, 1, 1, 1, 2, 2, 3, 3, 9, 11, 25, 35, 36, 60, 66"
880,"1, 1, 1, 1, 2, 4, 5, 6, 9, 9, 15, 30, 37, 65, 70"
881,"1, 1, 1, 1, 1, 2, 3, 7, 7, 11, 21, 35, 38, 57, 70"
882,"1, 1, 2, 3, 4, 4, 8, 15, 29, 32, 48, 51, 58"
883,"1, 1, 1, 1, 2, 3, 6, 6, 13, 21, 41, 42, 55, 63"
884,"1, 1, 1, 1, 1, 2, 2, 4, 4, 5, 10, 15, 31, 56, 57, 65"
885,"1, 1, 2, 3, 3, 5, 11, 19, 24, 37, 44, 48, 58"
886,"1, 1, 1, 1, 1, 2, 4, 4, 8, 14, 17, 33, 44, 52, 73"
887,"1, 1, 1, 1, 1, 2, 4, 6, 8, 12, 28, 34, 35, 51, 71"
888,"1, 1, 1, 2, 2, 4, 4, 4, 7, 8, 8, 35, 52, 55, 72"
889,"1, 1, 1, 1, 2, 3, 8, 10, 13, 17, 23, 45, 48, 83"
890,"1, 1, 1, 2, 2, 3, 3, 4, 6, 16, 17, 29, 45, 52, 74"
891,"1, 1, 2, 2, 3, 4, 5, 7, 8, 17, 30, 42, 66, 68"
892,"1, 1, 1, 1, 1, 3, 3, 3, 11, 21, 22, 23, 40, 50, 75"
893,"1, 1, 1, 2, 2, 2, 3, 7, 8, 9, 12, 32, 53, 54, 69"
894,"1, 1, 1, 1, 1, 1, 2, 2, 5, 7, 11, 16, 30, 51, 53, 73"
895,"1, 1, 1, 1, 2, 2, 2, 4, 5, 7, 10, 14, 30, 36, 67, 73"
896,"1, 1, 1, 1, 2, 4, 6, 10, 14, 19, 32, 43, 52, 70"
897,"1, 1, 1, 1, 2, 2, 3, 3, 4, 6, 8, 18, 21, 44, 51, 90"
898,"1, 1, 1, 1, 1, 1, 2, 2, 5, 7, 14, 17, 19, 41, 57, 86"
899,"1, 1, 1, 2, 4, 4, 8, 8, 14, 18, 21, 40, 51, 83"
900,"1, 1, 1, 1, 2, 3, 6, 11, 17, 22, 23, 45, 58, 65"
901,"1, 1, 2, 2, 3, 3, 6, 11, 12, 16, 28, 36, 62, 73"
902,"1, 1, 1, 1, 1, 2, 3, 11, 11, 12, 14, 18, 46, 50, 84"
903,"1, 1, 2, 2, 4, 5, 9, 14, 22, 40, 48, 48, 60"
904,"1, 1, 1, 1, 2, 4, 7, 10, 15, 18, 28, 47, 55, 66"
905,"1, 1, 1, 1, 3, 5, 6, 7, 11, 16, 36, 41, 59, 68"
906,"1, 1, 1, 1, 1, 1, 2, 3, 5, 7, 10, 20, 41, 52, 52, 58"
907,"1, 1, 2, 2, 5, 5, 5, 7, 11, 16, 29, 50, 52, 70"
908,"1, 1, 1, 1, 2, 2, 3, 5, 7, 19, 20, 25, 44, 57, 68"
909,"1, 1, 1, 1, 3, 4, 5, 9, 11, 20, 39, 52, 52, 57"
910,"1, 1, 1, 1, 1, 1, 1, 3, 4, 4, 9, 9, 16, 21, 45, 51, 87"
911,"1, 1, 1, 2, 3, 5, 5, 11, 14, 21, 24, 48, 54, 66"
912,"1, 1, 1, 2, 2, 2, 3, 3, 4, 10, 13, 36, 40, 64, 74"
913,"1, 1, 3, 4, 4, 8, 8, 11, 21, 26, 49, 52, 68"
914,"1, 1, 1, 2, 2, 2, 2, 4, 9, 19, 22, 24, 40, 54, 73"
915,"1, 1, 1, 2, 2, 4, 6, 10, 22, 22, 24, 40, 49, 72"
916,"1, 1, 1, 7, 23, 25, 72, 126"
917,"1, 1, 2, 3, 4, 4, 6, 6, 13, 19, 26, 47, 56, 68"
918,"1, 1, 1, 1, 2, 2, 2, 2, 4, 4, 19, 21, 27, 42, 54, 73"
919,"1, 1, 1, 2, 2, 2, 3, 3, 8, 13, 13, 36, 47, 48, 76"
920,"1, 1, 2, 2, 3, 3, 5, 5, 14, 21, 29, 42, 56, 72"
921,"1, 1, 1, 1, 2, 2, 3, 13, 13, 20, 43, 48, 49, 59"
922,"1, 1, 1, 2, 2, 2, 6, 6, 11, 20, 40, 44, 56, 64"
923,"1, 1, 1, 1, 2, 3, 4, 6, 9, 9, 16, 30, 37, 66, 70"
924,"1, 1, 2, 2, 2, 12, 12, 13, 18, 30, 48, 49, 66"
925,"1, 1, 2, 2, 2, 3, 4, 7, 13, 26, 34, 50, 54, 57"
926,"1, 1, 4, 4, 5, 7, 7, 10, 19, 24, 40, 66, 68"
927,"1, 1, 1, 1, 1, 3, 3, 8, 9, 13, 16, 32, 37, 63, 67"
928,"1, 1, 1, 2, 2, 2, 3, 4, 6, 10, 19, 26, 42, 66, 71"
929,"1, 1, 1, 2, 5, 6, 7, 7, 10, 14, 31, 39, 64, 68"
930,"1, 1, 1, 1, 1, 2, 4, 4, 12, 17, 20, 30, 41, 49, 72"
931,"1, 1, 1, 1, 2, 2, 3, 5, 9, 15, 19, 26, 46, 57, 68"
932,"1, 1, 1, 1, 2, 3, 8, 11, 14, 19, 33, 37, 59, 66"
933,"1, 1, 1, 3, 3, 9, 14, 15, 16, 34, 45, 46, 68"
934,"1, 1, 1, 1, 2, 3, 3, 11, 18, 22, 35, 44, 56, 58"
935,"1, 1, 1, 1, 1, 2, 3, 4, 5, 6, 14, 17, 28, 47, 54, 71"
936,"1, 1, 2, 2, 4, 6, 12, 12, 15, 36, 45, 48, 72"
937,"1, 1, 1, 3, 3, 19, 23, 85, 120"
938,"1, 1, 2, 2, 2, 3, 8, 10, 11, 17, 26, 49, 54, 70"
939,"1, 1, 1, 1, 1, 2, 2, 5, 6, 15, 25, 35, 47, 56, 58"
940,"1, 1, 2, 2, 4, 10, 14, 15, 19, 32, 42, 48, 66"
941,"1, 1, 1, 1, 1, 3, 3, 3, 4, 21, 23, 26, 44, 49, 75"
942,"1, 1, 1, 1, 2, 3, 5, 5, 5, 11, 17, 27, 50, 57, 70"
943,"1, 1, 1, 2, 3, 3, 5, 7, 17, 19, 26, 46, 55, 70"
944,"1, 1, 1, 1, 2, 3, 3, 3, 11, 14, 18, 43, 48, 50, 57"
945,"1, 1, 1, 1, 2, 2, 3, 4, 5, 6, 12, 13, 17, 48, 55, 85"
946,"1, 1, 1, 1, 1, 4, 5, 7, 8, 9, 20, 22, 42, 51, 83"
947,"1, 1, 1, 1, 2, 3, 9, 13, 15, 18, 28, 47, 50, 67"
948,"1, 1, 1, 1, 1, 3, 3, 5, 11, 16, 21, 25, 46, 57, 64"
949,"1, 1, 1, 1, 1, 1, 3, 5, 7, 7, 15, 16, 16, 45, 51, 85"
950,"1, 1, 1, 2, 2, 3, 7, 8, 13, 15, 32, 48, 54, 69"
951,"1, 1, 1, 1, 1, 2, 3, 7, 9, 20, 22, 24, 41, 54, 69"
952,"1, 1, 1, 1, 1, 3, 4, 4, 5, 15, 27, 33, 47, 55, 58"
953,"1, 1, 1, 1, 1, 1, 1, 2, 3, 5, 18, 23, 39, 39, 58, 62"
954,"1, 1, 1, 2, 2, 4, 7, 8, 11, 19, 26, 48, 56, 70"
955,"1, 1, 1, 1, 1, 1, 2, 3, 4, 4, 14, 26, 36, 47, 56, 58"
956,"1, 1, 1, 2, 4, 5, 6, 9, 11, 14, 29, 37, 64, 72"
957,"1, 1, 2, 2, 2, 2, 3, 6, 11, 29, 44, 48, 49, 56"
958,"1, 1, 1, 1, 1, 1, 1, 4, 7, 8, 15, 15, 16, 45, 55, 84"
959,"1, 1, 1, 3, 4, 5, 6, 8, 9, 16, 16, 46, 56, 84"
960,"1, 1, 1, 1, 2, 3, 3, 6, 8, 15, 16, 29, 47, 49, 74"
961,"1, 1, 1, 1, 1, 1, 4, 5, 6, 13, 19, 38, 43, 58, 64"
962,"1, 1, 1, 1, 1, 1, 4, 4, 7, 16, 23, 31, 39, 55, 71"
963,"1, 1, 1, 3, 3, 3, 4, 11, 27, 43, 44, 50, 65"
964,"1, 1, 2, 4, 4, 5, 13, 18, 22, 28, 40, 46, 72"
965,"1, 1, 1, 1, 2, 3, 4, 4, 8, 10, 16, 21, 45, 52, 87"
966,"1, 1, 1, 1, 1, 4, 4, 6, 11, 12, 15, 31, 35, 64, 69"
967,"1, 1, 1, 2, 2, 2, 4, 7, 7, 8, 12, 32, 54, 56, 67"
968,"1, 1, 1, 2, 3, 5, 7, 9, 11, 12, 34, 50, 52, 68"
969,"1, 2, 2, 2, 2, 6, 10, 16, 25, 30, 36, 52, 72"
970,"1, 1, 1, 1, 1, 1, 3, 5, 5, 7, 16, 17, 29, 45, 51, 72"
971,"1, 3, 7, 19, 27, 97, 102"
972,"1, 1, 2, 2, 2, 2, 3, 5, 7, 8, 11, 38, 50, 52, 72"
973,"1, 1, 1, 2, 3, 4, 6, 10, 15, 21, 23, 47, 56, 66"
974,"1, 1, 1, 1, 2, 2, 2, 2, 6, 16, 19, 30, 44, 53, 76"
975,"1, 1, 1, 2, 2, 3, 4, 10, 17, 21, 27, 43, 56, 68"
976,"1, 1, 1, 1, 1, 2, 2, 4, 4, 6, 15, 15, 16, 45, 56, 86"
977,"1, 1, 1, 2, 3, 3, 5, 7, 13, 16, 31, 47, 58, 68"
978,"1, 1, 1, 2, 2, 3, 3, 7, 8, 19, 42, 53, 54, 60"
979,"1, 1, 4, 4, 6, 6, 8, 8, 22, 22, 40, 64, 70"
980,"1, 1, 1, 1, 1, 1, 1, 2, 5, 6, 18, 31, 32, 43, 55, 57"
981,"1, 1, 1, 1, 1, 3, 3, 3, 5, 14, 29, 44, 47, 47, 56"
982,"1, 2, 2, 2, 2, 6, 8, 15, 20, 40, 42, 54, 62"
983,"1, 1, 1, 3, 4, 6, 6, 19, 25, 35, 44, 53, 58"
984,"1, 1, 1, 2, 3, 3, 5, 6, 19, 24, 25, 38, 56, 72"
985,"1, 1, 1, 2, 2, 3, 9, 10, 12, 15, 34, 48, 51, 67"
986,"1, 1, 1, 1, 2, 2, 3, 5, 11, 12, 22, 23, 48, 60, 64"
987,"1, 1, 1, 1, 1, 1, 3, 3, 5, 7, 10, 22, 25, 35, 69, 71"
988,"1, 1, 1, 1, 2, 3, 5, 13, 13, 20, 41, 47, 50, 58"
989,"1, 1, 1, 1, 2, 4, 6, 9, 16, 24, 36, 46, 53, 56"
990,"1, 1, 1, 1, 1, 2, 4, 6, 10, 11, 15, 30, 36, 67, 70"
991,"1, 1, 2, 2, 2, 8, 12, 13, 22, 23, 50, 56, 64"
992,"1, 1, 1, 1, 1, 1, 2, 8, 9, 14, 24, 37, 47, 54, 55"
993,"1, 1, 1, 3, 4, 7, 10, 13, 25, 36, 39, 50, 66"
994,"1, 1, 1, 1, 2, 4, 6, 8, 13, 13, 33, 41, 62, 70"
995,"1, 1, 1, 1, 1, 2, 3, 4, 5, 8, 8, 21, 26, 36, 67, 71"
996,"1, 1, 2, 2, 5, 5, 6, 11, 33, 40, 42, 50, 58"
997,"1, 1, 1, 1, 1, 1, 2, 2, 2, 2, 8, 12, 26, 33, 35, 59, 69"
998,"1, 1, 2, 2, 3, 4, 8, 10, 12, 15, 17, 45, 52, 84"
999,"1, 1, 1, 2, 2, 2, 4, 4, 6, 16, 22, 38, 45, 56, 56"
1000,"1, 1, 1, 1, 1, 3, 5, 7, 7, 16, 21, 26, 45, 51, 70"
1001,"1, 1, 1, 1, 1, 2, 3, 5, 5, 13, 22, 38, 41, 58, 64"
1002,"1, 1, 1, 1, 3, 3, 4, 5, 6, 11, 17, 29, 49, 53, 72"
1003,"1, 1, 1, 1, 1, 2, 2, 2, 2, 4, 14, 16, 45, 45, 57, 62"
1004,"1, 1, 1, 2, 3, 3, 5, 7, 12, 21, 24, 34, 70, 72"
1005,"1, 1, 1, 1, 2, 2, 3, 5, 6, 17, 26, 28, 40, 52, 71"
1006,"1, 1, 1, 1, 1, 3, 4, 8, 9, 12, 18, 19, 42, 52, 84"
1007,"1, 1, 1, 1, 2, 2, 2, 4, 10, 17, 22, 25, 42, 58, 68"
1008,"1, 1, 1, 1, 2, 2, 4, 6, 6, 12, 15, 32, 40, 63, 70"
1009,"1, 1, 1, 2, 5, 8, 13, 17, 20, 30, 38, 58, 62"
1010,"1, 1, 1, 1, 2, 3, 3, 3, 9, 16, 23, 39, 44, 52, 58"
1011,"1, 1, 1, 2, 4, 5, 8, 10, 11, 22, 24, 35, 64, 68"
1012,"1, 1, 1, 2, 5, 5, 5, 9, 16, 18, 29, 44, 50, 70"
1013,"1, 1, 2, 2, 2, 4, 6, 6, 18, 20, 28, 42, 56, 68"
1014,"1, 1, 1, 1, 2, 2, 3, 3, 4, 10, 12, 14, 30, 33, 65, 74"
1015,"1, 1, 1, 1, 5, 5, 7, 9, 14, 21, 26, 47, 52, 66"
1016,"1, 1, 1, 2, 4, 4, 4, 10, 12, 28, 31, 34, 58, 66"
1017,"1, 1, 1, 2, 2, 3, 4, 5, 10, 11, 11, 24, 49, 50, 82"
1018,"1, 1, 1, 2, 2, 3, 7, 11, 12, 13, 35, 48, 48, 72"
1019,"1, 1, 1, 2, 2, 3, 3, 5, 9, 14, 15, 31, 40, 61, 68"
1020,"1, 1, 1, 2, 3, 3, 6, 11, 13, 14, 17, 49, 56, 79"
1021,"1, 1, 2, 2, 2, 4, 10, 10, 11, 12, 32, 51, 52, 66"
1022,"1, 1, 1, 1, 2, 2, 2, 8, 9, 12, 14, 18, 48, 53, 84"
1023,"1, 1, 1, 1, 1, 1, 2, 4, 5, 8, 14, 20, 25, 47, 57, 68"
1024,"1, 1, 1, 1, 1, 1, 2, 3, 5, 8, 12, 21, 42, 49, 53, 55"
1025,"1, 1, 1, 1, 1, 2, 3, 4, 13, 14, 15, 29, 42, 63, 66"
1026,"1, 1, 1, 1, 2, 2, 3, 4, 8, 14, 23, 37, 42, 54, 63"
1027,"1, 1, 1, 1, 3, 4, 9, 10, 11, 13, 18, 51, 54, 79"
1028,"1, 1, 2, 2, 3, 3, 5, 7, 18, 24, 36, 44, 54, 56"
1029,"1, 1, 2, 2, 2, 2, 3, 6, 8, 8, 9, 35, 52, 53, 72"
1030,"1, 1, 1, 2, 3, 3, 5, 5, 9, 9, 16, 19, 44, 52, 86"
1031,"1, 1, 1, 2, 2, 3, 3, 10, 19, 24, 37, 44, 51, 58"
1032,"1, 1, 1, 2, 2, 3, 7, 11, 12, 23, 23, 34, 66, 70"
1033,"1, 1, 2, 2, 2, 3, 4, 4, 7, 13, 18, 26, 47, 56, 70"
1034,"1, 1, 1, 1, 1, 2, 3, 3, 4, 22, 23, 40, 42, 54, 58"
1035,"1, 1, 1, 1, 1, 1, 3, 3, 3, 5, 16, 27, 33, 45, 55, 60"
1036,"1, 1, 2, 3, 3, 6, 6, 9, 11, 18, 19, 41, 52, 84"
1037,"1, 1, 1, 3, 4, 12, 27, 96, 111"
1038,"1, 1, 1, 1, 1, 1, 2, 9, 11, 14, 20, 26, 48, 51, 69"
1039,"1, 1, 2, 2, 3, 5, 11, 18, 21, 34, 42, 58, 58"
1040,"1, 1, 1, 1, 4, 4, 6, 7, 22, 22, 22, 40, 55, 70"
1041,"1, 1, 1, 2, 2, 3, 3, 3, 4, 13, 17, 42, 42, 57, 65"
1042,"1, 1, 2, 2, 2, 4, 4, 8, 15, 24, 36, 47, 52, 58"
1043,"1, 1, 2, 2, 2, 4, 4, 8, 16, 23, 28, 36, 55, 74"
1044,"1, 1, 1, 1, 2, 2, 2, 8, 9, 10, 11, 34, 52, 52, 70"
1045,"1, 1, 1, 1, 1, 1, 1, 1, 5, 9, 20, 22, 25, 42, 57, 68"
1046,"1, 1, 1, 1, 1, 2, 2, 5, 5, 7, 10, 12, 33, 41, 67, 67"
1047,"1, 1, 1, 1, 1, 2, 6, 6, 7, 11, 13, 36, 49, 54, 67"
1048,"1, 1, 1, 1, 2, 2, 3, 3, 3, 3, 8, 13, 29, 51, 59, 76"
1049,"1, 1, 1, 1, 1, 2, 4, 4, 8, 18, 19, 24, 43, 59, 70"
1050,"1, 1, 1, 1, 2, 3, 4, 5, 6, 14, 26, 35, 47, 54, 56"
1051,"1, 1, 1, 2, 2, 4, 7, 11, 11, 19, 28, 35, 60, 74"
1052,"1, 1, 1, 1, 1, 2, 2, 6, 13, 13, 14, 34, 47, 48, 72"
1053,"1, 1, 1, 2, 2, 4, 6, 8, 17, 26, 35, 45, 54, 54"
1054,"1, 1, 1, 1, 1, 2, 3, 5, 6, 10, 15, 34, 40, 63, 73"
1055,"1, 1, 1, 1, 3, 4, 4, 11, 13, 15, 25, 38, 51, 88"
1056,"1, 1, 1, 1, 6, 7, 7, 19, 19, 28, 44, 56, 66"
1057,"1, 1, 2, 2, 3, 8, 11, 19, 20, 25, 42, 52, 70"
1058,"1, 1, 1, 2, 2, 3, 3, 5, 6, 13, 16, 30, 39, 64, 70"
1059,"1, 1, 1, 2, 3, 3, 4, 4, 5, 13, 17, 27, 48, 55, 72"
1060,"1, 1, 1, 1, 2, 2, 3, 4, 5, 16, 21, 28, 42, 57, 72"
1061,"1, 2, 2, 2, 3, 4, 6, 10, 13, 19, 24, 32, 66, 72"
1062,"1, 1, 1, 1, 3, 3, 11, 13, 14, 17, 22, 39, 48, 82"
1063,"1, 1, 1, 1, 2, 2, 4, 4, 4, 4, 14, 14, 30, 47, 55, 72"
1064,"1, 1, 1, 2, 2, 2, 2, 11, 17, 22, 40, 46, 51, 58"
1065,"1, 1, 1, 1, 1, 2, 2, 5, 6, 24, 25, 36, 42, 53, 56"
1066,"1, 1, 1, 1, 2, 2, 4, 4, 10, 10, 19, 44, 50, 52, 55"
1067,"1, 1, 1, 2, 3, 4, 4, 8, 9, 16, 30, 38, 68, 71"
1068,"1, 1, 1, 1, 1, 2, 2, 5, 8, 14, 21, 24, 42, 64, 69"
1069,"1, 1, 1, 1, 2, 3, 3, 5, 7, 18, 20, 27, 42, 57, 68"
1070,"1, 1, 2, 2, 4, 5, 6, 7, 13, 16, 28, 49, 54, 68"
1071,"1, 1, 1, 1, 1, 1, 2, 5, 9, 21, 28, 33, 41, 53, 58"
1072,"1, 1, 1, 1, 1, 1, 2, 6, 9, 18, 18, 26, 42, 59, 70"
1073,"1, 1, 1, 1, 1, 3, 9, 11, 17, 21, 25, 51, 54, 60"
1074,"1, 1, 1, 1, 4, 4, 5, 5, 18, 27, 31, 44, 56, 58"
1075,"1, 1, 1, 1, 2, 2, 5, 8, 8, 9, 15, 32, 52, 54, 65"
1076,"1, 1, 1, 1, 2, 3, 3, 6, 8, 15, 16, 30, 46, 50, 73"
1077,"1, 1, 2, 2, 3, 15, 28, 94, 110"
1078,"1, 1, 2, 2, 3, 4, 6, 6, 11, 17, 28, 49, 58, 68"
1079,"1, 1, 1, 2, 2, 3, 8, 13, 15, 16, 30, 47, 47, 70"
1080,"1, 1, 1, 2, 2, 2, 5, 5, 6, 12, 16, 30, 48, 53, 72"
1081,"1, 1, 2, 2, 2, 4, 6, 6, 15, 21, 30, 40, 56, 70"
1082,"1, 1, 1, 1, 3, 5, 7, 11, 11, 11, 33, 48, 52, 71"
1083,"1, 1, 1, 1, 1, 2, 7, 7, 9, 10, 11, 35, 51, 54, 65"
1084,"1, 1, 1, 1, 1, 1, 3, 3, 5, 7, 13, 18, 34, 37, 59, 71"
1085,"1, 1, 1, 1, 1, 2, 7, 10, 17, 23, 30, 39, 55, 68"
1086,"1, 1, 1, 1, 3, 4, 4, 5, 15, 21, 37, 44, 55, 64"
1087,"1, 1, 1, 1, 1, 2, 6, 7, 8, 12, 13, 33, 50, 56, 64"
1088,"1, 1, 1, 1, 2, 2, 6, 9, 16, 17, 32, 45, 53, 70"
1089,"1, 1, 3, 3, 4, 7, 8, 9, 16, 45, 51, 54, 54"
1090,"1, 1, 1, 1, 2, 2, 3, 3, 9, 12, 18, 41, 50, 52, 60"
1091,"1, 1, 1, 1, 1, 1, 1, 2, 3, 4, 5, 18, 21, 23, 43, 57, 73"
1092,"1, 1, 2, 2, 3, 5, 5, 9, 13, 18, 27, 36, 62, 72"
1093,"1, 1, 1, 1, 2, 2, 3, 7, 8, 13, 19, 27, 34, 67, 70"
1094,"1, 2, 2, 4, 8, 8, 12, 19, 42, 52, 106"
1095,"1, 1, 1, 1, 1, 2, 5, 7, 7, 13, 17, 29, 48, 55, 68"
1096,"1, 1, 1, 2, 2, 2, 6, 6, 6, 12, 15, 17, 47, 56, 82"
1097,"1, 1, 1, 1, 1, 2, 3, 4, 6, 7, 9, 20, 25, 37, 69, 69"
1098,"1, 1, 1, 2, 2, 4, 5, 7, 8, 9, 12, 20, 48, 52, 84"
1099,"1, 1, 1, 1, 1, 1, 2, 4, 4, 8, 9, 14, 29, 38, 69, 73"
1100,"1, 1, 1, 2, 3, 8, 11, 15, 20, 25, 48, 55, 66"
1101,"1, 1, 1, 1, 1, 2, 4, 6, 8, 11, 21, 42, 51, 53, 53"
1102,"1, 1, 1, 1, 1, 2, 3, 5, 6, 13, 17, 32, 40, 61, 72"
1103,"1, 1, 1, 1, 2, 2, 2, 2, 6, 6, 14, 14, 31, 48, 54, 71"
1104,"1, 1, 1, 2, 3, 4, 4, 8, 16, 21, 29, 32, 58, 76"
1105,"1, 1, 1, 2, 2, 2, 3, 5, 6, 11, 14, 31, 51, 54, 72"
1106,"1, 1, 2, 2, 3, 3, 5, 6, 17, 17, 27, 46, 56, 70"
1107,"1, 1, 1, 2, 2, 2, 2, 8, 10, 11, 19, 26, 34, 67, 70"
1108,"1, 1, 1, 1, 1, 1, 2, 2, 5, 6, 17, 22, 28, 41, 55, 72"
1109,"1, 1, 1, 1, 1, 1, 2, 5, 6, 7, 8, 16, 24, 45, 54, 83"
1110,"1, 1, 1, 2, 3, 3, 5, 11, 15, 19, 28, 34, 61, 72"
1111,"1, 1, 1, 2, 3, 3, 4, 8, 18, 20, 38, 41, 58, 58"
1112,"1, 1, 1, 2, 2, 3, 8, 11, 14, 15, 16, 50, 54, 78"
1113,"1, 1, 1, 1, 1, 2, 3, 5, 5, 5, 10, 11, 35, 41, 65, 69"
1114,"1, 1, 1, 1, 1, 2, 2, 7, 8, 16, 21, 38, 41, 56, 60"
1115,"1, 1, 2, 2, 2, 3, 7, 10, 13, 16, 29, 50, 52, 68"
1116,"1, 1, 1, 1, 1, 3, 7, 7, 7, 11, 13, 18, 24, 80, 81"
1117,"1, 1, 1, 1, 2, 3, 4, 8, 9, 9, 14, 22, 48, 51, 82"
1118,"1, 1, 1, 2, 3, 5, 7, 7, 15, 19, 25, 46, 56, 68"
1119,"1, 1, 1, 2, 3, 5, 7, 9, 14, 18, 29, 46, 50, 70"
1120,"1, 1, 1, 1, 2, 2, 3, 8, 11, 15, 15, 17, 44, 53, 82"
1121,"1, 1, 1, 1, 1, 2, 3, 7, 7, 12, 16, 35, 45, 54, 70"
1122,"1, 1, 1, 1, 1, 2, 2, 3, 7, 8, 11, 15, 19, 46, 52, 86"
1123,"1, 2, 2, 2, 2, 2, 12, 20, 21, 26, 44, 56, 66"
1124,"1, 1, 1, 1, 1, 3, 5, 7, 11, 11, 14, 35, 48, 50, 67"
1125,"1, 1, 1, 1, 2, 2, 2, 2, 10, 17, 25, 37, 44, 52, 59"
1126,"1, 1, 1, 2, 3, 4, 7, 7, 10, 15, 31, 50, 54, 70"
1127,"1, 1, 1, 2, 2, 2, 5, 12, 14, 15, 31, 48, 50, 72"
1128,"1, 1, 1, 2, 3, 3, 5, 6, 22, 23, 26, 39, 52, 72"
1129,"1, 1, 2, 2, 2, 4, 5, 5, 14, 25, 32, 42, 52, 69"
1130,"1, 2, 2, 4, 4, 6, 7, 8, 22, 38, 54, 54, 54"
1131,"1, 1, 1, 1, 2, 7, 7, 8, 16, 20, 27, 46, 49, 70"
1132,"1, 1, 1, 2, 2, 2, 4, 6, 8, 10, 19, 35, 38, 57, 70"
1133,"1, 1, 1, 2, 3, 4, 5, 9, 12, 14, 44, 50, 52, 58"
1134,"1, 1, 1, 1, 1, 5, 6, 12, 13, 23, 24, 49, 57, 62"
1135,"1, 1, 1, 1, 1, 1, 2, 2, 6, 7, 12, 17, 33, 39, 61, 71"
1136,"1, 1, 1, 2, 2, 2, 6, 8, 20, 24, 26, 42, 51, 70"
1137,"1, 1, 1, 2, 4, 16, 26, 96, 109"
1138,"1, 2, 2, 2, 5, 7, 9, 12, 18, 28, 40, 64, 66"
1139,"1, 1, 1, 1, 1, 2, 3, 5, 7, 10, 23, 40, 51, 55, 55"
1140,"1, 1, 1, 1, 3, 3, 9, 9, 10, 21, 23, 36, 68, 70"
1141,"1, 1, 1, 1, 1, 3, 4, 9, 9, 11, 14, 21, 51, 51, 78"
1142,"1, 1, 1, 2, 2, 2, 3, 3, 4, 13, 21, 40, 47, 58, 58"
1143,"1, 1, 1, 2, 2, 3, 3, 4, 4, 5, 10, 26, 56, 56, 82"
1144,"1, 1, 1, 1, 1, 2, 3, 4, 6, 7, 10, 22, 23, 36, 69, 69"
1145,"1, 1, 1, 1, 2, 5, 8, 9, 9, 13, 32, 50, 54, 70"
1146,"1, 1, 1, 1, 1, 3, 3, 8, 9, 11, 21, 24, 38, 65, 69"
1147,"1, 1, 2, 2, 2, 3, 4, 8, 15, 23, 37, 46, 54, 58"
1148,"1, 1, 1, 1, 1, 1, 2, 9, 10, 15, 17, 31, 45, 51, 70"
1149,"1, 1, 1, 1, 1, 2, 4, 7, 8, 15, 21, 25, 46, 56, 67"
1150,"1, 1, 1, 2, 4, 5, 5, 10, 10, 13, 20, 48, 54, 82"
1151,"1, 1, 1, 2, 4, 4, 6, 6, 17, 22, 22, 45, 55, 70"
1152,"1, 1, 1, 1, 3, 4, 4, 7, 15, 20, 39, 43, 53, 64"
1153,"1, 1, 1, 1, 2, 2, 4, 6, 8, 9, 16, 29, 37, 67, 72"
1154,"1, 1, 1, 2, 2, 3, 3, 5, 5, 11, 17, 29, 50, 56, 70"
1155,"1, 1, 1, 1, 1, 2, 4, 4, 11, 13, 14, 28, 49, 52, 74"
1156,"1, 1, 1, 2, 3, 3, 4, 5, 9, 10, 10, 22, 51, 52, 82"
1157,"1, 1, 1, 1, 1, 3, 4, 4, 7, 17, 18, 40, 43, 56, 59"
1158,"1, 1, 1, 1, 1, 1, 9, 11, 15, 25, 38, 48, 50, 54"
1159,"1, 1, 1, 1, 2, 2, 3, 8, 9, 18, 22, 23, 43, 54, 68"
1160,"1, 1, 1, 1, 2, 2, 3, 5, 7, 10, 17, 45, 51, 54, 56"
1161,"1, 1, 1, 2, 4, 5, 5, 13, 14, 16, 29, 33, 62, 70"
1162,"1, 1, 1, 1, 2, 2, 3, 4, 6, 7, 10, 16, 18, 45, 53, 86"
1163,"1, 1, 1, 2, 2, 3, 8, 8, 9, 13, 23, 51, 54, 80"
1164,"1, 1, 1, 2, 2, 3, 3, 4, 9, 13, 14, 30, 42, 63, 68"
1165,"1, 1, 1, 1, 1, 2, 11, 12, 14, 17, 19, 46, 50, 80"
1166,"1, 1, 1, 1, 1, 3, 4, 5, 10, 10, 21, 39, 50, 51, 58"
1167,"1, 1, 1, 1, 1, 1, 2, 3, 4, 5, 5, 10, 27, 56, 56, 82"
1168,"1, 1, 1, 1, 1, 1, 2, 5, 6, 8, 12, 13, 18, 48, 57, 81"
1169,"1, 1, 2, 3, 3, 3, 5, 5, 8, 19, 41, 54, 55, 56"
1170,"1, 1, 2, 2, 2, 5, 6, 7, 13, 22, 24, 34, 67, 70"
1171,"1, 1, 1, 2, 2, 3, 7, 11, 17, 17, 30, 40, 58, 66"
1172,"1, 1, 2, 5, 13, 33, 98, 103"
1173,"1, 1, 1, 1, 3, 4, 4, 8, 9, 21, 40, 53, 55, 55"
1174,"1, 1, 2, 2, 2, 4, 8, 9, 12, 14, 31, 48, 52, 70"
1175,"1, 1, 1, 1, 3, 4, 6, 9, 14, 15, 18, 44, 54, 85"
1176,"1, 1, 2, 3, 4, 7, 9, 9, 28, 32, 36, 54, 70"
1177,"1, 2, 2, 2, 3, 4, 6, 6, 11, 19, 24, 50, 54, 72"
1178,"1, 1, 1, 1, 1, 3, 5, 5, 9, 17, 20, 29, 42, 49, 72"
1179,"1, 1, 1, 1, 2, 3, 3, 7, 8, 14, 19, 27, 45, 54, 70"
1180,"1, 1, 1, 2, 3, 11, 12, 15, 16, 32, 48, 48, 66"
1181,"1, 1, 1, 1, 2, 4, 8, 10, 17, 18, 29, 45, 51, 68"
1182,"1, 1, 1, 1, 1, 1, 2, 5, 6, 14, 29, 40, 41, 50, 63"
1183,"1, 1, 1, 1, 1, 3, 5, 5, 5, 15, 19, 25, 48, 57, 69"
1184,"1, 1, 1, 1, 1, 1, 2, 8, 10, 14, 16, 30, 47, 54, 69"
1185,"1, 1, 1, 1, 2, 3, 3, 4, 11, 11, 14, 33, 42, 63, 66"
1186,"1, 1, 1, 1, 1, 2, 3, 3, 3, 3, 17, 25, 35, 43, 58, 59"
1187,"1, 1, 2, 4, 5, 10, 11, 11, 22, 23, 36, 64, 66"
1188,"1, 1, 1, 1, 1, 3, 3, 3, 25, 27, 35, 44, 53, 58"
1189,"1, 1, 1, 1, 1, 2, 3, 3, 4, 10, 12, 14, 15, 47, 59, 82"
1190,"1, 1, 1, 2, 2, 2, 2, 3, 7, 8, 21, 38, 38, 60, 70"
1191,"1, 1, 1, 1, 1, 2, 2, 2, 3, 5, 17, 21, 28, 43, 57, 71"
1192,"1, 1, 1, 2, 2, 2, 4, 5, 7, 13, 18, 27, 48, 57, 68"
1193,"1, 1, 1, 1, 2, 2, 4, 4, 5, 14, 24, 28, 42, 53, 74"
1194,"1, 1, 1, 3, 4, 5, 7, 10, 11, 14, 20, 45, 50, 84"
1195,"1, 1, 1, 1, 2, 2, 3, 7, 9, 9, 11, 34, 53, 54, 68"
1196,"1, 1, 1, 1, 1, 2, 2, 4, 6, 6, 8, 8, 23, 54, 55, 83"
1197,"1, 1, 1, 1, 1, 1, 1, 2, 3, 4, 14, 17, 43, 43, 60, 63"
1198,"1, 1, 1, 1, 1, 3, 4, 7, 11, 12, 13, 33, 35, 64, 69"
1199,"1, 1, 1, 2, 3, 4, 11, 18, 21, 35, 46, 55, 58"
1200,"1, 1, 3, 3, 4, 5, 11, 12, 25, 35, 36, 56, 64"
1201,"1, 1, 1, 1, 1, 1, 2, 2, 4, 5, 14, 15, 29, 47, 58, 74"
1202,"1, 1, 1, 1, 1, 2, 3, 4, 10, 16, 25, 37, 44, 50, 60"
1203,"1, 1, 1, 1, 1, 1, 4, 4, 6, 8, 10, 14, 21, 47, 51, 85"
1204,"1, 1, 1, 2, 2, 5, 9, 10, 12, 16, 20, 44, 51, 82"
1205,"1, 1, 1, 1, 1, 1, 2, 6, 8, 20, 22, 26, 45, 55, 66"
1206,"1, 1, 1, 4, 4, 6, 8, 13, 22, 37, 50, 52, 57"
1207,"1, 1, 1, 1, 1, 1, 2, 2, 2, 2, 8, 13, 14, 32, 43, 63, 69"
1208,"1, 1, 1, 1, 1, 1, 2, 3, 4, 7, 16, 23, 39, 45, 54, 57"
1209,"1, 1, 1, 1, 1, 3, 3, 6, 10, 12, 20, 22, 41, 45, 89"
1210,"1, 1, 1, 2, 2, 2, 3, 13, 13, 18, 42, 48, 49, 61"
1211,"1, 1, 1, 2, 4, 5, 8, 11, 12, 20, 25, 34, 64, 68"
1212,"1, 2, 3, 4, 6, 8, 8, 9, 17, 26, 38, 66, 68"
1213,"1, 1, 1, 2, 3, 3, 6, 10, 11, 24, 36, 37, 58, 63"
1214,"1, 1, 1, 1, 2, 2, 2, 7, 8, 12, 19, 32, 37, 59, 72"
1215,"1, 1, 1, 1, 1, 2, 2, 3, 3, 5, 14, 18, 27, 48, 55, 74"
1216,"1, 1, 1, 1, 1, 1, 2, 2, 7, 7, 11, 15, 31, 50, 54, 71"
1217,"1, 1, 1, 2, 2, 4, 8, 8, 10, 20, 43, 50, 52, 54"
1218,"1, 1, 3, 3, 7, 7, 7, 17, 17, 27, 46, 54, 66"
1219,"1, 1, 1, 1, 1, 2, 5, 5, 7, 14, 18, 30, 46, 55, 69"
1220,"1, 1, 1, 2, 3, 3, 11, 11, 12, 18, 28, 49, 50, 66"
1221,"1, 1, 1, 3, 3, 4, 5, 10, 12, 27, 33, 34, 56, 66"
1222,"1, 1, 1, 3, 3, 4, 5, 7, 13, 20, 23, 47, 56, 72"
1223,"1, 1, 1, 1, 1, 2, 5, 5, 9, 11, 15, 30, 42, 63, 69"
1224,"1, 1, 1, 3, 7, 8, 9, 14, 22, 23, 32, 63, 72"
1225,"1, 1, 1, 1, 2, 3, 4, 4, 7, 18, 19, 27, 44, 53, 71"
1226,"1, 1, 1, 1, 2, 2, 4, 8, 8, 9, 18, 22, 44, 52, 83"
1227,"1, 1, 1, 1, 1, 3, 4, 4, 8, 9, 17, 28, 38, 68, 72"
1228,"1, 1, 1, 1, 1, 2, 3, 3, 5, 13, 17, 42, 45, 60, 61"
1229,"1, 1, 1, 1, 1, 1, 2, 3, 4, 7, 12, 16, 33, 42, 61, 70"
1230,"1, 1, 1, 2, 2, 3, 4, 4, 7, 15, 22, 23, 46, 56, 69"
1231,"1, 1, 1, 1, 1, 4, 4, 4, 8, 13, 17, 30, 47, 52, 72"
1232,"1, 2, 3, 4, 4, 6, 8, 17, 17, 26, 46, 52, 70"
1233,"1, 1, 1, 2, 2, 4, 6, 10, 20, 20, 26, 42, 51, 70"
1234,"1, 1, 1, 2, 3, 4, 7, 15, 22, 42, 44, 53, 61"
1235,"1, 1, 1, 1, 1, 2, 2, 3, 7, 8, 11, 14, 31, 51, 53, 69"
1236,"1, 1, 1, 2, 3, 3, 6, 9, 14, 23, 38, 48, 51, 56"
1237,"1, 1, 1, 1, 1, 2, 3, 3, 4, 20, 25, 36, 43, 57, 58"
1238,"1, 1, 1, 1, 1, 1, 3, 9, 11, 13, 19, 25, 49, 52, 69"
1239,"1, 1, 2, 2, 5, 6, 8, 10, 19, 28, 40, 64, 70"
1240,"1, 1, 1, 2, 4, 6, 7, 8, 8, 18, 27, 40, 66, 67"
1241,"1, 1, 2, 2, 3, 4, 8, 8, 11, 13, 30, 52, 54, 67"
1242,"1, 1, 2, 3, 3, 3, 5, 9, 9, 17, 42, 52, 53, 56"
1243,"1, 1, 1, 2, 2, 4, 6, 10, 10, 12, 38, 46, 49, 74"
1244,"1, 1, 1, 1, 1, 2, 3, 7, 10, 11, 17, 30, 52, 53, 66"
1245,"1, 1, 1, 2, 2, 5, 5, 11, 15, 20, 24, 47, 58, 64"
1246,"1, 1, 2, 2, 6, 8, 10, 19, 20, 25, 44, 54, 64"
1247,"1, 1, 2, 3, 4, 9, 9, 12, 16, 32, 48, 52, 67"
1248,"1, 1, 1, 2, 2, 4, 5, 9, 20, 24, 26, 34, 53, 74"
1249,"1, 1, 1, 1, 1, 2, 4, 6, 8, 13, 13, 33, 49, 55, 68"
1250,"1, 1, 1, 2, 2, 3, 3, 7, 9, 9, 12, 33, 51, 52, 70"
1251,"1, 1, 1, 1, 1, 1, 2, 2, 3, 5, 16, 26, 28, 42, 50, 76"
1252,"1, 1, 1, 2, 2, 3, 3, 4, 8, 10, 16, 28, 51, 54, 72"
1253,"1, 1, 1, 1, 2, 4, 4, 8, 19, 26, 35, 43, 55, 56"
1254,"1, 1, 1, 1, 2, 2, 5, 6, 7, 8, 19, 27, 38, 64, 74"
1255,"1, 1, 3, 6, 14, 32, 92, 107"
1256,"1, 1, 1, 1, 2, 3, 4, 4, 6, 9, 9, 24, 53, 53, 85"
1257,"1, 1, 1, 1, 2, 2, 4, 4, 10, 14, 16, 17, 44, 57, 82"
1258,"1, 1, 2, 4, 5, 7, 7, 8, 18, 26, 40, 66, 71"
1259,"1, 2, 2, 3, 3, 5, 5, 9, 10, 15, 20, 43, 52, 86"
1260,"1, 1, 1, 1, 2, 3, 3, 3, 3, 15, 21, 28, 44, 56, 74"
1261,"1, 1, 1, 1, 3, 3, 3, 9, 17, 23, 37, 46, 51, 60"
1262,"1, 1, 1, 1, 1, 2, 3, 10, 11, 12, 20, 27, 33, 66, 67"
1263,"1, 1, 2, 2, 3, 4, 4, 6, 11, 21, 40, 49, 56, 56"
1264,"1, 1, 1, 1, 1, 1, 2, 5, 6, 7, 14, 17, 29, 47, 55, 68"
1265,"1, 1, 1, 1, 1, 2, 2, 4, 10, 19, 22, 36, 43, 56, 57"
1266,"1, 1, 1, 3, 5, 8, 11, 13, 17, 27, 51, 56, 62"
1267,"1, 1, 1, 1, 1, 1, 2, 7, 7, 18, 19, 27, 39, 59, 72"
1268,"1, 1, 1, 2, 3, 3, 4, 8, 11, 20, 40, 52, 52, 58"
1269,"1, 1, 1, 1, 1, 2, 3, 5, 8, 15, 16, 32, 45, 53, 72"
1270,"1, 1, 1, 1, 2, 3, 3, 7, 9, 13, 17, 33, 38, 59, 68"
1271,"1, 1, 1, 1, 1, 2, 4, 5, 7, 9, 22, 23, 38, 67, 74"
1272,"1, 1, 1, 1, 1, 2, 3, 6, 7, 10, 25, 36, 40, 56, 66"
1273,"1, 1, 1, 1, 1, 1, 2, 3, 3, 9, 9, 23, 37, 38, 57, 69"
1274,"1, 1, 2, 2, 3, 7, 10, 13, 22, 24, 25, 66, 80"
1275,"1, 1, 1, 1, 3, 3, 9, 10, 11, 21, 25, 36, 66, 68"
1276,"1, 1, 1, 1, 1, 1, 3, 3, 9, 16, 23, 37, 46, 53, 60"
1277,"1, 1, 1, 1, 2, 4, 9, 11, 14, 16, 16, 45, 60, 75"
1278,"1, 1, 1, 1, 1, 4, 7, 10, 17, 21, 25, 45, 56, 66"
1279,"1, 1, 1, 1, 1, 1, 2, 2, 3, 6, 7, 11, 14, 19, 46, 54, 86"
1280,"1, 1, 1, 2, 2, 3, 7, 10, 14, 21, 32, 35, 57, 70"
1281,"1, 1, 1, 1, 2, 3, 5, 7, 8, 11, 19, 27, 36, 64, 70"
1282,"1, 2, 4, 8, 8, 8, 12, 17, 20, 46, 46, 84"
1283,"1, 1, 1, 1, 1, 5, 7, 14, 35, 43, 47, 48, 52"
1284,"1, 1, 2, 2, 3, 3, 7, 8, 11, 17, 32, 38, 61, 70"
1285,"1, 1, 1, 1, 1, 1, 5, 7, 9, 19, 19, 27, 43, 54, 67"
1286,"1, 1, 2, 2, 2, 4, 6, 8, 21, 22, 24, 40, 55, 68"
1287,"1, 1, 1, 1, 2, 2, 2, 4, 6, 6, 9, 15, 20, 46, 55, 85"
1288,"1, 1, 1, 1, 1, 1, 2, 5, 5, 5, 9, 11, 35, 54, 56, 68"
1289,"1, 1, 1, 1, 1, 2, 2, 6, 7, 21, 29, 34, 39, 55, 56"
1290,"1, 1, 1, 1, 3, 5, 5, 5, 12, 17, 36, 41, 57, 71"
1291,"1, 1, 1, 2, 2, 3, 7, 10, 13, 22, 40, 49, 51, 54"
1292,"1, 1, 1, 1, 3, 4, 9, 12, 13, 14, 22, 47, 48, 80"
1293,"1, 1, 1, 2, 2, 3, 3, 7, 21, 28, 33, 40, 56, 58"
1294,"1, 2, 2, 3, 3, 8, 13, 13, 15, 30, 48, 48, 70"
1295,"1, 1, 1, 2, 3, 3, 5, 7, 19, 22, 24, 43, 54, 71"
1296,"1, 1, 1, 1, 1, 3, 3, 5, 5, 14, 25, 36, 47, 56, 57"
1297,"1, 1, 1, 2, 3, 3, 3, 10, 18, 21, 24, 44, 58, 67"
1298,"1, 1, 3, 3, 5, 9, 11, 14, 15, 30, 48, 50, 66"
1299,"1, 1, 1, 1, 2, 3, 3, 3, 12, 13, 23, 32, 39, 58, 64"
1300,"1, 1, 1, 1, 1, 3, 5, 7, 9, 12, 16, 20, 45, 51, 83"
1301,"1, 1, 1, 1, 5, 5, 7, 12, 13, 19, 28, 33, 62, 68"
1302,"1, 1, 1, 1, 2, 4, 4, 6, 6, 10, 15, 21, 45, 54, 85"
1303,"1, 1, 1, 1, 1, 1, 1, 2, 3, 5, 8, 15, 15, 16, 46, 54, 85"
1304,"1, 1, 1, 2, 2, 3, 10, 13, 13, 13, 32, 48, 49, 68"
1305,"1, 1, 1, 1, 1, 2, 2, 2, 3, 9, 14, 23, 31, 39, 60, 66"
1306,"1, 1, 1, 2, 3, 4, 6, 7, 13, 20, 38, 41, 54, 65"
1307,"1, 2, 3, 4, 17, 29, 92, 108"
1308,"1, 1, 1, 1, 2, 4, 4, 12, 13, 27, 34, 34, 58, 64"
1309,"1, 1, 1, 1, 1, 1, 2, 3, 4, 6, 16, 22, 29, 44, 55, 69"
1310,"1, 1, 1, 1, 2, 2, 2, 3, 5, 6, 12, 14, 31, 50, 55, 70"
1311,"1, 1, 1, 1, 1, 2, 2, 7, 9, 12, 20, 40, 50, 53, 56"
1312,"1, 1, 1, 2, 4, 6, 6, 9, 10, 16, 29, 38, 64, 69"
1313,"1, 1, 1, 1, 2, 3, 4, 6, 7, 9, 19, 28, 38, 66, 70"
1314,"1, 1, 1, 2, 2, 3, 3, 5, 7, 10, 15, 30, 50, 56, 70"
1315,"1, 1, 1, 1, 3, 4, 5, 10, 14, 23, 36, 38, 58, 61"
1316,"1, 2, 2, 2, 2, 4, 6, 17, 26, 32, 42, 58, 62"
1317,"1, 1, 2, 2, 2, 3, 3, 5, 7, 16, 17, 28, 43, 54, 72"
1318,"1, 1, 1, 2, 2, 2, 3, 7, 12, 12, 12, 33, 48, 50, 70"
1319,"1, 1, 1, 2, 2, 3, 3, 3, 6, 13, 15, 32, 39, 62, 73"
1320,"1, 1, 3, 3, 3, 3, 5, 7, 13, 17, 25, 49, 56, 70"
1321,"1, 1, 1, 1, 2, 3, 3, 5, 11, 12, 13, 18, 49, 57, 79"
1322,"1, 1, 1, 1, 1, 2, 4, 5, 5, 12, 18, 27, 49, 60, 69"
1323,"1, 1, 1, 1, 2, 3, 4, 8, 9, 9, 14, 22, 48, 50, 83"
1324,"1, 1, 2, 3, 4, 4, 9, 12, 21, 38, 39, 60, 62"
1325,"1, 1, 1, 1, 4, 4, 5, 6, 13, 14, 30, 50, 53, 73"
1326,"1, 1, 1, 2, 3, 3, 4, 4, 4, 13, 14, 29, 48, 56, 73"
1327,"1, 1, 1, 1, 3, 4, 5, 9, 20, 21, 23, 42, 59, 66"
1328,"1, 1, 1, 2, 2, 2, 4, 9, 19, 20, 24, 42, 60, 69"
1329,"1, 1, 1, 1, 1, 3, 6, 7, 10, 10, 14, 21, 47, 47, 86"
1330,"1, 1, 1, 1, 2, 2, 4, 6, 8, 15, 19, 27, 46, 54, 69"
1331,"1, 1, 1, 1, 2, 2, 3, 3, 7, 15, 18, 28, 40, 63, 71"
1332,"1, 1, 1, 2, 2, 5, 10, 10, 12, 13, 20, 50, 51, 78"
1333,"1, 1, 1, 1, 1, 2, 2, 3, 4, 4, 11, 15, 30, 49, 57, 74"
1334,"1, 1, 1, 2, 5, 5, 12, 18, 21, 29, 41, 50, 70"
1335,"1, 1, 1, 2, 3, 3, 4, 4, 6, 10, 15, 27, 51, 58, 70"
1336,"1, 1, 1, 1, 1, 1, 3, 4, 7, 8, 10, 15, 32, 51, 51, 69"
1337,"1, 1, 1, 1, 1, 1, 4, 8, 13, 13, 18, 33, 44, 50, 67"
1338,"1, 1, 2, 3, 3, 9, 10, 11, 25, 35, 52, 52, 52"
1339,"1, 1, 1, 1, 3, 3, 4, 12, 19, 23, 39, 43, 48, 58"
1340,"1, 1, 1, 1, 1, 2, 4, 6, 9, 10, 21, 35, 37, 57, 70"
1341,"1, 1, 1, 1, 1, 2, 3, 6, 10, 11, 16, 36, 46, 49, 72"
1342,"1, 1, 1, 1, 3, 3, 3, 7, 9, 12, 15, 29, 50, 52, 69"
1343,"1, 1, 1, 1, 1, 3, 4, 6, 7, 16, 18, 30, 45, 54, 68"
1344,"1, 2, 2, 2, 3, 3, 3, 5, 7, 30, 40, 42, 46, 70"
1345,"1, 1, 1, 1, 2, 2, 2, 3, 6, 22, 23, 25, 40, 51, 76"
1346,"1, 1, 1, 1, 2, 2, 7, 7, 21, 26, 36, 40, 55, 56"
1347,"1, 1, 2, 2, 2, 3, 6, 6, 18, 27, 32, 44, 56, 56"
1348,"1, 1, 1, 1, 1, 1, 1, 3, 5, 7, 14, 23, 37, 48, 55, 57"
1349,"1, 1, 1, 1, 3, 3, 4, 5, 6, 12, 17, 28, 49, 55, 70"
1350,"1, 1, 1, 1, 1, 2, 3, 6, 7, 16, 29, 31, 45, 56, 56"
1351,"1, 2, 2, 2, 2, 2, 4, 8, 15, 20, 40, 46, 54, 58"
1352,"1, 2, 2, 2, 2, 5, 5, 8, 10, 17, 36, 38, 58, 70"
1353,"1, 1, 1, 2, 2, 4, 4, 12, 15, 18, 43, 47, 48, 58"
1354,"1, 1, 1, 1, 1, 2, 3, 4, 10, 20, 21, 25, 44, 56, 66"
1355,"1, 1, 1, 2, 2, 2, 3, 3, 8, 16, 24, 37, 44, 54, 58"
1356,"1, 1, 1, 2, 2, 2, 7, 10, 12, 17, 34, 36, 60, 71"
1357,"1, 1, 1, 1, 1, 2, 3, 4, 5, 9, 10, 14, 21, 46, 49, 88"
1358,"1, 1, 2, 3, 6, 6, 11, 18, 19, 28, 43, 50, 68"
1359,"1, 1, 1, 2, 3, 4, 6, 9, 12, 19, 26, 53, 55, 64"
1360,"1, 1, 1, 1, 2, 4, 4, 5, 6, 9, 14, 29, 52, 53, 74"
1361,"1, 1, 1, 1, 1, 1, 2, 4, 8, 9, 10, 12, 21, 49, 53, 82"
1362,"1, 1, 1, 1, 1, 1, 2, 3, 4, 9, 10, 23, 36, 39, 57, 67"
1363,"1, 1, 2, 3, 5, 7, 11, 14, 19, 20, 41, 48, 84"
1364,"1, 1, 1, 1, 2, 3, 3, 4, 6, 14, 28, 34, 47, 54, 57"
1365,"1, 1, 3, 3, 5, 7, 9, 11, 14, 31, 38, 63, 70"
1366,"1, 1, 2, 2, 3, 3, 4, 5, 19, 20, 28, 42, 55, 71"
1367,"1, 1, 1, 2, 2, 2, 2, 2, 3, 5, 16, 19, 29, 41, 54, 76"
1368,"1, 1, 2, 2, 3, 4, 5, 10, 13, 21, 24, 34, 62, 74"
1369,"1, 1, 1, 1, 2, 3, 3, 4, 7, 9, 16, 36, 37, 59, 76"
1370,"1, 1, 1, 2, 2, 3, 4, 5, 6, 15, 16, 30, 45, 56, 69"
1371,"1, 1, 1, 1, 1, 1, 3, 4, 12, 13, 17, 45, 46, 50, 60"
1372,"1, 1, 1, 2, 2, 2, 2, 2, 2, 4, 15, 21, 30, 43, 54, 74"
1373,"1, 1, 1, 1, 1, 2, 2, 3, 3, 5, 14, 22, 38, 47, 57, 58"
1374,"1, 1, 2, 2, 3, 6, 10, 11, 16, 31, 50, 54, 69"
1375,"1, 1, 1, 1, 2, 2, 3, 4, 19, 28, 44, 45, 47, 58"
1376,"1, 1, 1, 1, 2, 3, 3, 5, 7, 9, 23, 38, 39, 58, 65"
1377,"1, 1, 1, 1, 2, 2, 3, 4, 8, 11, 15, 32, 47, 54, 74"
1378,"1, 1, 1, 1, 1, 2, 4, 11, 12, 12, 14, 20, 47, 50, 79"
1379,"1, 1, 1, 2, 3, 4, 7, 12, 13, 22, 24, 33, 63, 70"
1380,"1, 2, 3, 4, 5, 5, 7, 13, 20, 24, 48, 54, 70"
1381,"1, 1, 1, 1, 2, 2, 4, 8, 12, 12, 14, 33, 47, 50, 68"
1382,"1, 1, 2, 2, 2, 4, 6, 10, 19, 22, 24, 41, 50, 72"
1383,"1, 1, 1, 1, 2, 2, 3, 5, 7, 16, 19, 23, 46, 59, 70"
1384,"1, 1, 2, 2, 2, 3, 6, 8, 16, 22, 30, 38, 54, 71"
1385,"1, 1, 1, 1, 2, 3, 5, 9, 21, 28, 33, 42, 51, 58"
1386,"1, 1, 1, 2, 2, 4, 4, 9, 15, 16, 30, 44, 53, 74"
1387,"1, 1, 1, 1, 1, 1, 2, 5, 11, 14, 15, 32, 46, 62, 63"
1388,"1, 1, 1, 1, 2, 2, 4, 7, 8, 8, 14, 33, 51, 54, 69"
1389,"1, 1, 1, 2, 2, 2, 2, 4, 10, 13, 21, 24, 48, 57, 68"
1390,"1, 1, 3, 3, 3, 5, 11, 21, 22, 22, 40, 50, 74"
1391,"1, 1, 1, 1, 1, 3, 3, 7, 7, 12, 23, 38, 49, 54, 55"
1392,"1, 1, 1, 1, 2, 2, 3, 7, 8, 16, 18, 30, 37, 59, 70"
1393,"1, 1, 1, 1, 1, 2, 6, 6, 8, 16, 21, 26, 45, 49, 72"
1394,"1, 1, 2, 2, 4, 8, 8, 15, 18, 26, 47, 54, 70"
1395,"1, 1, 1, 1, 2, 3, 7, 13, 14, 18, 29, 39, 63, 64"
1396,"1, 1, 2, 2, 2, 3, 4, 5, 6, 9, 16, 28, 37, 70, 70"
1397,"1, 1, 3, 4, 6, 6, 7, 8, 18, 25, 37, 68, 72"
1398,"1, 1, 1, 1, 1, 3, 4, 9, 10, 10, 14, 33, 51, 52, 65"
1399,"1, 1, 1, 1, 1, 1, 5, 5, 10, 11, 15, 31, 36, 67, 70"
1400,"1, 1, 2, 2, 3, 6, 6, 7, 13, 16, 29, 48, 54, 68"
1401,"1, 2, 2, 2, 5, 7, 10, 11, 12, 34, 48, 54, 68"
1402,"1, 1, 1, 1, 1, 3, 3, 9, 9, 12, 17, 19, 45, 50, 84"
1403,"1, 1, 3, 3, 3, 4, 7, 12, 23, 38, 44, 54, 63"
1404,"1, 1, 1, 1, 3, 5, 5, 5, 10, 18, 29, 51, 56, 70"
1405,"1, 1, 1, 1, 2, 3, 3, 5, 7, 14, 21, 41, 46, 54, 56"
1406,"1, 1, 2, 2, 3, 3, 4, 8, 9, 19, 33, 38, 60, 73"
1407,"1, 1, 1, 1, 3, 4, 4, 11, 13, 15, 33, 48, 52, 69"
1408,"1, 1, 1, 1, 1, 4, 4, 4, 6, 19, 22, 28, 39, 55, 70"
1409,"1, 1, 1, 1, 2, 2, 2, 4, 6, 12, 22, 38, 44, 55, 65"
1410,"1, 1, 1, 2, 3, 3, 3, 9, 17, 17, 36, 42, 60, 61"
1411,"1, 1, 1, 1, 1, 4, 4, 8, 12, 12, 19, 27, 33, 64, 68"
1412,"1, 1, 1, 1, 1, 2, 2, 7, 8, 9, 22, 39, 52, 54, 56"
1413,"1, 1, 1, 1, 1, 1, 6, 9, 22, 24, 26, 42, 51, 70"
1414,"1, 1, 1, 1, 2, 2, 4, 8, 10, 13, 17, 17, 44, 53, 82"
1415,"1, 2, 2, 2, 3, 3, 3, 8, 10, 13, 33, 42, 64, 70"
1416,"1, 1, 2, 3, 5, 5, 8, 9, 21, 21, 36, 72, 72"
1417,"1, 1, 1, 2, 3, 4, 4, 6, 17, 21, 30, 39, 55, 72"
1418,"1, 1, 1, 1, 2, 3, 4, 6, 7, 10, 11, 23, 52, 52, 82"
1419,"1, 1, 1, 1, 3, 4, 10, 11, 14, 14, 33, 48, 50, 65"
1420,"1, 2, 2, 3, 5, 5, 6, 17, 22, 23, 46, 52, 72"
1421,"1, 1, 1, 2, 2, 3, 4, 6, 6, 15, 21, 23, 45, 54, 72"
1422,"1, 1, 1, 2, 2, 4, 8, 8, 17, 18, 28, 45, 54, 67"
1423,"1, 1, 1, 2, 2, 4, 5, 5, 6, 7, 18, 26, 41, 68, 69"
1424,"1, 1, 1, 1, 2, 3, 5, 6, 12, 22, 40, 45, 55, 62"
1425,"1, 1, 1, 1, 1, 1, 3, 3, 4, 6, 16, 23, 39, 45, 53, 58"
1426,"1, 1, 1, 1, 2, 4, 5, 10, 12, 21, 25, 42, 64, 67"
1427,"1, 1, 1, 1, 1, 1, 3, 9, 12, 12, 19, 27, 49, 51, 68"
1428,"1, 1, 1, 2, 2, 3, 4, 11, 15, 15, 36, 46, 47, 72"
1429,"1, 1, 1, 1, 1, 2, 2, 5, 8, 10, 14, 33, 53, 56, 68"
1430,"1, 1, 1, 1, 2, 2, 3, 7, 9, 11, 22, 24, 34, 69, 69"
1431,"1, 1, 1, 1, 2, 6, 8, 8, 9, 21, 25, 38, 65, 70"
1432,"1, 1, 1, 1, 2, 2, 3, 7, 7, 12, 13, 33, 50, 53, 70"
1433,"1, 1, 1, 1, 1, 3, 5, 5, 7, 17, 22, 29, 36, 55, 72"
1434,"1, 1, 1, 1, 3, 4, 6, 8, 19, 21, 25, 41, 55, 70"
1435,"1, 1, 1, 1, 1, 4, 9, 10, 14, 22, 34, 37, 55, 66"
1436,"1, 2, 2, 2, 5, 8, 9, 18, 19, 26, 44, 54, 66"
1437,"1, 1, 2, 2, 3, 4, 6, 10, 10, 13, 19, 48, 53, 84"
1438,"1, 1, 1, 1, 1, 1, 2, 2, 2, 4, 5, 10, 14, 34, 41, 63, 73"
1439,"1, 1, 1, 1, 3, 3, 4, 4, 9, 14, 21, 24, 32, 67, 71"
1440,"1, 1, 1, 1, 1, 3, 3, 5, 13, 15, 18, 29, 31, 63, 71"
1441,"1, 1, 1, 1, 2, 2, 3, 6, 10, 12, 15, 31, 40, 63, 68"
1442,"1, 1, 2, 2, 2, 7, 8, 10, 16, 32, 53, 54, 68"
1443,"1, 1, 2, 2, 5, 5, 5, 7, 10, 11, 21, 50, 52, 84"
1444,"1, 1, 1, 1, 2, 3, 4, 4, 5, 8, 14, 32, 39, 67, 74"
1445,"1, 1, 1, 1, 2, 2, 4, 4, 9, 12, 16, 31, 36, 65, 71"
1446,"1, 1, 1, 1, 1, 2, 3, 5, 9, 15, 23, 32, 35, 54, 73"
1447,"1, 1, 1, 2, 4, 4, 6, 6, 13, 14, 18, 44, 60, 82"
1448,"1, 1, 1, 2, 2, 2, 8, 8, 20, 21, 26, 42, 53, 69"
1449,"1, 1, 1, 1, 1, 2, 2, 7, 7, 14, 21, 31, 38, 57, 72"
1450,"1, 1, 1, 1, 2, 4, 5, 7, 10, 10, 18, 27, 35, 66, 68"
1451,"1, 1, 1, 2, 3, 4, 5, 9, 14, 18, 28, 41, 62, 67"
1452,"1, 1, 1, 1, 1, 1, 2, 2, 4, 7, 7, 22, 38, 41, 57, 70"
1453,"1, 1, 2, 2, 2, 3, 7, 10, 18, 19, 26, 43, 52, 70"
1454,"1, 1, 1, 2, 3, 4, 6, 9, 13, 21, 23, 34, 68, 70"
1455,"1, 1, 1, 2, 2, 4, 8, 9, 10, 10, 36, 52, 52, 68"
1456,"1, 1, 1, 1, 2, 2, 3, 8, 9, 14, 18, 31, 38, 59, 68"
1457,"1, 1, 1, 1, 1, 1, 3, 5, 5, 5, 13, 14, 18, 43, 57, 87"
1458,"1, 1, 1, 2, 2, 3, 8, 9, 13, 15, 34, 38, 62, 67"
1459,"1, 1, 1, 1, 1, 2, 2, 3, 10, 15, 15, 30, 43, 63, 68"
1460,"1, 1, 1, 1, 3, 3, 7, 9, 17, 21, 26, 43, 53, 70"
1461,"1, 1, 1, 1, 1, 4, 5, 5, 12, 13, 15, 31, 33, 63, 70"
1462,"1, 1, 1, 1, 1, 2, 3, 7, 8, 17, 20, 28, 39, 57, 70"
1463,"1, 1, 1, 2, 2, 3, 3, 6, 15, 16, 41, 44, 60, 61"
1464,"1, 1, 3, 3, 5, 6, 7, 10, 20, 28, 39, 64, 69"
1465,"1, 1, 1, 1, 1, 1, 2, 4, 8, 17, 19, 40, 45, 54, 61"
1466,"1, 1, 1, 1, 2, 5, 17, 22, 86, 120"
1467,"1, 1, 1, 1, 1, 1, 1, 4, 5, 6, 19, 24, 27, 42, 53, 69"
1468,"1, 1, 1, 2, 2, 3, 3, 3, 5, 15, 21, 40, 46, 55, 58"
1469,"1, 1, 1, 1, 1, 1, 2, 2, 7, 7, 12, 16, 30, 49, 53, 72"
1470,"1, 1, 1, 1, 1, 2, 2, 3, 7, 9, 11, 14, 18, 46, 55, 84"
1471,"1, 1, 1, 1, 2, 2, 3, 5, 8, 13, 14, 31, 49, 55, 70"
1472,"1, 1, 1, 2, 2, 2, 3, 5, 6, 21, 22, 24, 40, 55, 71"
1473,"1, 1, 1, 1, 1, 1, 1, 4, 6, 10, 11, 12, 18, 51, 58, 79"
1474,"1, 1, 1, 1, 1, 2, 2, 4, 9, 22, 28, 33, 40, 54, 57"
1475,"1, 1, 1, 1, 1, 3, 5, 6, 8, 14, 17, 29, 48, 49, 72"
1476,"1, 1, 1, 1, 1, 2, 7, 8, 17, 21, 25, 45, 56, 70"
1477,"1, 1, 1, 1, 2, 4, 4, 4, 10, 11, 20, 23, 35, 68, 71"
1478,"1, 1, 1, 1, 1, 2, 2, 3, 4, 4, 16, 22, 29, 43, 54, 72"
1479,"1, 1, 1, 1, 2, 3, 3, 4, 9, 14, 27, 32, 33, 58, 67"
1480,"1, 1, 1, 1, 2, 3, 8, 19, 23, 24, 42, 54, 77"
1481,"1, 1, 1, 1, 1, 1, 3, 11, 11, 11, 15, 31, 51, 51, 66"
1482,"1, 1, 2, 3, 5, 7, 8, 13, 18, 19, 44, 54, 81"
1483,"1, 1, 1, 1, 1, 2, 3, 7, 10, 11, 14, 20, 48, 52, 84"
1484,"1, 1, 1, 1, 2, 4, 6, 8, 9, 22, 41, 51, 53, 56"
1485,"1, 1, 1, 1, 2, 4, 4, 6, 8, 10, 13, 20, 48, 49, 88"
1486,"1, 1, 1, 1, 2, 2, 3, 5, 8, 9, 10, 37, 51, 53, 72"
1487,"1, 1, 1, 2, 2, 3, 3, 3, 4, 10, 16, 30, 50, 58, 72"
1488,"1, 1, 1, 1, 2, 3, 6, 7, 14, 26, 37, 46, 54, 57"
1489,"1, 2, 3, 3, 3, 4, 12, 13, 23, 34, 36, 58, 64"
1490,"1, 1, 1, 1, 2, 2, 4, 4, 4, 13, 17, 17, 44, 58, 87"
1491,"1, 1, 1, 1, 1, 2, 2, 3, 5, 7, 13, 17, 19, 40, 55, 88"
1492,"1, 1, 1, 1, 2, 4, 5, 7, 8, 8, 16, 22, 45, 51, 84"
1493,"1, 1, 1, 1, 2, 3, 8, 12, 13, 22, 24, 49, 56, 63"
1494,"1, 1, 2, 4, 4, 6, 8, 9, 22, 39, 52, 54, 54"
1495,"1, 1, 1, 1, 3, 5, 7, 11, 11, 13, 33, 50, 51, 68"
1496,"1, 1, 1, 1, 1, 1, 1, 2, 3, 10, 12, 19, 27, 49, 59, 68"
1497,"1, 2, 2, 2, 2, 2, 4, 5, 5, 12, 15, 18, 44, 52, 90"
1498,"1, 1, 1, 1, 1, 2, 4, 6, 8, 11, 14, 20, 46, 54, 86"
1499,"1, 1, 1, 2, 2, 2, 8, 9, 9, 22, 40, 52, 53, 54"
1500,"1, 1, 2, 2, 2, 2, 3, 5, 7, 8, 18, 26, 40, 69, 70"
1501,"1, 1, 1, 1, 1, 3, 3, 4, 9, 13, 14, 33, 43, 61, 68"
1502,"1, 1, 1, 1, 2, 2, 3, 4, 7, 19, 20, 28, 42, 56, 69"
1503,"1, 1, 1, 2, 3, 3, 5, 5, 13, 20, 41, 42, 56, 63"
1504,"1, 1, 1, 1, 2, 7, 7, 10, 13, 18, 30, 33, 65, 67"
1505,"1, 1, 2, 2, 2, 4, 4, 10, 16, 17, 28, 46, 49, 74"
1506,"1, 1, 1, 1, 2, 3, 3, 5, 5, 16, 22, 30, 40, 55, 71"
1507,"1, 1, 1, 2, 4, 7, 8, 17, 22, 36, 40, 55, 62"
1508,"1, 1, 1, 1, 2, 4, 11, 12, 13, 16, 29, 49, 52, 64"
1509,"1, 1, 1, 1, 1, 2, 3, 3, 10, 14, 25, 37, 42, 51, 64"
1510,"1, 1, 2, 2, 2, 3, 6, 6, 12, 16, 36, 38, 59, 72"
1511,"1, 1, 1, 1, 1, 2, 3, 5, 5, 5, 12, 16, 29, 49, 55, 70"
1512,"1, 1, 1, 1, 1, 2, 2, 3, 5, 6, 15, 17, 30, 45, 55, 71"
1513,"1, 1, 1, 1, 2, 2, 2, 2, 4, 4, 11, 16, 42, 45, 57, 65"
1514,"1, 1, 2, 2, 2, 3, 4, 4, 11, 17, 42, 43, 58, 66"
1515,"1, 1, 1, 2, 3, 3, 7, 8, 11, 13, 32, 40, 64, 70"
1516,"1, 1, 1, 1, 1, 2, 3, 3, 7, 17, 26, 30, 40, 49, 74"
1517,"1, 1, 1, 1, 2, 3, 4, 8, 8, 11, 13, 31, 51, 53, 68"
1518,"1, 1, 1, 1, 1, 2, 3, 5, 6, 15, 25, 29, 39, 53, 74"
1519,"1, 1, 1, 2, 5, 5, 7, 7, 9, 22, 24, 39, 66, 67"
1520,"1, 1, 1, 1, 2, 3, 9, 12, 14, 16, 31, 47, 50, 68"
1521,"1, 1, 1, 4, 5, 6, 13, 18, 20, 30, 41, 46, 70"
1522,"1, 1, 1, 1, 2, 4, 5, 14, 15, 18, 30, 42, 60, 62"
1523,"1, 1, 1, 1, 2, 2, 5, 6, 9, 12, 13, 18, 49, 55, 81"
1524,"1, 1, 1, 1, 2, 2, 4, 4, 6, 19, 25, 27, 42, 52, 69"
1525,"1, 2, 3, 3, 11, 11, 16, 23, 32, 34, 54, 66"
1526,"1, 1, 1, 2, 2, 2, 4, 5, 7, 10, 13, 34, 42, 65, 67"
1527,"1, 1, 2, 3, 3, 4, 6, 10, 11, 21, 24, 34, 66, 70"
1528,"1, 1, 1, 1, 2, 3, 4, 7, 8, 9, 13, 30, 51, 53, 72"
1529,"1, 1, 1, 1, 2, 2, 2, 2, 5, 6, 7, 13, 32, 54, 55, 72"
1530,"1, 1, 1, 4, 4, 14, 26, 96, 109"
1531,"1, 1, 1, 1, 1, 3, 3, 9, 9, 10, 17, 29, 51, 52, 68"
1532,"1, 1, 1, 1, 1, 1, 2, 4, 6, 7, 10, 20, 35, 39, 57, 70"
1533,"1, 1, 1, 1, 3, 3, 5, 11, 15, 29, 31, 32, 58, 65"
1534,"1, 1, 2, 3, 5, 6, 15, 15, 21, 23, 32, 60, 72"
1535,"1, 1, 1, 1, 1, 3, 4, 8, 9, 10, 13, 21, 51, 53, 79"
1536,"1, 1, 1, 1, 1, 2, 3, 4, 5, 6, 10, 21, 26, 35, 68, 71"
1537,"1, 1, 1, 1, 2, 5, 6, 7, 18, 22, 24, 44, 57, 67"
1538,"1, 1, 1, 2, 2, 3, 5, 8, 8, 14, 33, 39, 69, 70"
1539,"1, 1, 2, 2, 5, 7, 8, 12, 25, 33, 40, 54, 66"
1540,"1, 1, 2, 2, 2, 2, 4, 4, 8, 10, 12, 34, 42, 64, 68"
1541,"1, 1, 1, 2, 2, 5, 7, 8, 16, 20, 28, 44, 54, 67"
1542,"1, 1, 1, 1, 1, 1, 2, 9, 9, 12, 18, 34, 37, 59, 70"
1543,"1, 1, 1, 2, 2, 2, 3, 4, 5, 15, 24, 36, 47, 55, 58"
1544,"1, 1, 2, 2, 2, 3, 6, 10, 11, 19, 40, 51, 52, 56"
1545,"1, 1, 1, 2, 2, 2, 2, 5, 9, 11, 13, 20, 48, 58, 81"
1546,"1, 1, 1, 2, 2, 2, 4, 6, 22, 22, 24, 44, 53, 72"
1547,"1, 1, 1, 1, 1, 1, 1, 2, 4, 9, 13, 19, 42, 49, 53, 58"
1548,"1, 1, 3, 4, 20, 32, 91, 104"
1549,"1, 1, 2, 2, 2, 9, 10, 12, 27, 36, 38, 50, 66"
1550,"1, 1, 1, 2, 3, 3, 5, 13, 15, 23, 31, 38, 46, 74"
1551,"1, 1, 1, 1, 1, 1, 2, 2, 10, 11, 14, 14, 19, 47, 51, 80"
1552,"1, 1, 1, 1, 3, 4, 5, 12, 17, 18, 27, 42, 60, 64"
1553,"1, 1, 1, 2, 2, 4, 9, 10, 12, 15, 31, 52, 52, 64"
1554,"1, 1, 1, 1, 2, 3, 4, 8, 9, 9, 18, 27, 37, 67, 68"
1555,"1, 1, 1, 1, 1, 1, 3, 4, 7, 8, 8, 13, 34, 53, 54, 66"
1556,"1, 1, 2, 2, 3, 4, 6, 9, 11, 18, 25, 36, 68, 70"
1557,"1, 1, 1, 1, 1, 2, 2, 3, 3, 9, 12, 20, 22, 40, 48, 90"
1558,"1, 1, 1, 1, 2, 2, 4, 4, 10, 13, 21, 24, 49, 58, 65"
1559,"1, 1, 1, 1, 1, 1, 2, 3, 3, 5, 14, 22, 41, 46, 56, 58"
1560,"1, 1, 2, 3, 4, 5, 7, 13, 16, 23, 39, 58, 84"
1561,"1, 1, 1, 1, 1, 3, 4, 4, 7, 15, 18, 29, 46, 55, 70"
1562,"1, 1, 1, 1, 2, 3, 5, 8, 17, 19, 40, 43, 55, 60"
1563,"1, 1, 1, 1, 2, 5, 6, 10, 14, 19, 24, 47, 54, 71"
1564,"1, 1, 1, 1, 2, 2, 2, 4, 4, 8, 10, 12, 24, 49, 52, 83"
1565,"1, 1, 1, 1, 2, 2, 3, 5, 9, 9, 20, 40, 52, 53, 57"
1566,"1, 1, 2, 2, 2, 4, 12, 17, 22, 39, 46, 52, 56"
1567,"1, 1, 1, 1, 1, 3, 3, 5, 11, 13, 17, 45, 49, 49, 56"
1568,"1, 1, 2, 2, 3, 3, 3, 3, 7, 10, 16, 27, 50, 58, 70"
1569,"1, 1, 1, 2, 3, 4, 6, 9, 16, 20, 28, 44, 52, 69"
1570,"1, 1, 1, 2, 2, 3, 4, 4, 9, 13, 19, 26, 47, 56, 68"
1571,"1, 1, 1, 1, 2, 2, 3, 5, 7, 10, 17, 35, 40, 59, 72"
1572,"1, 1, 1, 1, 2, 3, 3, 6, 7, 13, 19, 27, 47, 55, 70"
1573,"1, 1, 1, 1, 1, 3, 3, 4, 10, 18, 23, 39, 43, 50, 58"
1574,"1, 1, 1, 1, 4, 4, 6, 8, 9, 23, 38, 38, 54, 68"
1575,"1, 1, 1, 2, 2, 3, 3, 3, 8, 19, 21, 24, 41, 54, 73"
1576,"1, 1, 1, 1, 2, 2, 6, 8, 9, 20, 43, 53, 54, 55"
1577,"1, 1, 2, 3, 4, 4, 5, 7, 11, 14, 15, 53, 56, 80"
1578,"1, 1, 1, 1, 2, 2, 4, 8, 8, 9, 18, 36, 38, 59, 68"
1579,"1, 1, 1, 1, 3, 3, 5, 9, 19, 24, 28, 38, 51, 72"
1580,"1, 1, 1, 1, 1, 2, 6, 7, 9, 11, 13, 20, 47, 56, 80"
1581,"1, 1, 1, 1, 1, 2, 2, 3, 6, 9, 12, 16, 30, 49, 51, 71"
1582,"1, 1, 1, 1, 2, 3, 4, 6, 9, 14, 15, 17, 46, 53, 83"
1583,"1, 1, 1, 1, 1, 1, 2, 3, 4, 15, 16, 19, 27, 29, 62, 73"
1584,"1, 1, 1, 1, 2, 3, 6, 7, 8, 10, 17, 19, 45, 53, 82"
1585,"1, 1, 1, 1, 2, 6, 7, 15, 15, 15, 15, 47, 56, 74"
1586,"1, 1, 2, 3, 3, 7, 10, 11, 24, 26, 35, 52, 81"
1587,"1, 1, 1, 2, 2, 3, 4, 4, 8, 13, 15, 17, 45, 56, 84"
1588,"1, 1, 1, 1, 1, 2, 2, 4, 12, 16, 19, 42, 46, 50, 58"
1589,"1, 1, 1, 1, 1, 2, 2, 4, 4, 8, 14, 14, 31, 42, 63, 67"
1590,"1, 1, 1, 1, 1, 1, 1, 2, 7, 8, 11, 15, 32, 50, 54, 70"
1591,"1, 1, 1, 1, 1, 2, 4, 7, 8, 13, 15, 33, 40, 62, 67"
1592,"1, 1, 1, 1, 3, 7, 7, 8, 12, 13, 32, 49, 56, 65"
1593,"1, 1, 1, 1, 2, 3, 3, 3, 9, 14, 18, 31, 43, 52, 74"
1594,"1, 1, 1, 1, 1, 2, 3, 5, 9, 17, 20, 25, 44, 56, 70"
1595,"1, 1, 1, 1, 1, 1, 1, 2, 4, 6, 14, 21, 40, 48, 57, 57"
1596,"1, 1, 1, 1, 1, 4, 4, 6, 6, 13, 19, 26, 49, 54, 70"
1597,"1, 1, 1, 2, 2, 2, 3, 8, 22, 25, 38, 38, 53, 60"
1598,"1, 1, 1, 2, 2, 2, 4, 6, 8, 9, 14, 30, 52, 54, 70"
1599,"1, 1, 1, 2, 3, 10, 13, 15, 23, 31, 32, 56, 68"
1600,"1, 1, 1, 1, 1, 2, 2, 4, 7, 17, 21, 40, 41, 56, 61"
1601,"1, 1, 1, 1, 2, 2, 5, 5, 5, 13, 15, 29, 48, 58, 70"
1602,"1, 1, 1, 1, 3, 5, 7, 11, 19, 20, 28, 41, 50, 68"
1603,"1, 1, 2, 2, 2, 2, 2, 4, 6, 20, 21, 25, 40, 56, 72"
1604,"1, 1, 1, 1, 1, 3, 4, 7, 8, 11, 17, 28, 51, 55, 67"
1605,"1, 1, 1, 2, 3, 4, 8, 10, 13, 18, 27, 52, 52, 64"
1606,"1, 1, 1, 2, 3, 3, 9, 9, 20, 22, 23, 42, 52, 68"
1607,"1, 1, 1, 2, 2, 5, 9, 10, 13, 15, 18, 46, 51, 82"
1608,"1, 1, 1, 1, 3, 3, 4, 5, 5, 16, 22, 22, 45, 55, 72"
1609,"1, 1, 2, 2, 3, 3, 7, 9, 12, 17, 19, 44, 52, 84"
1610,"1, 1, 1, 1, 2, 4, 4, 4, 24, 28, 31, 44, 53, 58"
1611,"1, 1, 1, 2, 3, 5, 7, 10, 11, 17, 20, 45, 53, 80"
1612,"1, 2, 2, 4, 4, 4, 6, 13, 28, 32, 34, 56, 70"
1613,"1, 1, 1, 1, 2, 2, 2, 4, 6, 17, 23, 38, 46, 54, 58"
1614,"1, 1, 1, 2, 3, 4, 6, 8, 19, 21, 24, 43, 53, 70"
1615,"1, 1, 2, 2, 2, 2, 2, 2, 3, 14, 16, 28, 30, 61, 90"
1616,"1, 1, 1, 1, 1, 2, 3, 4, 8, 12, 16, 30, 49, 56, 71"
1617,"1, 1, 1, 1, 2, 2, 3, 5, 10, 11, 13, 33, 50, 51, 72"
1618,"1, 1, 2, 3, 4, 4, 9, 11, 36, 36, 39, 42, 68"
1619,"1, 1, 1, 2, 2, 3, 7, 8, 10, 14, 32, 52, 53, 70"
1620,"1, 1, 1, 1, 1, 1, 3, 5, 6, 8, 23, 24, 34, 59, 88"
1621,"1, 1, 1, 1, 2, 3, 3, 3, 9, 9, 23, 38, 38, 57, 67"
1622,"1, 1, 3, 5, 9, 11, 13, 22, 42, 46, 51, 52"
1623,"1, 1, 1, 1, 3, 5, 7, 13, 14, 14, 17, 45, 56, 78"
1624,"1, 1, 1, 1, 1, 2, 2, 4, 4, 5, 12, 16, 28, 49, 56, 73"
1625,"1, 1, 1, 2, 2, 3, 10, 13, 13, 16, 32, 46, 48, 68"
1626,"1, 1, 1, 1, 1, 2, 3, 3, 4, 6, 10, 19, 26, 36, 70, 72"
1627,"1, 1, 1, 1, 4, 7, 11, 12, 24, 39, 48, 51, 56"
1628,"1, 1, 1, 1, 1, 2, 6, 11, 20, 21, 26, 42, 51, 72"
1629,"1, 1, 1, 2, 2, 2, 4, 6, 8, 15, 16, 30, 44, 54, 70"
1630,"1, 1, 1, 1, 1, 2, 2, 2, 3, 6, 7, 17, 43, 54, 55, 60"
1631,"1, 1, 1, 1, 1, 1, 1, 3, 3, 5, 7, 11, 14, 25, 47, 49, 85"
1632,"1, 1, 1, 1, 2, 3, 6, 7, 13, 19, 28, 47, 56, 71"
1633,"1, 1, 2, 3, 3, 11, 35, 97, 103"
1634,"1, 1, 2, 3, 3, 4, 4, 7, 13, 15, 29, 46, 56, 72"
1635,"1, 1, 1, 2, 2, 2, 5, 5, 6, 10, 16, 44, 52, 53, 56"
1636,"1, 1, 1, 1, 1, 2, 3, 3, 5, 7, 8, 17, 44, 53, 54, 55"
1637,"1, 1, 1, 2, 2, 3, 5, 9, 20, 23, 24, 42, 55, 68"
1638,"1, 1, 2, 2, 3, 3, 5, 5, 15, 16, 30, 45, 56, 72"
1639,"1, 1, 1, 2, 3, 3, 5, 7, 19, 19, 25, 44, 58, 68"
1640,"1, 1, 1, 1, 1, 2, 3, 3, 7, 9, 14, 15, 18, 43, 52, 85"
1641,"1, 1, 2, 2, 4, 8, 11, 12, 20, 26, 51, 52, 66"
1642,"1, 1, 2, 2, 5, 6, 6, 9, 10, 17, 20, 43, 50, 84"
1643,"1, 1, 1, 1, 2, 2, 3, 7, 7, 14, 15, 29, 38, 63, 72"
1644,"1, 1, 1, 1, 2, 2, 4, 6, 10, 14, 16, 27, 48, 52, 71"
1645,"1, 1, 2, 2, 3, 3, 5, 9, 16, 17, 28, 46, 51, 72"
1646,"1, 1, 1, 2, 3, 3, 9, 11, 13, 16, 29, 50, 50, 67"
1647,"1, 1, 1, 2, 3, 4, 7, 8, 12, 22, 37, 50, 54, 54"
1648,"1, 1, 1, 1, 2, 2, 2, 4, 4, 11, 25, 36, 51, 55, 60"
1649,"1, 1, 1, 1, 1, 1, 3, 4, 4, 9, 17, 18, 29, 43, 52, 71"
1650,"1, 1, 1, 1, 3, 4, 5, 14, 16, 17, 45, 46, 46, 56"
1651,"1, 1, 1, 1, 1, 1, 2, 2, 5, 5, 11, 15, 30, 56, 56, 68"
1652,"1, 1, 1, 2, 2, 7, 8, 21, 30, 30, 42, 55, 56"
1653,"1, 1, 1, 1, 2, 2, 4, 6, 7, 10, 19, 27, 36, 67, 72"
1654,"1, 1, 1, 1, 2, 2, 4, 4, 9, 12, 14, 31, 38, 65, 71"
1655,"1, 1, 1, 1, 2, 3, 3, 4, 7, 11, 19, 19, 44, 54, 86"
1656,"1, 1, 2, 2, 3, 5, 7, 9, 26, 34, 42, 54, 70"
1657,"1, 1, 1, 1, 1, 3, 7, 7, 7, 11, 17, 20, 42, 56, 81"
1658,"1, 1, 1, 1, 2, 2, 3, 3, 4, 6, 12, 15, 17, 47, 56, 85"
1659,"1, 1, 1, 2, 2, 3, 8, 11, 13, 18, 28, 35, 63, 70"
1660,"1, 1, 1, 1, 1, 1, 1, 2, 5, 8, 16, 18, 27, 46, 57, 70"
1661,"1, 1, 1, 3, 3, 8, 9, 14, 18, 29, 37, 58, 74"
1662,"1, 1, 1, 1, 1, 1, 2, 5, 5, 5, 18, 20, 26, 43, 57, 69"
1663,"1, 1, 1, 2, 3, 4, 8, 10, 13, 22, 23, 33, 67, 68"
1664,"1, 1, 1, 1, 2, 3, 7, 8, 13, 21, 40, 41, 54, 63"
1665,"1, 1, 2, 2, 2, 2, 9, 10, 10, 20, 26, 38, 66, 67"
1666,"1, 1, 2, 2, 4, 6, 8, 22, 24, 27, 42, 49, 68"
1667,"1, 1, 1, 1, 1, 1, 3, 3, 3, 5, 16, 19, 41, 43, 56, 61"
1668,"1, 1, 1, 1, 3, 3, 5, 5, 23, 23, 37, 42, 55, 56"
1669,"1, 1, 1, 1, 2, 3, 4, 7, 16, 30, 32, 43, 55, 60"
1670,"1, 1, 1, 1, 1, 4, 4, 6, 8, 12, 17, 30, 37, 61, 72"
1671,"1, 1, 1, 1, 2, 3, 7, 8, 21, 23, 24, 41, 54, 69"
1672,"1, 1, 1, 2, 4, 4, 5, 5, 16, 26, 33, 46, 54, 58"
1673,"1, 1, 1, 2, 2, 4, 4, 10, 17, 18, 28, 44, 59, 65"
1674,"1, 1, 1, 3, 4, 4, 6, 8, 10, 17, 30, 49, 50, 72"
1675,"1, 1, 2, 3, 3, 9, 9, 15, 19, 28, 38, 62, 66"
1676,"1, 1, 1, 3, 3, 3, 7, 9, 11, 21, 26, 35, 65, 70"
1677,"1, 1, 1, 1, 1, 2, 3, 5, 11, 11, 21, 23, 36, 66, 73"
1678,"1, 1, 1, 1, 1, 2, 2, 2, 2, 6, 18, 24, 37, 44, 54, 60"
1679,"1, 1, 2, 2, 2, 2, 8, 10, 12, 16, 34, 38, 60, 68"
1680,"1, 1, 1, 1, 1, 2, 2, 2, 4, 10, 11, 18, 26, 52, 57, 67"
1681,"1, 1, 1, 2, 4, 4, 10, 18, 19, 37, 44, 56, 59"
1682,"1, 1, 1, 2, 2, 3, 9, 9, 10, 12, 33, 52, 52, 69"
1683,"1, 1, 1, 1, 2, 2, 4, 5, 8, 11, 12, 34, 42, 62, 70"
1684,"1, 1, 1, 2, 2, 2, 3, 6, 7, 15, 15, 30, 45, 54, 72"
1685,"1, 1, 1, 2, 2, 2, 3, 3, 8, 11, 16, 45, 50, 51, 60"
1686,"1, 1, 1, 2, 5, 6, 13, 16, 17, 29, 42, 61, 62"
1687,"1, 1, 2, 2, 2, 3, 8, 9, 12, 17, 32, 38, 61, 68"
1688,"1, 1, 1, 2, 2, 4, 4, 4, 6, 13, 16, 28, 49, 55, 70"
1689,"1, 1, 1, 1, 2, 2, 4, 5, 10, 14, 14, 31, 42, 62, 66"
1690,"1, 1, 1, 2, 3, 9, 11, 15, 26, 36, 48, 49, 54"
1691,"1, 1, 1, 1, 2, 2, 4, 4, 7, 15, 15, 29, 46, 56, 72"
1692,"1, 1, 1, 2, 2, 4, 10, 12, 14, 16, 22, 39, 50, 82"
1693,"1, 1, 1, 1, 2, 2, 3, 3, 8, 15, 24, 37, 47, 53, 58"
1694,"1, 1, 2, 2, 5, 6, 7, 10, 29, 30, 39, 60, 64"
1695,"1, 1, 1, 1, 1, 3, 3, 5, 11, 17, 17, 29, 45, 49, 72"
1696,"1, 1, 1, 2, 3, 3, 3, 4, 15, 23, 28, 44, 54, 74"
1697,"1, 1, 1, 1, 2, 2, 3, 4, 7, 15, 20, 42, 43, 53, 61"
1698,"1, 1, 1, 2, 2, 2, 2, 8, 8, 11, 16, 34, 38, 60, 70"
1699,"1, 1, 1, 2, 2, 2, 2, 2, 4, 6, 8, 16, 28, 52, 55, 74"
1700,"1, 1, 1, 1, 1, 2, 3, 5, 6, 15, 23, 39, 40, 55, 63"
1701,"1, 1, 1, 2, 2, 2, 5, 5, 10, 10, 16, 20, 44, 51, 86"
1702,"1, 1, 2, 2, 4, 5, 5, 6, 17, 20, 24, 43, 56, 70"
1703,"1, 1, 1, 1, 4, 4, 5, 11, 11, 16, 20, 42, 59, 80"
1704,"1, 1, 1, 1, 2, 2, 2, 2, 8, 10, 10, 12, 17, 51, 54, 82"
1705,"1, 1, 1, 1, 1, 2, 3, 7, 7, 13, 19, 25, 50, 55, 70"
1706,"1, 1, 1, 1, 1, 2, 2, 2, 8, 9, 11, 18, 27, 49, 54, 69"
1707,"1, 1, 1, 1, 2, 6, 9, 10, 13, 14, 32, 49, 53, 64"
1708,"1, 1, 1, 1, 2, 2, 4, 8, 8, 11, 21, 24, 36, 67, 69"
1709,"1, 1, 1, 1, 2, 3, 3, 3, 11, 11, 18, 43, 50, 51, 57"
1710,"1, 1, 1, 2, 2, 3, 3, 4, 6, 16, 20, 28, 42, 57, 70"
1711,"1, 1, 1, 2, 2, 3, 4, 5, 6, 16, 17, 29, 44, 54, 71"
1712,"1, 1, 1, 1, 1, 2, 2, 2, 5, 8, 11, 16, 29, 51, 53, 72"
1713,"1, 1, 1, 1, 2, 5, 6, 6, 17, 19, 27, 46, 56, 68"
1714,"1, 1, 1, 1, 3, 4, 8, 11, 13, 18, 29, 34, 64, 68"
1715,"1, 1, 1, 3, 3, 3, 3, 11, 17, 18, 27, 44, 58, 66"
1716,"1, 1, 1, 2, 4, 4, 8, 8, 14, 18, 29, 46, 52, 68"
1717,"1, 1, 1, 1, 2, 2, 2, 4, 4, 6, 14, 14, 30, 47, 55, 72"
1718,"1, 1, 1, 1, 1, 2, 6, 8, 9, 10, 16, 22, 46, 53, 79"
1719,"1, 1, 1, 3, 4, 6, 10, 13, 14, 33, 42, 63, 65"
1720,"1, 1, 1, 1, 1, 2, 2, 8, 8, 8, 12, 35, 52, 54, 70"
1721,"1, 1, 1, 1, 1, 1, 3, 8, 9, 14, 17, 29, 47, 55, 68"
1722,"1, 2, 3, 3, 4, 4, 6, 10, 22, 26, 28, 61, 86"
1723,"1, 1, 1, 1, 1, 1, 2, 10, 13, 14, 14, 16, 48, 52, 81"
1724,"1, 4, 5, 23, 23, 84, 116"
1725,"1, 1, 2, 2, 3, 4, 9, 10, 22, 38, 40, 60, 64"
1726,"1, 1, 2, 2, 2, 4, 8, 10, 10, 12, 34, 50, 52, 68"
1727,"1, 1, 2, 2, 3, 3, 5, 6, 18, 21, 24, 44, 56, 70"
1728,"1, 1, 3, 3, 5, 5, 9, 10, 21, 24, 35, 69, 70"
1729,"1, 1, 1, 1, 1, 2, 2, 4, 5, 5, 11, 14, 35, 42, 63, 68"
1730,"1, 1, 1, 2, 2, 2, 3, 7, 8, 13, 18, 23, 37, 52, 86"
1731,"1, 1, 2, 3, 3, 7, 11, 14, 23, 32, 33, 56, 70"
1732,"1, 1, 1, 2, 2, 2, 2, 3, 4, 16, 16, 44, 44, 56, 62"
1733,"1, 1, 1, 1, 2, 2, 3, 3, 5, 17, 21, 27, 41, 55, 76"
1734,"1, 1, 1, 2, 3, 4, 4, 12, 13, 14, 30, 47, 50, 74"
1735,"1, 1, 1, 2, 2, 4, 6, 6, 15, 26, 36, 47, 53, 56"
1736,"1, 1, 1, 2, 3, 3, 4, 9, 20, 21, 24, 40, 52, 75"
1737,"1, 1, 1, 1, 1, 1, 4, 5, 9, 9, 17, 30, 41, 66, 69"
1738,"1, 1, 1, 2, 3, 5, 7, 7, 15, 18, 27, 48, 49, 72"
1739,"1, 1, 1, 1, 1, 1, 4, 6, 9, 19, 19, 26, 43, 54, 70"
1740,"1, 2, 2, 2, 4, 8, 8, 19, 22, 24, 40, 56, 68"
1741,"1, 1, 1, 1, 2, 2, 4, 8, 9, 9, 14, 30, 51, 53, 70"
1742,"1, 1, 1, 2, 2, 3, 3, 3, 7, 11, 13, 35, 38, 64, 72"
1743,"1, 1, 2, 2, 3, 7, 8, 19, 29, 30, 44, 54, 56"
1744,"1, 1, 1, 3, 3, 3, 7, 9, 13, 17, 28, 38, 63, 69"
1745,"1, 1, 1, 1, 2, 4, 5, 11, 16, 20, 38, 46, 52, 58"
1746,"1, 1, 1, 2, 3, 3, 9, 9, 11, 17, 30, 51, 52, 66"
1747,"1, 1, 1, 1, 2, 3, 5, 7, 7, 14, 17, 28, 47, 52, 70"
1748,"1, 1, 1, 2, 2, 2, 2, 2, 6, 6, 8, 14, 22, 48, 54, 85"
1749,"1, 1, 1, 1, 1, 1, 3, 3, 3, 9, 11, 13, 35, 49, 49, 75"
1750,"1, 1, 1, 1, 2, 2, 4, 8, 8, 18, 20, 25, 43, 54, 68"
1751,"1, 1, 1, 2, 3, 3, 4, 6, 7, 11, 12, 17, 49, 53, 86"
1752,"1, 1, 1, 1, 2, 3, 7, 9, 17, 30, 31, 45, 52, 56"
1753,"1, 1, 2, 2, 2, 2, 2, 4, 6, 16, 22, 28, 40, 54, 74"
1754,"1, 1, 1, 1, 1, 1, 1, 2, 6, 9, 21, 21, 25, 41, 53, 71"
1755,"1, 1, 1, 3, 5, 10, 13, 13, 13, 21, 46, 50, 79"
1756,"1, 1, 2, 2, 3, 4, 6, 8, 13, 15, 30, 47, 54, 70"
1757,"1, 1, 1, 2, 2, 4, 6, 8, 9, 19, 41, 52, 54, 56"
1758,"1, 1, 2, 2, 2, 3, 3, 4, 5, 9, 10, 34, 52, 55, 73"
1759,"1, 1, 1, 1, 1, 1, 1, 2, 2, 5, 6, 11, 21, 41, 49, 55, 57"
1760,"1, 1, 1, 3, 3, 5, 13, 13, 24, 34, 40, 55, 63"
1761,"1, 1, 1, 1, 1, 1, 1, 1, 5, 7, 12, 20, 27, 49, 58, 70"
1762,"1, 1, 1, 2, 2, 2, 5, 7, 10, 11, 12, 19, 50, 51, 82"
1763,"1, 1, 1, 1, 2, 2, 2, 3, 7, 13, 22, 38, 44, 55, 64"
1764,"1, 1, 1, 2, 3, 4, 4, 5, 12, 26, 34, 47, 58, 58"
1765,"1, 1, 1, 1, 1, 2, 5, 7, 9, 17, 21, 25, 43, 50, 72"
1766,"1, 1, 1, 1, 1, 2, 2, 7, 10, 16, 19, 29, 39, 59, 68"
1767,"1, 1, 2, 2, 5, 6, 7, 14, 15, 44, 51, 108"
1768,"1, 1, 1, 2, 3, 3, 4, 9, 10, 20, 26, 28, 65, 83"
1769,"1, 1, 1, 1, 1, 3, 4, 9, 10, 11, 13, 33, 49, 51, 68"
1770,"1, 1, 2, 3, 7, 8, 21, 29, 32, 42, 54, 56"
1771,"1, 1, 1, 1, 1, 2, 3, 5, 6, 19, 23, 25, 42, 55, 71"
1772,"1, 1, 1, 1, 2, 2, 3, 3, 4, 14, 30, 41, 47, 48, 58"
1773,"1, 1, 1, 1, 1, 2, 4, 10, 16, 16, 45, 49, 109"
1774,"1, 1, 1, 1, 2, 3, 5, 7, 7, 8, 16, 22, 46, 53, 83"
1775,"1, 1, 1, 1, 1, 3, 4, 8, 10, 11, 18, 21, 43, 49, 84"
1776,"1, 1, 1, 2, 2, 2, 5, 9, 19, 22, 40, 40, 54, 58"
1777,"1, 1, 1, 1, 2, 2, 7, 8, 10, 19, 36, 39, 59, 70"
1778,"1, 1, 1, 1, 2, 4, 4, 12, 16, 17, 31, 41, 62, 63"
1779,"1, 1, 1, 1, 2, 2, 2, 4, 14, 19, 20, 25, 28, 63, 73"
1780,"1, 1, 1, 2, 2, 3, 6, 9, 17, 22, 24, 43, 53, 72"
1781,"1, 1, 1, 1, 1, 2, 3, 7, 8, 11, 12, 35, 50, 53, 70"
1782,"1, 1, 2, 3, 4, 6, 9, 15, 20, 25, 48, 54, 68"
1783,"1, 1, 1, 1, 1, 2, 3, 5, 12, 15, 21, 24, 32, 66, 71"
1784,"1, 1, 1, 1, 1, 2, 8, 11, 13, 21, 25, 49, 54, 68"
1785,"1, 1, 1, 1, 1, 1, 2, 4, 10, 11, 23, 39, 50, 52, 59"
1786,"1, 1, 1, 1, 1, 2, 5, 7, 8, 13, 20, 25, 33, 67, 71"
1787,"1, 1, 1, 1, 1, 3, 5, 5, 7, 18, 21, 26, 44, 55, 67"
1788,"1, 1, 1, 3, 3, 6, 6, 7, 9, 11, 32, 54, 54, 68"
1789,"1, 1, 1, 1, 1, 1, 2, 5, 7, 7, 7, 8, 37, 55, 55, 67"
1790,"1, 1, 1, 2, 4, 5, 8, 9, 10, 15, 20, 47, 50, 83"
1791,"1, 1, 1, 1, 1, 1, 3, 4, 7, 8, 10, 19, 27, 37, 65, 70"
1792,"1, 2, 2, 2, 4, 7, 8, 10, 24, 38, 50, 54, 54"
1793,"1, 1, 1, 1, 1, 2, 4, 4, 6, 8, 8, 20, 25, 37, 68, 69"
1794,"1, 1, 1, 1, 3, 5, 5, 9, 15, 17, 30, 41, 61, 66"
1795,"1, 1, 1, 1, 1, 1, 2, 4, 6, 6, 8, 19, 27, 39, 68, 71"
1796,"1, 1, 2, 2, 4, 5, 6, 14, 18, 32, 42, 55, 74"
1797,"1, 1, 1, 2, 2, 5, 6, 9, 11, 17, 44, 49, 52, 56"
1798,"1, 1, 1, 2, 2, 2, 4, 5, 19, 26, 34, 43, 56, 60"
1799,"1, 2, 2, 2, 2, 3, 4, 9, 11, 16, 44, 50, 52, 58"
1800,"1, 1, 1, 1, 1, 3, 5, 5, 11, 12, 12, 36, 47, 49, 71"
1801,"1, 1, 1, 1, 2, 2, 4, 5, 10, 12, 16, 26, 50, 57, 68"
1802,"1, 1, 1, 1, 2, 3, 4, 7, 8, 14, 19, 27, 46, 52, 70"
1803,"1, 1, 1, 2, 3, 3, 5, 7, 9, 16, 46, 53, 54, 55"
1804,"1, 1, 1, 1, 1, 2, 6, 6, 9, 9, 16, 22, 45, 52, 84"
1805,"1, 1, 2, 2, 2, 5, 6, 8, 8, 14, 14, 49, 56, 88"
1806,"1, 1, 1, 3, 3, 4, 4, 9, 16, 18, 32, 41, 51, 72"
1807,"1, 1, 1, 1, 2, 3, 4, 5, 10, 12, 13, 25, 48, 48, 82"
1808,"1, 1, 1, 1, 2, 2, 4, 5, 9, 12, 20, 27, 48, 58, 65"
1809,"1, 1, 1, 3, 5, 15, 28, 95, 107"
1810,"1, 1, 1, 1, 1, 1, 2, 2, 4, 9, 10, 19, 43, 51, 53, 57"
1811,"1, 1, 1, 1, 2, 5, 7, 10, 18, 22, 25, 44, 51, 68"
1812,"1, 1, 1, 2, 2, 8, 8, 8, 8, 17, 24, 43, 53, 80"
1813,"1, 1, 1, 1, 2, 4, 4, 6, 6, 9, 20, 24, 38, 69, 70"
1814,"1, 1, 1, 2, 3, 3, 7, 11, 12, 22, 40, 49, 50, 54"
1815,"1, 1, 1, 1, 1, 1, 3, 3, 5, 9, 14, 19, 27, 47, 57, 66"
1816,"1, 1, 2, 2, 4, 9, 10, 14, 16, 31, 52, 52, 62"
1817,"1, 1, 1, 1, 1, 2, 3, 6, 15, 18, 21, 26, 27, 61, 72"
1818,"1, 1, 1, 1, 1, 2, 2, 2, 6, 19, 23, 30, 40, 55, 72"
1819,"1, 1, 1, 1, 2, 2, 6, 7, 7, 7, 11, 36, 54, 55, 65"
1820,"1, 1, 1, 1, 2, 2, 4, 7, 7, 10, 20, 24, 39, 66, 71"
1821,"1, 1, 1, 1, 1, 1, 2, 3, 3, 10, 20, 21, 23, 41, 52, 75"
1822,"1, 1, 1, 2, 3, 3, 5, 9, 13, 27, 34, 49, 52, 56"
1823,"1, 1, 1, 1, 1, 2, 5, 6, 9, 17, 19, 27, 45, 55, 66"
1824,"1, 1, 1, 1, 5, 6, 7, 7, 8, 19, 26, 40, 66, 68"
1825,"1, 1, 1, 2, 4, 4, 6, 8, 10, 24, 36, 39, 54, 66"
1826,"1, 1, 1, 1, 1, 3, 3, 5, 9, 14, 29, 31, 32, 56, 69"
1827,"1, 1, 1, 1, 2, 2, 3, 7, 10, 11, 15, 31, 51, 52, 68"
1828,"1, 1, 2, 3, 3, 3, 5, 7, 18, 22, 24, 42, 56, 69"
1829,"1, 1, 1, 1, 1, 2, 2, 3, 4, 5, 14, 20, 41, 42, 55, 63"
1830,"1, 1, 1, 1, 2, 2, 4, 6, 8, 14, 16, 30, 47, 51, 72"
1831,"1, 1, 2, 3, 3, 3, 7, 7, 17, 22, 23, 43, 54, 70"
1832,"1, 1, 2, 4, 4, 4, 8, 19, 21, 22, 44, 54, 72"
1833,"1, 1, 1, 2, 6, 7, 7, 13, 17, 34, 42, 61, 64"
1834,"1, 1, 1, 1, 1, 4, 7, 10, 12, 17, 34, 40, 61, 66"
1835,"1, 2, 3, 3, 4, 5, 27, 29, 30, 44, 50, 58"
1836,"1, 1, 1, 1, 1, 4, 6, 12, 16, 17, 30, 44, 61, 61"
1837,"1, 1, 1, 2, 2, 3, 10, 13, 13, 21, 24, 33, 64, 68"
1838,"1, 1, 1, 1, 2, 4, 4, 6, 16, 18, 42, 44, 55, 61"
1839,"1, 1, 1, 2, 2, 3, 9, 9, 12, 16, 31, 51, 52, 66"
1840,"1, 1, 1, 1, 5, 5, 7, 11, 13, 17, 29, 34, 63, 68"
1841,"1, 1, 1, 2, 3, 4, 4, 10, 17, 19, 26, 45, 51, 72"
1842,"1, 1, 1, 1, 1, 2, 4, 5, 7, 9, 13, 24, 49, 59, 79"
1843,"1, 1, 1, 1, 1, 2, 4, 4, 7, 17, 25, 30, 39, 51, 72"
1844,"1, 1, 1, 2, 2, 6, 8, 9, 10, 16, 29, 49, 54, 68"
1845,"1, 1, 1, 1, 2, 3, 4, 6, 6, 7, 16, 27, 40, 70, 71"
1846,"1, 1, 1, 1, 1, 4, 4, 5, 9, 12, 20, 27, 49, 56, 65"
1847,"1, 1, 1, 1, 2, 2, 2, 3, 4, 5, 8, 11, 33, 56, 57, 69"
1848,"1, 1, 1, 1, 2, 3, 3, 4, 8, 20, 20, 24, 41, 53, 74"
1849,"1, 1, 1, 1, 2, 2, 4, 5, 6, 11, 12, 20, 49, 57, 84"
1850,"1, 1, 1, 3, 4, 6, 12, 14, 17, 30, 42, 61, 64"
1851,"1, 1, 1, 2, 3, 5, 7, 10, 13, 21, 24, 33, 67, 68"
1852,"1, 1, 1, 2, 3, 5, 9, 9, 11, 11, 34, 52, 52, 65"
1853,"1, 1, 1, 1, 2, 4, 4, 14, 16, 18, 27, 44, 61, 62"
1854,"1, 1, 1, 1, 1, 3, 11, 11, 16, 22, 23, 46, 52, 67"
1855,"1, 1, 1, 1, 3, 4, 9, 9, 12, 20, 27, 37, 63, 68"
1856,"1, 1, 1, 1, 3, 4, 6, 10, 11, 18, 21, 44, 50, 85"
1857,"1, 1, 2, 5, 6, 6, 13, 13, 16, 29, 34, 62, 68"
1858,"1, 1, 1, 1, 2, 3, 6, 7, 14, 17, 30, 41, 62, 70"
1859,"1, 1, 1, 2, 2, 4, 12, 27, 96, 110"
1860,"1, 1, 2, 2, 4, 4, 5, 9, 17, 18, 28, 43, 50, 72"
1861,"1, 1, 1, 2, 3, 3, 9, 13, 14, 16, 30, 47, 48, 68"
1862,"1, 1, 1, 1, 1, 1, 1, 3, 4, 12, 15, 16, 31, 43, 61, 64"
1863,"1, 1, 1, 1, 1, 1, 1, 5, 5, 7, 13, 14, 32, 36, 63, 74"
1864,"1, 1, 1, 1, 1, 3, 3, 7, 9, 13, 20, 31, 38, 57, 70"
1865,"1, 1, 1, 1, 1, 2, 2, 8, 11, 18, 18, 28, 44, 51, 69"
1866,"1, 1, 1, 1, 3, 3, 3, 5, 5, 11, 22, 23, 35, 71, 71"
1867,"1, 1, 1, 2, 3, 3, 9, 22, 99, 115"
1868,"1, 1, 1, 1, 2, 2, 5, 5, 6, 12, 13, 33, 42, 60, 72"
1869,"1, 1, 1, 1, 1, 1, 1, 2, 5, 5, 16, 22, 40, 42, 56, 61"
1870,"1, 1, 2, 2, 2, 5, 5, 5, 9, 18, 42, 42, 52, 70"
1871,"1, 1, 1, 2, 3, 3, 3, 4, 9, 9, 11, 19, 49, 57, 84"
1872,"1, 1, 1, 1, 1, 1, 2, 3, 6, 6, 11, 18, 27, 50, 51, 76"
1873,"1, 1, 1, 1, 2, 2, 3, 4, 7, 7, 23, 37, 40, 58, 69"
1874,"1, 1, 1, 1, 1, 4, 4, 5, 8, 9, 15, 22, 47, 50, 87"
1875,"1, 1, 1, 1, 2, 2, 5, 6, 7, 11, 13, 33, 54, 55, 64"
1876,"1, 1, 1, 1, 2, 2, 2, 8, 11, 14, 16, 28, 48, 53, 68"
1877,"1, 1, 1, 1, 2, 3, 5, 7, 9, 10, 19, 21, 41, 49, 86"
1878,"1, 1, 1, 3, 5, 7, 8, 15, 24, 26, 36, 46, 83"
1879,"1, 1, 1, 1, 5, 6, 11, 12, 18, 44, 47, 109"
1880,"1, 1, 1, 2, 3, 4, 7, 8, 13, 18, 25, 40, 64, 69"
1881,"1, 1, 1, 2, 2, 3, 6, 6, 9, 12, 33, 56, 56, 68"
1882,"1, 1, 1, 1, 2, 3, 3, 7, 9, 11, 21, 25, 35, 68, 68"
1883,"1, 1, 1, 1, 1, 1, 1, 2, 5, 8, 16, 19, 37, 43, 58, 61"
1884,"1, 1, 1, 2, 2, 5, 6, 9, 10, 11, 26, 51, 52, 79"
1885,"1, 1, 1, 1, 1, 2, 2, 4, 4, 6, 8, 19, 43, 52, 54, 57"
1886,"1, 1, 1, 1, 3, 3, 3, 7, 7, 15, 16, 29, 45, 54, 70"
1887,"1, 1, 1, 1, 1, 3, 3, 5, 5, 17, 23, 29, 38, 56, 72"
1888,"1, 1, 1, 1, 2, 3, 4, 7, 8, 8, 17, 44, 52, 53, 54"
1889,"1, 1, 1, 1, 2, 2, 2, 6, 8, 17, 18, 38, 44, 56, 59"
1890,"1, 1, 1, 1, 2, 3, 3, 7, 12, 13, 14, 31, 47, 50, 70"
1891,"1, 1, 1, 2, 6, 7, 9, 11, 16, 29, 53, 58, 62"
1892,"1, 1, 1, 3, 4, 5, 6, 7, 8, 18, 25, 40, 66, 71"
1893,"1, 1, 1, 1, 2, 3, 5, 5, 9, 14, 17, 29, 46, 50, 72"
1894,"1, 1, 1, 3, 4, 4, 5, 10, 10, 22, 22, 36, 65, 72"
1895,"1, 1, 4, 6, 18, 19, 88, 119"
1896,"1, 1, 1, 1, 1, 2, 4, 6, 8, 11, 18, 25, 51, 57, 69"
1897,"1, 2, 2, 2, 4, 4, 10, 20, 23, 26, 40, 54, 68"
1898,"1, 1, 1, 1, 2, 5, 6, 9, 13, 14, 34, 41, 62, 66"
1899,"1, 1, 1, 1, 1, 3, 5, 5, 7, 14, 25, 37, 47, 52, 56"
1900,"1, 1, 1, 1, 2, 2, 9, 13, 14, 22, 24, 37, 64, 65"
1901,"1, 1, 1, 1, 2, 2, 10, 10, 17, 24, 30, 35, 54, 68"
1902,"1, 1, 2, 2, 4, 4, 4, 7, 8, 18, 42, 52, 55, 56"
1903,"1, 1, 1, 1, 2, 2, 3, 7, 7, 13, 16, 29, 39, 66, 68"
1904,"1, 1, 1, 3, 4, 5, 5, 9, 11, 20, 23, 37, 64, 72"
1905,"1, 1, 1, 1, 2, 2, 3, 6, 9, 10, 14, 31, 52, 56, 67"
1906,"1, 1, 1, 1, 1, 3, 4, 8, 15, 30, 33, 47, 52, 59"
1907,"1, 1, 3, 3, 4, 5, 5, 5, 7, 7, 21, 54, 54, 86"
1908,"1, 1, 1, 1, 1, 2, 3, 5, 9, 19, 21, 23, 42, 53, 74"
1909,"1, 1, 1, 1, 1, 2, 2, 5, 14, 14, 19, 31, 44, 47, 73"
1910,"1, 1, 1, 2, 2, 4, 5, 5, 14, 22, 24, 42, 61, 72"
1911,"1, 1, 1, 2, 2, 2, 3, 4, 10, 11, 21, 34, 35, 55, 74"
1912,"1, 1, 1, 1, 1, 1, 2, 3, 3, 9, 11, 20, 34, 36, 57, 75"
1913,"1, 1, 1, 1, 1, 2, 2, 4, 4, 8, 11, 17, 35, 36, 59, 73"
1914,"1, 1, 2, 2, 2, 3, 7, 9, 17, 18, 26, 44, 54, 70"
1915,"1, 1, 1, 2, 3, 4, 4, 12, 14, 19, 41, 48, 48, 58"
1916,"1, 1, 1, 1, 1, 3, 3, 3, 5, 19, 22, 28, 41, 56, 71"
1917,"1, 1, 1, 2, 2, 3, 4, 9, 18, 23, 28, 41, 55, 68"
1918,"1, 1, 1, 1, 1, 2, 2, 2, 3, 5, 12, 16, 40, 44, 61, 64"
1919,"1, 1, 1, 1, 2, 10, 11, 15, 28, 33, 48, 52, 53"
1920,"1, 1, 1, 1, 2, 2, 3, 3, 9, 20, 22, 23, 44, 56, 68"
1921,"1, 1, 1, 2, 4, 7, 7, 7, 8, 20, 26, 39, 65, 68"
1922,"1, 1, 1, 1, 1, 1, 2, 5, 5, 10, 11, 11, 35, 47, 50, 74"
1923,"1, 2, 5, 7, 9, 9, 12, 17, 20, 22, 70, 82"
1924,"1, 1, 1, 1, 1, 4, 4, 6, 6, 13, 16, 31, 49, 51, 71"
1925,"1, 1, 1, 2, 2, 2, 4, 6, 7, 8, 12, 24, 50, 56, 80"
1926,"1, 1, 1, 1, 2, 2, 3, 13, 17, 23, 24, 45, 59, 64"
1927,"1, 1, 1, 1, 2, 2, 2, 2, 3, 3, 6, 18, 42, 55, 58, 59"
1928,"1, 1, 1, 2, 2, 3, 7, 10, 15, 17, 27, 40, 62, 68"
1929,"1, 1, 1, 1, 2, 2, 6, 8, 12, 21, 26, 48, 55, 72"
1930,"1, 1, 1, 1, 1, 3, 4, 6, 11, 12, 17, 30, 39, 63, 66"
1931,"1, 1, 1, 2, 3, 3, 3, 7, 7, 7, 13, 30, 54, 55, 69"
1932,"1, 1, 1, 1, 3, 5, 11, 11, 11, 13, 19, 48, 52, 79"
1933,"1, 3, 3, 5, 11, 11, 13, 17, 28, 50, 50, 64"
1934,"1, 1, 1, 1, 1, 3, 3, 4, 9, 12, 19, 27, 47, 60, 67"
1935,"1, 1, 1, 1, 2, 2, 3, 7, 8, 19, 21, 23, 41, 56, 70"
1936,"1, 1, 1, 1, 1, 1, 2, 2, 8, 12, 14, 23, 23, 31, 66, 69"
1937,"1, 1, 1, 2, 2, 4, 8, 8, 13, 22, 24, 33, 67, 70"
1938,"1, 2, 3, 3, 3, 5, 7, 15, 15, 40, 44, 58, 60"
1939,"1, 1, 1, 1, 1, 3, 6, 9, 11, 20, 43, 51, 54, 54"
1940,"1, 1, 1, 2, 3, 3, 4, 9, 11, 15, 27, 47, 48, 84"
1941,"1, 1, 1, 2, 3, 5, 7, 7, 15, 16, 30, 47, 54, 67"
1942,"1, 1, 1, 1, 1, 3, 5, 6, 8, 13, 15, 17, 47, 55, 82"
1943,"1, 1, 1, 1, 1, 2, 2, 4, 6, 18, 20, 40, 42, 58, 59"
1944,"1, 1, 1, 1, 1, 2, 4, 4, 11, 14, 20, 39, 47, 52, 58"
1945,"1, 1, 1, 1, 1, 1, 2, 6, 8, 20, 22, 27, 40, 54, 71"
1946,"1, 1, 1, 2, 2, 2, 3, 3, 6, 14, 17, 40, 42, 60, 62"
1947,"1, 1, 1, 2, 4, 7, 10, 11, 21, 35, 38, 51, 74"
1948,"1, 1, 1, 1, 1, 1, 3, 5, 9, 13, 29, 33, 33, 56, 69"
1949,"1, 1, 1, 1, 1, 1, 2, 7, 12, 16, 16, 30, 46, 50, 71"
1950,"1, 1, 1, 3, 7, 8, 9, 11, 15, 23, 52, 52, 73"
1951,"1, 1, 1, 1, 2, 2, 2, 5, 10, 14, 17, 31, 46, 50, 73"
1952,"1, 1, 1, 1, 1, 2, 2, 4, 6, 13, 15, 31, 45, 64, 69"
1953,"1, 1, 1, 2, 4, 5, 5, 10, 12, 13, 31, 50, 52, 69"
1954,"1, 1, 1, 2, 3, 3, 5, 5, 13, 34, 40, 43, 49, 56"
1955,"1, 1, 1, 2, 2, 2, 3, 4, 5, 13, 16, 31, 48, 55, 72"
1956,"1, 1, 1, 1, 3, 5, 5, 7, 19, 23, 25, 42, 55, 68"
1957,"1, 1, 1, 2, 6, 14, 32, 93, 106"
1958,"1, 1, 1, 2, 2, 3, 6, 10, 12, 18, 33, 38, 57, 72"
1959,"1, 1, 1, 1, 2, 2, 2, 3, 11, 15, 18, 43, 48, 49, 59"
1960,"1, 1, 1, 1, 2, 2, 3, 6, 7, 17, 19, 40, 43, 54, 59"
1961,"1, 1, 1, 2, 2, 4, 5, 6, 15, 22, 40, 46, 54, 57"
1962,"1, 1, 1, 2, 4, 5, 8, 9, 11, 19, 28, 34, 66, 67"
1963,"1, 1, 2, 2, 3, 4, 4, 8, 12, 14, 32, 42, 63, 68"
1964,"1, 1, 2, 4, 5, 7, 10, 17, 20, 26, 45, 50, 68"
1965,"1, 2, 3, 3, 4, 9, 10, 13, 20, 25, 32, 66, 68"
1966,"1, 1, 1, 1, 2, 2, 3, 3, 7, 18, 27, 34, 43, 53, 60"
1967,"1, 1, 1, 2, 2, 2, 6, 10, 16, 17, 31, 42, 58, 67"
1968,"1, 1, 1, 1, 1, 2, 3, 3, 7, 7, 8, 8, 37, 53, 53, 70"
1969,"1, 1, 1, 1, 2, 2, 2, 5, 12, 12, 17, 44, 48, 50, 58"
1970,"1, 1, 1, 2, 5, 5, 7, 7, 9, 16, 30, 38, 67, 67"
1971,"1, 1, 1, 1, 1, 2, 2, 2, 3, 5, 11, 26, 35, 51, 56, 58"
1972,"1, 1, 1, 1, 4, 4, 4, 8, 18, 20, 27, 44, 52, 71"
1973,"1, 1, 1, 1, 1, 1, 1, 3, 5, 9, 13, 19, 27, 53, 57, 63"
1974,"1, 1, 2, 2, 2, 2, 2, 4, 6, 11, 13, 34, 40, 64, 72"
1975,"1, 1, 1, 1, 4, 4, 5, 5, 13, 25, 38, 48, 54, 56"
1976,"1, 1, 2, 2, 2, 3, 3, 5, 8, 11, 14, 30, 36, 64, 74"
1977,"1, 1, 1, 1, 1, 4, 5, 5, 8, 13, 15, 31, 49, 51, 70"
1978,"1, 1, 1, 1, 1, 2, 2, 3, 6, 7, 10, 17, 27, 39, 68, 70"
1979,"1, 2, 2, 3, 3, 11, 11, 13, 14, 30, 50, 50, 66"
1980,"1, 2, 2, 2, 3, 3, 7, 10, 11, 17, 18, 44, 50, 86"
1981,"1, 1, 1, 1, 1, 1, 2, 4, 5, 8, 13, 14, 33, 42, 62, 67"
1982,"1, 1, 4, 4, 5, 5, 7, 8, 20, 40, 52, 54, 55"
1983,"1, 1, 1, 2, 2, 3, 5, 8, 11, 21, 36, 52, 54, 59"
1984,"1, 1, 1, 1, 1, 3, 3, 3, 5, 7, 12, 16, 17, 45, 55, 85"
1985,"1, 1, 1, 1, 4, 4, 11, 12, 12, 14, 20, 48, 49, 78"
1986,"1, 1, 2, 2, 2, 3, 3, 5, 7, 12, 18, 26, 48, 56, 70"
1987,"1, 1, 2, 2, 7, 7, 9, 13, 14, 32, 50, 54, 64"
1988,"1, 1, 1, 1, 1, 1, 2, 3, 5, 8, 11, 11, 35, 51, 53, 71"
1989,"1, 1, 2, 2, 3, 4, 4, 6, 10, 22, 40, 49, 54, 58"
1990,"1, 1, 1, 1, 2, 2, 3, 6, 9, 11, 11, 33, 52, 55, 68"
1991,"1, 1, 1, 2, 2, 2, 3, 4, 11, 15, 16, 29, 42, 61, 66"
1992,"1, 1, 2, 3, 4, 6, 9, 17, 28, 34, 45, 52, 54"
1993,"1, 1, 1, 1, 1, 3, 3, 5, 9, 10, 25, 36, 51, 52, 57"
1994,"1, 1, 3, 3, 3, 5, 13, 16, 21, 24, 40, 62, 64"
1995,"1, 1, 1, 2, 3, 4, 4, 6, 13, 19, 32, 44, 56, 70"
1996,"1, 1, 1, 1, 2, 4, 6, 6, 7, 8, 18, 27, 39, 67, 68"
1997,"1, 1, 2, 2, 3, 4, 4, 10, 14, 17, 29, 45, 50, 74"
1998,"1, 1, 1, 3, 3, 3, 5, 11, 17, 20, 28, 41, 50, 72"
1999,"1, 1, 1, 2, 3, 3, 7, 9, 13, 17, 30, 36, 61, 72"
2000,"1, 1, 1, 2, 2, 2, 3, 4, 6, 10, 15, 35, 42, 62, 70"
2001,"1, 1, 3, 4, 7, 7, 7, 8, 19, 26, 40, 66, 67"
2002,"1, 1, 1, 2, 2, 4, 6, 8, 15, 18, 28, 46, 54, 70"
2003,"1, 1, 1, 2, 4, 4, 8, 10, 10, 12, 24, 49, 50, 80"
2004,"1, 1, 1, 1, 2, 2, 3, 4, 5, 10, 23, 38, 51, 56, 58"
2005,"1, 1, 1, 1, 3, 5, 9, 11, 12, 14, 34, 49, 51, 64"
2006,"1, 1, 1, 1, 2, 3, 3, 4, 6, 13, 23, 39, 48, 53, 58"
2007,"1, 1, 1, 1, 2, 4, 7, 8, 17, 18, 29, 43, 56, 68"
2008,"1, 1, 1, 2, 2, 4, 6, 8, 14, 20, 25, 48, 56, 68"
2009,"1, 1, 1, 1, 2, 2, 5, 6, 8, 11, 11, 23, 52, 52, 80"
2010,"1, 1, 1, 1, 1, 3, 5, 6, 18, 20, 30, 41, 57, 71"
2011,"1, 1, 1, 3, 4, 5, 6, 23, 29, 32, 42, 54, 55"
2012,"1, 1, 1, 1, 2, 3, 4, 8, 9, 12, 14, 33, 48, 51, 68"
2013,"1, 1, 1, 3, 4, 7, 12, 14, 15, 34, 46, 48, 70"
2014,"1, 1, 1, 2, 2, 4, 6, 8, 10, 18, 46, 51, 52, 54"
2015,"1, 1, 1, 2, 3, 3, 6, 7, 18, 29, 31, 44, 54, 56"
2016,"1, 1, 1, 2, 2, 6, 6, 12, 15, 18, 27, 32, 66, 67"
2017,"1, 1, 1, 1, 1, 2, 3, 4, 9, 17, 23, 39, 45, 52, 57"
2018,"1, 1, 1, 1, 2, 3, 3, 3, 9, 10, 18, 35, 38, 58, 73"
2019,"1, 1, 1, 1, 1, 1, 5, 6, 6, 17, 17, 30, 44, 57, 68"
2020,"1, 1, 1, 1, 2, 3, 3, 4, 9, 9, 15, 45, 52, 53, 57"
2021,"1, 1, 1, 1, 1, 4, 5, 7, 8, 10, 13, 21, 49, 50, 84"
2022,"1, 1, 1, 2, 2, 2, 8, 27, 97, 115"
2023,"1, 1, 1, 1, 1, 1, 3, 5, 13, 17, 17, 29, 41, 61, 64"
2024,"1, 1, 1, 1, 2, 3, 4, 6, 9, 9, 10, 37, 51, 52, 69"
2025,"1, 1, 1, 2, 2, 2, 3, 3, 3, 21, 24, 36, 42, 55, 60"
2026,"1, 1, 1, 1, 1, 2, 3, 3, 5, 7, 14, 18, 27, 47, 56, 69"
2027,"1, 1, 1, 1, 2, 3, 4, 7, 8, 9, 13, 23, 50, 51, 82"
2028,"1, 1, 1, 1, 1, 2, 2, 4, 4, 6, 15, 16, 29, 47, 57, 69"
2029,"1, 1, 2, 2, 4, 6, 10, 21, 22, 23, 42, 52, 70"
2030,"1, 1, 1, 1, 1, 2, 3, 10, 11, 14, 17, 27, 47, 52, 68"
2031,"1, 1, 1, 1, 1, 2, 3, 4, 5, 6, 10, 16, 28, 36, 70, 71"
2032,"1, 1, 1, 2, 2, 3, 4, 6, 9, 9, 10, 35, 51, 52, 70"
2033,"1, 1, 1, 1, 1, 3, 3, 5, 7, 19, 25, 26, 40, 51, 72"
2034,"1, 1, 3, 5, 5, 10, 11, 29, 30, 41, 50, 70"
2035,"1, 1, 1, 1, 4, 4, 4, 14, 16, 16, 31, 32, 59, 72"
2036,"1, 1, 1, 1, 2, 2, 2, 4, 10, 18, 21, 40, 43, 50, 60"
2037,"1, 1, 1, 1, 1, 2, 2, 6, 8, 13, 21, 42, 50, 53, 54"
2038,"1, 1, 1, 1, 2, 3, 5, 6, 11, 14, 36, 42, 61, 72"
2039,"1, 1, 1, 2, 3, 8, 10, 11, 29, 32, 51, 51, 56"
2040,"1, 1, 1, 2, 3, 4, 8, 11, 11, 20, 25, 36, 65, 68"
2041,"1, 1, 1, 1, 2, 6, 6, 8, 10, 15, 25, 48, 55, 77"
2042,"1, 1, 1, 2, 2, 3, 3, 3, 4, 13, 22, 37, 49, 57, 58"
2043,"1, 1, 1, 1, 1, 2, 3, 7, 9, 11, 30, 31, 35, 56, 67"
2044,"1, 1, 2, 3, 6, 7, 9, 14, 16, 30, 40, 59, 68"
2045,"1, 1, 2, 2, 2, 3, 4, 6, 12, 18, 42, 44, 56, 63"
2046,"1, 1, 1, 1, 3, 3, 3, 5, 6, 9, 11, 25, 51, 51, 85"
2047,"1, 1, 1, 1, 1, 3, 5, 9, 9, 12, 18, 19, 43, 52, 81"
2048,"1, 1, 1, 1, 2, 2, 4, 8, 10, 14, 22, 24, 31, 67, 68"
2049,"1, 1, 1, 1, 2, 3, 5, 7, 7, 8, 16, 22, 46, 53, 83"
2050,"1, 1, 2, 2, 3, 3, 8, 11, 11, 13, 20, 50, 51, 80"
2051,"1, 1, 1, 2, 3, 3, 9, 12, 13, 22, 23, 34, 64, 68"
2052,"1, 1, 1, 1, 1, 2, 2, 3, 4, 11, 12, 14, 16, 49, 57, 81"
2053,"1, 1, 1, 1, 1, 1, 1, 2, 6, 7, 11, 20, 27, 49, 55, 72"
2054,"1, 1, 1, 1, 2, 3, 5, 7, 7, 7, 17, 29, 40, 65, 70"
2055,"1, 1, 1, 1, 2, 2, 3, 4, 7, 16, 23, 38, 46, 53, 58"
2056,"1, 1, 1, 1, 3, 4, 8, 9, 13, 15, 32, 38, 62, 68"
2057,"1, 1, 1, 1, 1, 1, 5, 9, 11, 11, 15, 19, 51, 54, 75"
2058,"1, 1, 1, 1, 1, 1, 2, 5, 5, 7, 18, 18, 27, 43, 56, 69"
2059,"1, 1, 1, 1, 2, 5, 8, 13, 14, 14, 34, 45, 47, 70"
2060,"1, 1, 1, 1, 3, 3, 3, 5, 7, 17, 18, 27, 44, 54, 71"
2061,"1, 1, 2, 3, 3, 9, 9, 11, 20, 42, 50, 52, 53"
2062,"1, 1, 1, 2, 3, 7, 8, 21, 23, 26, 39, 54, 70"
2063,"1, 1, 1, 2, 5, 7, 8, 15, 19, 28, 47, 54, 68"
2064,"1, 1, 1, 1, 1, 2, 4, 6, 8, 13, 18, 34, 40, 58, 68"
2065,"1, 1, 2, 2, 3, 3, 4, 9, 15, 15, 28, 42, 64, 67"
2066,"1, 1, 1, 1, 2, 6, 8, 12, 12, 22, 25, 34, 62, 69"
2067,"1, 1, 1, 2, 2, 3, 4, 4, 16, 33, 42, 42, 45, 60"
2068,"1, 1, 1, 1, 2, 3, 4, 6, 7, 15, 16, 16, 46, 54, 83"
2069,"1, 1, 1, 1, 1, 2, 4, 5, 11, 12, 13, 19, 48, 57, 80"
2070,"1, 1, 1, 1, 2, 3, 5, 8, 15, 26, 35, 48, 54, 56"
2071,"1, 1, 1, 1, 2, 3, 3, 7, 9, 14, 16, 31, 38, 61, 68"
2072,"1, 1, 2, 2, 2, 4, 6, 8, 13, 16, 27, 50, 54, 70"
2073,"1, 1, 1, 1, 3, 5, 5, 6, 17, 19, 26, 45, 56, 70"
2074,"1, 1, 1, 1, 4, 4, 6, 9, 12, 16, 30, 37, 62, 72"
2075,"1, 1, 1, 1, 2, 2, 5, 7, 8, 10, 16, 23, 44, 51, 84"
2076,"1, 1, 1, 1, 2, 2, 3, 4, 5, 11, 24, 35, 51, 57, 58"
2077,"1, 1, 1, 2, 3, 5, 5, 11, 13, 16, 31, 33, 62, 72"
2078,"1, 1, 1, 2, 2, 4, 4, 6, 16, 28, 32, 46, 55, 58"
2079,"1, 1, 2, 3, 3, 9, 12, 14, 14, 34, 47, 48, 68"
2080,"1, 1, 1, 1, 2, 5, 7, 10, 15, 17, 31, 39, 58, 68"
2081,"1, 1, 1, 2, 2, 4, 4, 4, 6, 10, 21, 22, 36, 70, 72"
2082,"1, 1, 1, 1, 1, 3, 5, 5, 9, 9, 13, 36, 50, 51, 70"
2083,"1, 1, 1, 2, 3, 3, 4, 8, 11, 23, 36, 38, 58, 67"
2084,"1, 1, 1, 1, 2, 3, 3, 3, 9, 10, 11, 19, 51, 57, 84"
2085,"1, 1, 1, 2, 2, 3, 4, 5, 8, 12, 12, 36, 48, 49, 72"
2086,"1, 1, 1, 1, 2, 3, 8, 10, 11, 19, 24, 51, 56, 68"
2087,"1, 1, 1, 1, 3, 3, 3, 5, 7, 16, 19, 25, 46, 56, 69"
2088,"1, 1, 2, 3, 5, 5, 7, 12, 15, 18, 48, 53, 86"
2089,"1, 1, 1, 1, 2, 3, 6, 11, 20, 21, 34, 42, 56, 57"
2090,"1, 1, 1, 1, 4, 4, 6, 11, 12, 16, 30, 35, 64, 70"
2091,"1, 1, 1, 2, 3, 4, 8, 10, 12, 19, 26, 50, 50, 69"
2092,"1, 1, 1, 2, 3, 5, 5, 9, 15, 22, 24, 47, 50, 71"
2093,"1, 1, 1, 2, 3, 4, 4, 6, 11, 23, 37, 52, 54, 57"
2094,"1, 1, 1, 1, 1, 1, 2, 5, 5, 6, 13, 15, 31, 47, 56, 70"
2095,"1, 1, 1, 2, 2, 5, 8, 10, 14, 17, 31, 36, 58, 70"
2096,"1, 1, 1, 1, 2, 4, 5, 5, 6, 15, 16, 30, 46, 54, 69"
2097,"1, 1, 1, 1, 1, 1, 1, 2, 3, 5, 7, 10, 15, 29, 50, 55, 73"
2098,"1, 1, 1, 1, 2, 4, 6, 12, 17, 21, 29, 42, 49, 70"
2099,"1, 1, 1, 1, 2, 3, 3, 6, 11, 11, 15, 29, 50, 51, 71"
2100,"1, 1, 2, 2, 2, 5, 9, 10, 10, 14, 20, 48, 52, 80"
2101,"1, 1, 1, 1, 1, 2, 4, 4, 10, 13, 15, 32, 42, 64, 65"
2102,"1, 1, 2, 2, 2, 2, 3, 7, 10, 10, 10, 34, 50, 52, 70"
2103,"1, 1, 2, 2, 2, 2, 2, 3, 4, 19, 19, 26, 41, 56, 76"
2104,"1, 1, 1, 1, 1, 2, 2, 4, 5, 11, 12, 14, 31, 33, 63, 74"
2105,"1, 1, 1, 1, 1, 2, 2, 2, 6, 7, 8, 22, 39, 52, 55, 56"
2106,"1, 1, 1, 1, 2, 3, 3, 5, 9, 18, 18, 27, 44, 51, 72"
2107,"1, 1, 1, 1, 1, 1, 2, 3, 7, 7, 13, 16, 33, 40, 60, 69"
2108,"1, 1, 1, 1, 1, 4, 4, 8, 9, 10, 21, 25, 37, 66, 67"
2109,"1, 1, 1, 1, 2, 2, 2, 5, 9, 10, 22, 38, 52, 53, 57"
2110,"1, 1, 2, 3, 4, 4, 9, 17, 27, 34, 44, 54, 56"
2111,"1, 2, 2, 2, 3, 4, 4, 4, 15, 16, 28, 40, 61, 74"
2112,"1, 1, 1, 2, 2, 2, 2, 4, 8, 17, 18, 28, 44, 52, 74"
2113,"1, 1, 1, 3, 3, 3, 7, 9, 12, 13, 19, 46, 54, 84"
2114,"1, 1, 2, 2, 3, 4, 4, 9, 12, 17, 20, 44, 51, 86"
2115,"1, 1, 1, 2, 2, 2, 4, 6, 8, 9, 18, 26, 38, 66, 72"
2116,"1, 1, 1, 2, 2, 3, 3, 5, 7, 9, 15, 20, 46, 53, 88"
2117,"1, 2, 2, 2, 3, 5, 9, 12, 20, 28, 28, 62, 82"
2118,"1, 1, 1, 2, 2, 4, 6, 10, 12, 21, 42, 48, 50, 56"
2119,"1, 1, 1, 2, 2, 3, 4, 4, 7, 16, 18, 28, 44, 53, 72"
2120,"1, 1, 1, 1, 2, 3, 4, 4, 7, 9, 10, 26, 51, 55, 81"
2121,"1, 1, 1, 1, 1, 2, 5, 7, 8, 13, 17, 19, 43, 53, 84"
2122,"1, 1, 1, 2, 2, 4, 4, 9, 19, 22, 24, 43, 54, 70"
2123,"1, 1, 1, 1, 1, 2, 3, 4, 7, 8, 11, 12, 19, 48, 53, 84"
2124,"1, 1, 1, 1, 1, 2, 2, 5, 12, 13, 22, 39, 49, 50, 57"
2125,"1, 1, 1, 1, 6, 6, 7, 9, 9, 18, 22, 44, 47, 84"
2126,"1, 1, 1, 1, 1, 2, 2, 6, 7, 15, 20, 40, 41, 55, 63"
2127,"1, 1, 1, 2, 2, 2, 4, 8, 16, 34, 44, 44, 45, 52"
2128,"1, 1, 2, 4, 6, 9, 10, 10, 22, 23, 38, 64, 66"
2129,"1, 1, 1, 1, 3, 4, 6, 7, 17, 19, 40, 41, 54, 61"
2130,"1, 1, 3, 3, 4, 7, 9, 9, 24, 36, 52, 53, 54"
2131,"1, 1, 1, 1, 2, 2, 2, 4, 4, 17, 21, 27, 44, 58, 71"
2132,"1, 1, 1, 2, 2, 2, 3, 3, 10, 16, 22, 28, 40, 52, 73"
2133,"1, 1, 1, 2, 2, 2, 3, 4, 9, 14, 20, 26, 46, 51, 74"
2134,"1, 1, 1, 2, 2, 2, 10, 14, 18, 21, 24, 28, 64, 68"
2135,"1, 1, 1, 1, 1, 2, 2, 3, 4, 12, 37, 41, 44, 48, 58"
2136,"1, 1, 1, 1, 2, 5, 5, 9, 14, 17, 19, 43, 56, 82"
2137,"1, 1, 1, 1, 1, 3, 3, 4, 9, 9, 15, 32, 52, 53, 71"
2138,"1, 1, 1, 2, 2, 3, 4, 11, 19, 20, 26, 41, 51, 74"
2139,"1, 1, 1, 1, 1, 4, 7, 9, 13, 26, 33, 50, 54, 55"
2140,"1, 1, 1, 1, 2, 5, 6, 12, 12, 16, 29, 46, 50, 74"
2141,"1, 1, 1, 1, 2, 3, 4, 4, 5, 13, 17, 27, 50, 56, 71"
2142,"1, 1, 1, 1, 1, 1, 1, 3, 3, 12, 13, 17, 45, 47, 49, 60"
2143,"1, 1, 1, 1, 1, 1, 1, 3, 7, 7, 20, 23, 24, 41, 55, 69"
2144,"1, 2, 2, 2, 2, 5, 7, 8, 9, 18, 26, 38, 66, 70"
2145,"1, 1, 1, 2, 2, 5, 8, 9, 17, 20, 25, 45, 54, 66"
2146,"1, 1, 1, 1, 2, 2, 3, 7, 10, 15, 16, 21, 40, 51, 85"
2147,"1, 1, 1, 2, 2, 4, 6, 15, 29, 42, 42, 49, 62"
2148,"1, 1, 1, 1, 3, 4, 6, 11, 13, 20, 28, 34, 64, 69"
2149,"1, 1, 1, 1, 1, 2, 5, 5, 8, 11, 11, 35, 52, 52, 70"
2150,"1, 1, 1, 1, 4, 7, 9, 9, 10, 17, 21, 45, 50, 80"
2151,"1, 1, 1, 1, 1, 2, 2, 3, 7, 17, 23, 40, 43, 52, 62"
2152,"1, 1, 1, 1, 1, 1, 2, 3, 7, 7, 15, 15, 19, 43, 55, 84"
2153,"1, 1, 1, 1, 2, 3, 4, 5, 6, 12, 16, 29, 40, 64, 71"
2154,"1, 1, 1, 1, 2, 2, 3, 8, 9, 10, 18, 28, 52, 53, 67"
2155,"1, 1, 1, 2, 2, 4, 5, 8, 12, 18, 29, 42, 62, 69"
2156,"1, 1, 1, 2, 6, 18, 28, 81, 118"
2157,"1, 1, 1, 1, 1, 2, 2, 2, 6, 10, 14, 16, 30, 47, 51, 71"
2158,"1, 1, 1, 1, 1, 2, 2, 4, 5, 16, 24, 35, 44, 57, 62"
2159,"1, 1, 1, 1, 1, 1, 2, 3, 4, 7, 16, 23, 39, 45, 54, 57"
2160,"1, 1, 2, 2, 4, 7, 7, 8, 10, 11, 18, 50, 51, 84"
2161,"1, 1, 1, 2, 2, 3, 4, 5, 18, 20, 30, 42, 55, 72"
2162,"1, 1, 1, 2, 2, 3, 3, 4, 13, 23, 37, 50, 58, 58"
2163,"1, 1, 1, 1, 1, 2, 2, 2, 6, 6, 16, 18, 27, 46, 55, 71"
2164,"1, 1, 2, 2, 3, 4, 4, 4, 13, 21, 36, 49, 58, 58"
2165,"1, 1, 1, 3, 4, 15, 28, 94, 109"
2166,"1, 1, 1, 3, 3, 4, 4, 7, 18, 25, 35, 44, 54, 56"
2167,"1, 1, 1, 2, 2, 2, 2, 5, 10, 10, 18, 42, 50, 52, 58"
2168,"1, 1, 1, 2, 2, 2, 2, 3, 5, 14, 30, 44, 46, 47, 56"
2169,"1, 1, 1, 2, 2, 3, 5, 5, 9, 14, 14, 16, 46, 55, 82"
2170,"1, 1, 1, 2, 2, 3, 8, 10, 12, 25, 36, 49, 52, 54"
2171,"1, 1, 1, 1, 2, 2, 2, 6, 8, 16, 21, 24, 44, 58, 69"
2172,"1, 1, 2, 3, 3, 5, 13, 16, 23, 30, 40, 48, 71"
2173,"1, 1, 2, 4, 5, 5, 7, 14, 14, 34, 41, 62, 66"
2174,"1, 1, 2, 2, 4, 4, 6, 8, 11, 16, 29, 50, 50, 72"
2175,"1, 2, 3, 4, 6, 10, 17, 25, 36, 46, 48, 58"
2176,"1, 1, 1, 2, 2, 2, 4, 10, 19, 23, 38, 44, 51, 58"
2177,"1, 1, 1, 2, 3, 3, 7, 7, 15, 16, 30, 40, 61, 69"
2178,"1, 1, 1, 2, 2, 3, 3, 5, 5, 15, 17, 29, 46, 54, 72"
2179,"1, 1, 1, 1, 2, 2, 3, 4, 5, 20, 24, 24, 40, 54, 74"
2180,"1, 1, 1, 1, 1, 2, 3, 6, 9, 9, 25, 37, 38, 55, 67"
2181,"1, 1, 2, 3, 3, 4, 6, 6, 11, 15, 27, 51, 52, 74"
2182,"1, 1, 1, 1, 1, 1, 1, 2, 2, 9, 17, 21, 37, 45, 57, 59"
2183,"1, 1, 1, 1, 3, 4, 6, 9, 12, 14, 19, 47, 52, 86"
2184,"1, 1, 1, 1, 2, 2, 3, 7, 7, 12, 13, 33, 39, 64, 70"
2185,"1, 1, 2, 2, 3, 4, 6, 25, 30, 31, 44, 51, 56"
2186,"1, 1, 1, 2, 2, 3, 3, 4, 7, 16, 17, 28, 44, 53, 74"
2187,"1, 1, 1, 1, 2, 2, 4, 5, 7, 9, 17, 30, 40, 63, 73"
2188,"1, 1, 1, 1, 1, 1, 1, 2, 5, 7, 15, 21, 30, 41, 56, 72"
2189,"1, 1, 1, 2, 2, 2, 2, 4, 8, 14, 21, 40, 46, 52, 60"
2190,"1, 1, 1, 1, 2, 8, 8, 10, 11, 11, 36, 51, 52, 63"
2191,"1, 1, 1, 1, 1, 2, 2, 7, 10, 11, 29, 33, 34, 56, 67"
2192,"1, 1, 1, 1, 1, 1, 1, 3, 3, 6, 11, 17, 29, 56, 59, 65"
2193,"1, 1, 1, 1, 1, 2, 2, 3, 3, 8, 15, 15, 30, 47, 53, 73"
2194,"1, 1, 1, 1, 1, 2, 3, 4, 8, 19, 21, 27, 43, 56, 68"
2195,"1, 1, 1, 1, 1, 2, 4, 4, 4, 17, 26, 35, 45, 55, 59"
2196,"1, 1, 1, 2, 2, 3, 8, 9, 14, 17, 26, 38, 64, 70"
2197,"1, 1, 1, 1, 1, 2, 2, 4, 5, 6, 10, 16, 35, 41, 60, 70"
2198,"1, 1, 1, 1, 1, 3, 3, 7, 7, 13, 19, 33, 37, 60, 69"
2199,"1, 1, 1, 2, 2, 3, 4, 4, 5, 12, 16, 33, 40, 62, 70"
2200,"1, 1, 1, 1, 2, 2, 4, 4, 5, 13, 17, 30, 47, 56, 72"
2201,"1, 1, 1, 1, 1, 2, 5, 6, 9, 13, 15, 33, 38, 59, 71"
2202,"1, 1, 2, 2, 2, 8, 8, 8, 12, 14, 16, 48, 48, 86"
2203,"1, 1, 1, 2, 2, 2, 3, 4, 9, 20, 21, 25, 40, 52, 73"
2204,"1, 1, 1, 3, 3, 5, 7, 11, 12, 21, 24, 33, 66, 68"
2205,"1, 1, 1, 1, 2, 4, 4, 6, 7, 10, 15, 30, 39, 65, 70"
2206,"1, 1, 1, 1, 1, 2, 3, 7, 8, 11, 19, 25, 51, 55, 70"
2207,"1, 1, 1, 1, 1, 2, 4, 6, 10, 16, 21, 26, 45, 57, 64"
2208,"1, 1, 1, 1, 3, 3, 7, 11, 19, 19, 28, 43, 50, 69"
2209,"1, 1, 1, 1, 3, 3, 3, 4, 5, 8, 15, 32, 41, 67, 71"
2210,"1, 1, 1, 2, 4, 4, 6, 6, 20, 22, 22, 42, 55, 70"
2211,"1, 1, 1, 1, 1, 2, 7, 9, 22, 26, 36, 39, 54, 56"
2212,"1, 1, 1, 1, 1, 1, 2, 8, 10, 18, 23, 23, 43, 55, 68"
2213,"1, 1, 1, 1, 1, 1, 2, 2, 6, 10, 16, 17, 29, 40, 61, 67"
2214,"1, 1, 1, 1, 2, 2, 3, 8, 11, 14, 21, 24, 32, 66, 69"
2215,"1, 1, 1, 2, 2, 4, 6, 8, 9, 22, 38, 52, 54, 56"
2216,"1, 1, 1, 2, 2, 2, 2, 6, 7, 8, 18, 27, 40, 68, 71"
2217,"1, 1, 1, 1, 1, 1, 3, 4, 5, 6, 7, 16, 30, 39, 69, 71"
2218,"1, 1, 1, 1, 2, 6, 9, 10, 11, 16, 30, 51, 54, 63"
2219,"1, 1, 2, 2, 3, 4, 9, 10, 16, 44, 52, 52, 60"
2220,"1, 1, 1, 1, 1, 3, 4, 7, 10, 11, 19, 27, 36, 64, 70"
2221,"1, 1, 2, 2, 4, 6, 8, 15, 16, 29, 42, 62, 68"
2222,"1, 1, 1, 2, 2, 2, 2, 4, 6, 15, 25, 30, 39, 52, 74"
2223,"1, 1, 1, 1, 2, 4, 4, 4, 6, 13, 17, 30, 46, 54, 72"
2224,"1, 1, 1, 1, 2, 3, 4, 4, 16, 29, 32, 46, 56, 60"
2225,"1, 1, 1, 1, 1, 1, 2, 4, 7, 7, 8, 14, 31, 55, 55, 67"
2226,"1, 1, 1, 2, 2, 3, 4, 5, 5, 10, 14, 34, 41, 62, 71"
2227,"1, 1, 1, 3, 5, 6, 11, 12, 23, 36, 37, 58, 62"
2228,"1, 1, 1, 1, 2, 3, 3, 3, 4, 14, 25, 42, 42, 51, 63"
2229,"1, 1, 1, 1, 2, 2, 4, 6, 8, 12, 16, 29, 50, 54, 69"
2230,"1, 1, 1, 1, 1, 3, 3, 5, 5, 17, 21, 29, 41, 55, 72"
2231,"1, 1, 1, 2, 2, 4, 4, 4, 16, 23, 32, 42, 52, 72"
2232,"1, 1, 1, 1, 2, 2, 3, 4, 5, 6, 10, 15, 18, 47, 53, 87"
2233,"1, 1, 1, 1, 1, 2, 2, 4, 9, 10, 19, 43, 50, 52, 60"
2234,"1, 1, 1, 1, 1, 1, 2, 2, 5, 5, 11, 21, 25, 35, 72, 72"
2235,"1, 1, 2, 3, 5, 9, 12, 15, 21, 23, 32, 66, 66"
2236,"1, 1, 1, 1, 1, 1, 2, 2, 5, 7, 11, 17, 29, 40, 67, 70"
2237,"1, 1, 1, 1, 1, 1, 5, 5, 5, 9, 11, 14, 19, 47, 53, 82"
2238,"1, 1, 1, 1, 1, 1, 2, 5, 14, 14, 18, 45, 47, 47, 58"
2239,"1, 1, 1, 1, 2, 3, 5, 5, 9, 14, 16, 20, 42, 49, 87"
2240,"1, 1, 1, 1, 2, 3, 4, 5, 6, 15, 19, 24, 47, 53, 74"
2241,"1, 1, 1, 2, 2, 2, 3, 4, 9, 15, 16, 28, 47, 51, 74"
2242,"1, 1, 2, 2, 2, 4, 5, 7, 19, 21, 28, 42, 54, 68"
2243,"1, 1, 1, 1, 3, 4, 6, 11, 13, 20, 27, 33, 65, 70"
2244,"1, 1, 1, 1, 2, 2, 2, 6, 8, 12, 19, 27, 36, 66, 72"
2245,"1, 1, 1, 1, 2, 3, 3, 7, 9, 13, 14, 24, 46, 47, 84"
2246,"1, 1, 1, 1, 1, 1, 3, 6, 8, 10, 14, 22, 48, 59, 80"
2247,"1, 1, 2, 3, 3, 3, 7, 10, 10, 12, 19, 47, 54, 84"
2248,"1, 1, 1, 1, 1, 1, 2, 2, 4, 4, 4, 17, 17, 29, 43, 57, 71"
2249,"1, 1, 1, 1, 2, 2, 3, 5, 10, 10, 21, 39, 50, 52, 58"
2250,"1, 1, 1, 1, 2, 2, 2, 5, 10, 15, 22, 40, 45, 51, 58"
2251,"1, 1, 1, 1, 1, 4, 4, 4, 9, 11, 16, 36, 37, 59, 71"
2252,"1, 1, 1, 2, 2, 4, 8, 11, 12, 20, 27, 34, 63, 70"
2253,"1, 1, 1, 1, 2, 3, 8, 13, 13, 15, 32, 48, 48, 70"
2254,"1, 1, 1, 1, 4, 5, 6, 11, 15, 15, 16, 48, 54, 78"
2255,"1, 1, 3, 3, 4, 6, 13, 17, 21, 24, 30, 63, 70"
2256,"1, 1, 1, 2, 2, 2, 2, 3, 13, 16, 20, 29, 40, 48, 76"
2257,"1, 1, 3, 4, 7, 10, 11, 25, 32, 50, 52, 60"
2258,"1, 1, 1, 1, 2, 2, 3, 4, 5, 14, 26, 35, 47, 56, 58"
2259,"1, 1, 1, 1, 1, 1, 3, 4, 5, 9, 10, 17, 21, 45, 48, 88"
2260,"1, 1, 2, 3, 4, 8, 9, 10, 18, 28, 38, 66, 68"
2261,"1, 1, 1, 2, 2, 3, 3, 9, 15, 26, 36, 46, 52, 59"
2262,"1, 1, 1, 1, 4, 5, 9, 10, 11, 21, 25, 37, 64, 66"
2263,"1, 1, 1, 2, 2, 3, 4, 6, 8, 9, 14, 22, 48, 51, 84"
2264,"1, 1, 1, 4, 5, 7, 15, 16, 19, 28, 31, 60, 68"
2265,"1, 1, 1, 1, 2, 3, 4, 10, 11, 28, 31, 35, 60, 68"
2266,"1, 1, 1, 2, 4, 5, 5, 8, 11, 15, 31, 48, 54, 70"
2267,"1, 1, 1, 1, 2, 2, 3, 6, 9, 20, 22, 24, 41, 51, 72"
2268,"1, 1, 1, 1, 4, 6, 8, 12, 15, 16, 16, 45, 52, 78"
2269,"1, 1, 2, 2, 4, 4, 4, 20, 23, 30, 40, 56, 69"
2270,"1, 1, 1, 1, 1, 1, 2, 3, 7, 12, 13, 14, 16, 49, 55, 79"
2271,"1, 1, 2, 3, 4, 6, 8, 17, 29, 32, 45, 54, 54"
2272,"1, 1, 1, 1, 2, 2, 3, 4, 7, 18, 20, 38, 41, 57, 60"
2273,"1, 1, 1, 2, 2, 2, 3, 7, 8, 8, 17, 27, 40, 68, 69"
2274,"1, 1, 1, 1, 3, 8, 11, 16, 19, 30, 40, 59, 66"
2275,"1, 1, 1, 1, 1, 3, 3, 3, 9, 19, 19, 28, 44, 50, 73"
2276,"1, 1, 1, 1, 2, 3, 3, 4, 8, 9, 16, 45, 52, 52, 58"
2277,"1, 1, 1, 2, 2, 3, 7, 10, 14, 15, 36, 47, 48, 69"
2278,"1, 1, 1, 1, 1, 1, 2, 7, 9, 20, 22, 26, 39, 56, 69"
2279,"1, 1, 1, 1, 1, 2, 2, 3, 3, 6, 9, 23, 38, 38, 60, 67"
2280,"1, 1, 1, 1, 1, 1, 2, 3, 5, 7, 11, 13, 20, 49, 55, 85"
2281,"1, 1, 2, 2, 2, 4, 6, 10, 13, 22, 23, 48, 56, 66"
2282,"1, 1, 1, 1, 1, 3, 3, 5, 6, 18, 21, 23, 44, 57, 71"
2283,"1, 1, 1, 1, 2, 2, 3, 6, 6, 14, 22, 30, 44, 55, 68"
2284,"1, 1, 1, 2, 2, 3, 3, 8, 9, 9, 11, 20, 52, 53, 81"
2285,"1, 1, 1, 1, 2, 3, 3, 9, 11, 11, 15, 20, 46, 51, 81"
2286,"1, 1, 1, 1, 2, 2, 3, 6, 9, 13, 21, 33, 36, 56, 71"
2287,"1, 1, 1, 1, 2, 3, 3, 5, 5, 19, 21, 28, 42, 55, 69"
2288,"1, 1, 1, 1, 2, 2, 4, 8, 8, 12, 17, 19, 44, 53, 83"
2289,"1, 1, 1, 2, 3, 4, 7, 10, 14, 15, 32, 38, 62, 66"
2290,"1, 1, 1, 1, 4, 5, 8, 9, 16, 21, 26, 45, 50, 68"
2291,"1, 1, 2, 3, 4, 10, 20, 23, 28, 42, 56, 66"
2292,"1, 1, 1, 1, 2, 2, 3, 4, 6, 10, 23, 38, 50, 57, 57"
2293,"1, 1, 1, 1, 1, 4, 9, 11, 16, 19, 28, 36, 59, 69"
2294,"1, 1, 1, 1, 3, 5, 5, 7, 19, 19, 28, 43, 54, 69"
2295,"1, 1, 1, 1, 2, 3, 4, 5, 8, 15, 17, 30, 45, 51, 72"
2296,"1, 1, 1, 1, 1, 1, 1, 1, 2, 3, 5, 16, 18, 39, 43, 61, 61"
2297,"1, 1, 1, 3, 5, 15, 28, 95, 107"
2298,"1, 1, 1, 1, 1, 1, 5, 9, 9, 11, 13, 20, 51, 54, 78"
2299,"1, 1, 1, 1, 1, 2, 4, 7, 8, 13, 15, 33, 40, 62, 67"
2300,"1, 1, 1, 1, 2, 3, 3, 5, 7, 16, 22, 39, 45, 54, 56"
2301,"1, 1, 1, 1, 1, 6, 9, 10, 13, 14, 21, 43, 49, 86"
2302,"1, 2, 2, 2, 3, 4, 10, 17, 25, 36, 44, 52, 58"
2303,"1, 1, 1, 1, 1, 2, 2, 4, 4, 17, 19, 29, 43, 56, 75"
2304,"1, 1, 1, 2, 3, 5, 5, 9, 15, 19, 30, 44, 52, 69"
2305,"1, 1, 2, 2, 4, 4, 12, 15, 18, 28, 43, 62, 64"
2306,"1, 1, 1, 3, 3, 3, 4, 7, 15, 20, 24, 46, 54, 74"
2307,"1, 1, 1, 1, 1, 1, 2, 2, 2, 4, 6, 19, 19, 27, 41, 55, 73"
2308,"1, 1, 1, 2, 3, 3, 9, 9, 17, 19, 26, 45, 52, 68"
2309,"1, 1, 1, 2, 2, 2, 3, 4, 5, 13, 18, 40, 45, 57, 62"
2310,"1, 1, 1, 1, 1, 2, 2, 8, 11, 13, 13, 34, 49, 49, 70"
2311,"1, 1, 1, 2, 2, 4, 8, 23, 30, 31, 46, 51, 56"
2312,"1, 1, 1, 1, 2, 2, 2, 8, 12, 12, 22, 24, 33, 65, 70"
2313,"1, 1, 1, 1, 3, 5, 7, 7, 11, 13, 31, 52, 56, 67"
2314,"1, 1, 1, 1, 1, 2, 2, 4, 9, 22, 28, 33, 40, 54, 57"
2315,"1, 1, 1, 1, 2, 4, 6, 8, 17, 18, 28, 46, 53, 70"
2316,"1, 1, 1, 1, 1, 1, 2, 3, 5, 6, 13, 17, 30, 47, 56, 71"
2317,"1, 1, 1, 2, 2, 3, 6, 11, 12, 13, 24, 48, 50, 82"
2318,"1, 1, 1, 1, 1, 2, 3, 7, 7, 15, 17, 32, 39, 60, 69"
2319,"1, 1, 2, 2, 3, 3, 4, 5, 21, 24, 27, 39, 50, 74"
2320,"1, 1, 1, 2, 2, 4, 5, 11, 13, 18, 45, 48, 48, 57"
2321,"1, 1, 2, 3, 3, 3, 4, 10, 13, 17, 33, 44, 48, 74"
2322,"1, 1, 1, 1, 3, 6, 8, 9, 12, 16, 18, 46, 50, 84"
2323,"1, 1, 2, 3, 4, 6, 8, 15, 18, 26, 48, 54, 70"
2324,"1, 1, 1, 1, 2, 4, 9, 11, 11, 14, 20, 51, 52, 78"
2325,"1, 1, 1, 2, 2, 2, 3, 3, 4, 11, 25, 33, 51, 57, 60"
2326,"1, 1, 1, 2, 2, 3, 5, 5, 5, 13, 16, 29, 48, 55, 70"
2327,"1, 1, 1, 1, 2, 2, 3, 5, 7, 18, 24, 27, 40, 52, 72"
2328,"1, 1, 2, 2, 3, 8, 8, 10, 11, 36, 51, 56, 67"
2329,"1, 1, 1, 1, 2, 4, 6, 6, 8, 8, 20, 26, 37, 65, 70"
2330,"1, 1, 1, 1, 1, 1, 1, 2, 6, 9, 14, 16, 33, 38, 61, 70"
2331,"1, 1, 1, 1, 3, 4, 7, 13, 14, 18, 26, 47, 48, 72"
2332,"1, 1, 1, 1, 1, 2, 2, 4, 6, 6, 11, 11, 35, 51, 54, 69"
2333,"1, 1, 1, 2, 3, 5, 7, 11, 13, 20, 23, 37, 48, 84"
2334,"1, 1, 1, 1, 2, 5, 5, 6, 7, 9, 20, 25, 39, 66, 68"
2335,"1, 1, 1, 1, 2, 2, 4, 4, 4, 13, 15, 29, 49, 58, 72"
2336,"1, 1, 1, 1, 2, 2, 3, 4, 14, 15, 16, 30, 45, 48, 73"
2337,"1, 2, 3, 5, 9, 40, 82, 114"
2338,"1, 1, 2, 2, 6, 6, 9, 12, 16, 32, 37, 64, 68"
2339,"1, 1, 2, 2, 3, 4, 4, 6, 17, 21, 27, 40, 56, 72"
2340,"1, 1, 1, 1, 1, 1, 4, 7, 8, 10, 23, 24, 36, 67, 71"
2341,"1, 1, 1, 2, 2, 3, 4, 7, 13, 28, 33, 49, 54, 58"
2342,"1, 1, 1, 1, 2, 2, 6, 10, 13, 23, 38, 50, 51, 57"
2343,"1, 1, 1, 2, 2, 2, 4, 4, 4, 16, 21, 31, 42, 54, 71"
2344,"1, 1, 1, 1, 1, 1, 2, 2, 2, 10, 16, 17, 30, 43, 62, 66"
2345,"1, 1, 1, 2, 2, 3, 4, 9, 15, 18, 28, 43, 62, 67"
2346,"1, 1, 1, 1, 1, 2, 2, 2, 8, 8, 11, 13, 32, 51, 53, 69"
2347,"1, 1, 1, 2, 2, 2, 3, 3, 4, 10, 17, 35, 42, 60, 73"
2348,"1, 1, 1, 1, 1, 2, 4, 6, 10, 19, 22, 27, 40, 52, 69"
2349,"1, 1, 1, 1, 1, 1, 3, 4, 5, 6, 12, 19, 27, 47, 58, 69"
2350,"1, 1, 2, 2, 2, 4, 6, 7, 7, 20, 38, 54, 56, 56"
2351,"1, 1, 2, 3, 5, 5, 11, 13, 28, 34, 35, 56, 62"
2352,"1, 1, 1, 1, 2, 2, 2, 2, 4, 8, 14, 14, 30, 47, 51, 76"
2353,"1, 1, 2, 3, 4, 14, 29, 93, 109"
2354,"1, 1, 1, 1, 1, 1, 2, 3, 7, 8, 13, 14, 18, 53, 54, 78"
2355,"1, 1, 1, 2, 2, 2, 3, 4, 6, 7, 16, 42, 55, 56, 58"
2356,"1, 1, 4, 4, 4, 5, 10, 12, 16, 27, 42, 64, 66"
2357,"1, 1, 1, 1, 1, 1, 2, 3, 6, 9, 12, 12, 25, 49, 49, 83"
2358,"1, 1, 2, 2, 2, 2, 3, 3, 8, 9, 14, 30, 54, 56, 69"
2359,"1, 1, 2, 2, 3, 3, 3, 3, 4, 5, 18, 23, 42, 72, 74"
2360,"1, 1, 1, 2, 2, 2, 3, 4, 8, 18, 20, 27, 40, 53, 74"
2361,"1, 1, 1, 1, 1, 2, 2, 4, 8, 8, 8, 21, 24, 37, 68, 69"
2362,"1, 1, 1, 1, 1, 2, 2, 3, 8, 22, 27, 34, 44, 54, 55"
2363,"1, 1, 1, 1, 1, 1, 5, 5, 7, 18, 20, 29, 35, 57, 74"
2364,"1, 1, 1, 2, 2, 3, 8, 9, 20, 20, 26, 42, 54, 67"
2365,"1, 1, 2, 2, 3, 3, 5, 6, 13, 21, 39, 48, 56, 56"
2366,"1, 1, 1, 1, 1, 1, 3, 3, 9, 19, 29, 34, 43, 51, 59"
2367,"1, 1, 1, 1, 3, 4, 5, 5, 16, 21, 37, 44, 56, 61"
2368,"1, 2, 2, 3, 5, 5, 6, 13, 16, 42, 43, 56, 62"
2369,"1, 1, 2, 2, 2, 3, 4, 4, 21, 22, 37, 42, 57, 58"
2370,"1, 1, 1, 1, 1, 2, 3, 3, 5, 7, 8, 18, 23, 43, 53, 86"
2371,"1, 1, 1, 1, 1, 1, 3, 5, 7, 18, 21, 25, 36, 59, 76"
2372,"1, 1, 1, 2, 2, 2, 4, 4, 4, 15, 22, 38, 47, 56, 57"
2373,"1, 1, 1, 1, 1, 2, 3, 4, 9, 11, 21, 42, 50, 52, 57"
2374,"1, 1, 1, 1, 1, 1, 2, 3, 4, 6, 12, 26, 35, 49, 54, 59"
2375,"1, 1, 2, 3, 3, 4, 9, 16, 21, 38, 42, 58, 58"
2376,"1, 1, 1, 1, 2, 3, 7, 9, 11, 17, 22, 44, 51, 86"
2377,"1, 1, 1, 1, 2, 2, 4, 4, 10, 17, 17, 29, 44, 52, 71"
2378,"1, 1, 1, 2, 2, 2, 7, 8, 12, 15, 29, 40, 66, 70"
2379,"1, 1, 1, 1, 2, 2, 4, 6, 7, 10, 16, 28, 55, 56, 66"
2380,"1, 1, 2, 3, 3, 3, 5, 9, 9, 15, 29, 52, 58, 66"
2381,"1, 1, 1, 1, 1, 3, 9, 10, 14, 25, 35, 47, 54, 54"
2382,"1, 1, 1, 2, 2, 2, 2, 6, 8, 10, 17, 22, 44, 50, 88"
2383,"1, 1, 1, 2, 2, 4, 4, 8, 17, 24, 37, 46, 52, 57"
2384,"1, 1, 1, 1, 3, 5, 5, 15, 16, 21, 26, 30, 60, 71"
2385,"1, 1, 1, 1, 3, 4, 8, 11, 13, 18, 29, 35, 63, 68"
2386,"1, 1, 1, 1, 1, 2, 2, 2, 10, 17, 24, 39, 45, 51, 59"
2387,"1, 1, 1, 2, 3, 3, 8, 10, 11, 14, 21, 48, 50, 83"
2388,"1, 1, 1, 1, 2, 2, 2, 2, 5, 7, 8, 14, 30, 52, 56, 72"
2389,"1, 1, 1, 2, 3, 4, 4, 7, 13, 20, 27, 48, 54, 71"
2390,"1, 1, 1, 1, 1, 2, 4, 5, 9, 11, 23, 23, 37, 64, 73"
2391,"1, 1, 1, 2, 2, 2, 4, 8, 8, 12, 17, 19, 42, 54, 83"
2392,"1, 1, 1, 1, 1, 1, 1, 4, 6, 7, 13, 16, 34, 39, 61, 69"
2393,"1, 1, 1, 1, 2, 3, 3, 6, 7, 12, 15, 16, 44, 58, 86"
2394,"1, 1, 1, 1, 1, 1, 2, 7, 11, 13, 24, 37, 49, 52, 55"
2395,"1, 1, 2, 2, 4, 4, 4, 8, 15, 18, 28, 46, 51, 72"
2396,"1, 1, 1, 1, 2, 2, 3, 4, 5, 6, 9, 14, 29, 51, 55, 72"
2397,"1, 1, 1, 1, 2, 2, 3, 7, 8, 11, 22, 25, 35, 68, 69"
2398,"1, 1, 1, 1, 1, 3, 4, 5, 7, 9, 18, 25, 41, 69, 70"
2399,"1, 1, 1, 2, 2, 2, 4, 4, 8, 10, 22, 36, 39, 58, 66"
2400,"1, 1, 1, 2, 2, 2, 2, 10, 10, 10, 13, 32, 50, 52, 68"
2401,"1, 1, 2, 2, 2, 3, 6, 7, 12, 15, 32, 42, 62, 69"
2402,"1, 1, 1, 1, 2, 3, 4, 4, 7, 12, 16, 29, 48, 55, 72"
2403,"1, 1, 1, 1, 2, 3, 4, 7, 7, 10, 13, 32, 54, 55, 65"
2404,"1, 1, 1, 1, 1, 1, 1, 3, 6, 9, 9, 9, 24, 53, 53, 83"
2405,"1, 1, 2, 2, 3, 3, 7, 10, 11, 11, 34, 49, 52, 70"
2406,"1, 1, 1, 1, 1, 1, 4, 5, 8, 10, 26, 33, 51, 56, 57"
2407,"1, 1, 1, 4, 5, 9, 10, 15, 20, 27, 47, 50, 66"
2408,"1, 1, 1, 2, 3, 6, 9, 17, 20, 39, 42, 54, 61"
2409,"1, 1, 1, 1, 2, 2, 4, 8, 12, 15, 33, 44, 62, 70"
2410,"1, 1, 1, 1, 2, 5, 6, 6, 13, 27, 36, 48, 51, 58"
2411,"1, 1, 1, 1, 1, 3, 4, 5, 8, 15, 19, 27, 48, 54, 68"
2412,"1, 1, 1, 1, 3, 5, 7, 9, 13, 17, 45, 50, 51, 52"
2413,"1, 1, 1, 1, 3, 3, 7, 11, 16, 18, 30, 38, 61, 65"
2414,"1, 1, 2, 2, 3, 3, 4, 9, 11, 19, 40, 52, 52, 57"
2415,"1, 1, 1, 1, 2, 2, 3, 7, 7, 14, 19, 25, 48, 60, 65"
2416,"1, 1, 1, 1, 3, 3, 4, 7, 8, 10, 15, 29, 53, 54, 66"
2417,"1, 1, 1, 1, 6, 20, 25, 85, 116"
2418,"1, 1, 2, 2, 3, 3, 5, 11, 11, 16, 44, 50, 51, 56"
2419,"1, 1, 1, 1, 1, 1, 2, 4, 7, 8, 9, 13, 33, 52, 55, 67"
2420,"1, 1, 1, 1, 1, 2, 3, 5, 6, 14, 23, 38, 47, 56, 57"
2421,"1, 1, 2, 2, 3, 5, 10, 13, 27, 34, 50, 52, 56"
2422,"1, 1, 1, 1, 1, 2, 3, 5, 10, 13, 21, 26, 33, 67, 71"
2423,"1, 1, 2, 2, 6, 6, 8, 10, 16, 24, 44, 52, 84"
2424,"1, 2, 2, 2, 4, 5, 10, 13, 17, 22, 44, 46, 88"
2425,"1, 1, 1, 1, 3, 5, 5, 9, 15, 20, 27, 42, 52, 74"
2426,"1, 2, 2, 3, 3, 5, 9, 19, 24, 36, 44, 52, 56"
2427,"1, 1, 1, 1, 1, 1, 2, 3, 5, 9, 13, 16, 33, 41, 60, 68"
2428,"1, 1, 1, 2, 3, 4, 7, 8, 15, 21, 23, 32, 68, 70"
2429,"1, 1, 2, 3, 5, 9, 9, 13, 15, 34, 48, 50, 66"
2430,"1, 1, 1, 1, 1, 2, 2, 2, 2, 7, 12, 22, 39, 43, 56, 64"
2431,"1, 1, 1, 1, 1, 2, 2, 5, 6, 13, 24, 37, 48, 56, 58"
2432,"1, 1, 1, 1, 2, 2, 9, 12, 16, 18, 29, 46, 50, 68"
2433,"1, 1, 1, 2, 3, 19, 36, 88, 105"
2434,"1, 1, 2, 3, 4, 4, 8, 11, 17, 33, 44, 62, 66"
2435,"1, 1, 1, 2, 2, 4, 10, 12, 14, 16, 16, 49, 52, 76"
2436,"1, 1, 1, 1, 1, 2, 4, 4, 4, 7, 10, 14, 23, 46, 49, 88"
2437,"1, 1, 1, 2, 5, 7, 12, 14, 18, 25, 50, 56, 64"
2438,"1, 1, 1, 1, 2, 2, 5, 7, 7, 10, 21, 24, 39, 67, 68"
2439,"1, 1, 1, 2, 2, 2, 5, 5, 14, 23, 31, 46, 53, 70"
2440,"1, 1, 1, 1, 1, 1, 1, 5, 7, 9, 11, 16, 23, 46, 53, 79"
2441,"1, 1, 1, 1, 2, 3, 3, 4, 10, 10, 22, 25, 36, 65, 72"
2442,"1, 1, 1, 1, 3, 4, 4, 4, 6, 14, 17, 27, 48, 56, 69"
2443,"1, 2, 2, 3, 5, 6, 11, 13, 13, 22, 50, 50, 78"
2444,"1, 1, 1, 2, 7, 7, 9, 11, 22, 39, 46, 54, 56"
2445,"1, 1, 1, 2, 3, 4, 9, 9, 9, 12, 22, 51, 52, 80"
2446,"1, 1, 1, 1, 1, 2, 2, 6, 6, 18, 27, 34, 43, 55, 58"
2447,"1, 1, 1, 1, 1, 2, 2, 2, 7, 7, 8, 14, 31, 54, 54, 70"
2448,"1, 1, 1, 1, 1, 1, 2, 2, 3, 4, 9, 13, 19, 27, 31, 67, 73"
2449,"1, 1, 2, 2, 2, 3, 3, 10, 18, 20, 26, 44, 56, 68"
2450,"1, 1, 1, 1, 2, 2, 4, 7, 7, 10, 13, 32, 54, 56, 65"
2451,"1, 1, 1, 1, 2, 3, 3, 4, 6, 13, 23, 39, 48, 53, 58"
2452,"1, 1, 1, 1, 1, 1, 1, 2, 7, 11, 12, 15, 19, 47, 55, 81"
2453,"1, 1, 1, 2, 3, 4, 6, 7, 15, 16, 30, 45, 55, 70"
2454,"1, 2, 2, 2, 2, 2, 6, 6, 13, 26, 34, 48, 56, 56"
2455,"1, 1, 1, 1, 2, 2, 9, 11, 16, 22, 23, 51, 54, 62"
2456,"1, 1, 1, 5, 5, 6, 7, 10, 11, 36, 42, 63, 68"
2457,"1, 1, 2, 3, 3, 8, 11, 13, 23, 37, 50, 50, 54"
2458,"1, 1, 3, 4, 4, 9, 9, 10, 18, 26, 52, 53, 66"
2459,"1, 1, 2, 2, 2, 2, 2, 2, 3, 5, 13, 16, 28, 46, 59, 72"
2460,"1, 2, 3, 3, 9, 13, 15, 24, 38, 48, 48, 52"
2461,"1, 1, 1, 2, 3, 6, 6, 10, 11, 13, 31, 47, 52, 72"
2462,"1, 1, 1, 1, 3, 4, 5, 5, 8, 9, 20, 23, 37, 66, 72"
2463,"1, 1, 2, 3, 6, 8, 9, 11, 23, 24, 36, 64, 68"
2464,"1, 1, 1, 1, 1, 6, 8, 9, 9, 23, 39, 49, 54, 54"
2465,"1, 1, 1, 2, 3, 5, 6, 6, 17, 23, 30, 40, 53, 68"
2466,"1, 1, 1, 1, 2, 3, 4, 8, 9, 9, 14, 31, 51, 53, 68"
2467,"1, 1, 1, 1, 1, 3, 5, 11, 15, 18, 44, 48, 49, 58"
2468,"1, 1, 1, 1, 5, 5, 5, 9, 11, 19, 28, 38, 63, 69"
2469,"1, 1, 2, 3, 4, 5, 7, 17, 28, 30, 46, 54, 58"
2470,"1, 1, 1, 1, 2, 2, 3, 4, 4, 5, 14, 16, 28, 47, 55, 72"
2471,"1, 1, 1, 1, 2, 2, 4, 4, 6, 15, 16, 29, 46, 56, 72"
2472,"1, 1, 1, 1, 1, 1, 3, 5, 9, 20, 21, 38, 39, 57, 58"
2473,"1, 1, 1, 2, 2, 2, 3, 4, 7, 14, 18, 42, 42, 54, 63"
2474,"1, 1, 1, 1, 1, 2, 2, 2, 3, 6, 16, 27, 33, 45, 56, 59"
2475,"1, 1, 1, 2, 2, 3, 4, 4, 5, 16, 23, 29, 40, 53, 72"
2476,"1, 1, 1, 2, 3, 3, 5, 13, 13, 22, 23, 32, 63, 74"
2477,"1, 1, 1, 2, 3, 4, 6, 7, 9, 22, 26, 38, 67, 69"
2478,"1, 2, 3, 5, 8, 9, 15, 17, 30, 46, 54, 66"
2479,"1, 1, 1, 1, 1, 2, 2, 2, 3, 5, 17, 20, 30, 43, 56, 71"
2480,"1, 1, 1, 1, 1, 1, 3, 6, 12, 15, 16, 31, 44, 61, 62"
2481,"1, 1, 1, 1, 2, 2, 3, 10, 10, 11, 12, 22, 48, 49, 83"
2482,"1, 1, 1, 1, 3, 3, 5, 9, 21, 21, 26, 41, 52, 71"
2483,"1, 1, 1, 1, 1, 2, 4, 4, 5, 15, 15, 32, 46, 57, 71"
2484,"1, 1, 1, 1, 2, 3, 9, 12, 14, 20, 27, 31, 66, 68"
2485,"1, 1, 1, 2, 2, 3, 4, 7, 14, 19, 30, 44, 59, 69"
2486,"1, 1, 1, 1, 2, 2, 9, 12, 13, 20, 26, 38, 64, 66"
2487,"1, 1, 1, 1, 2, 2, 4, 8, 21, 25, 29, 44, 47, 70"
2488,"1, 1, 1, 1, 1, 3, 3, 9, 9, 9, 13, 33, 51, 53, 68"
2489,"1, 1, 1, 1, 2, 2, 3, 5, 5, 12, 16, 28, 50, 59, 70"
2490,"1, 1, 1, 3, 4, 4, 6, 10, 11, 17, 28, 35, 65, 70"
2491,"1, 1, 1, 1, 1, 1, 2, 6, 9, 17, 20, 26, 45, 53, 72"
2492,"1, 1, 2, 2, 3, 4, 7, 8, 19, 20, 25, 42, 54, 68"
2493,"1, 1, 1, 1, 1, 2, 3, 6, 6, 11, 20, 36, 42, 58, 67"
2494,"1, 1, 2, 2, 3, 3, 5, 8, 11, 18, 28, 49, 55, 70"
2495,"1, 1, 1, 2, 2, 3, 8, 9, 13, 16, 32, 36, 60, 72"
2496,"1, 1, 1, 1, 1, 1, 2, 5, 7, 7, 14, 16, 20, 41, 55, 83"
2497,"1, 1, 1, 1, 2, 5, 6, 10, 13, 16, 19, 44, 57, 80"
2498,"1, 1, 1, 1, 1, 4, 7, 8, 8, 23, 40, 51, 54, 56"
2499,"1, 1, 1, 1, 1, 1, 3, 5, 5, 9, 11, 20, 20, 41, 51, 85"
2500,"1, 1, 1, 2, 2, 2, 3, 8, 8, 13, 17, 22, 43, 47, 86"
2501,"1, 1, 1, 1, 1, 2, 2, 2, 5, 7, 8, 20, 40, 52, 56, 57"
2502,"1, 1, 1, 2, 4, 5, 5, 17, 28, 30, 46, 58, 58"
2503,"1, 1, 1, 1, 3, 5, 7, 7, 17, 19, 25, 46, 55, 68"
2504,"1, 1, 1, 1, 2, 2, 4, 6, 6, 9, 23, 23, 37, 68, 72"
2505,"1, 1, 1, 1, 1, 2, 2, 4, 4, 6, 13, 18, 27, 49, 58, 68"
2506,"1, 1, 2, 2, 2, 4, 5, 7, 19, 21, 28, 42, 54, 68"
2507,"1, 1, 1, 1, 1, 1, 2, 3, 5, 9, 11, 11, 34, 50, 53, 72"
2508,"1, 1, 1, 1, 3, 6, 6, 9, 15, 22, 24, 37, 46, 84"
2509,"1, 1, 1, 1, 2, 2, 3, 7, 8, 20, 22, 25, 40, 53, 70"
2510,"1, 1, 1, 1, 2, 2, 4, 5, 6, 18, 22, 27, 42, 54, 70"
2511,"1, 1, 1, 1, 1, 4, 4, 6, 16, 22, 31, 42, 55, 71"
2512,"1, 1, 1, 1, 2, 2, 2, 2, 3, 4, 6, 28, 28, 33, 57, 85"
2513,"1, 1, 1, 1, 2, 3, 6, 7, 19, 23, 37, 39, 56, 60"
2514,"1, 1, 1, 2, 2, 2, 3, 4, 4, 14, 23, 31, 42, 53, 73"
2515,"1, 1, 1, 2, 4, 6, 12, 13, 24, 35, 49, 50, 58"
2516,"1, 1, 1, 1, 3, 3, 9, 13, 15, 15, 33, 46, 47, 68"
2517,"1, 1, 1, 1, 1, 2, 2, 3, 5, 10, 16, 20, 25, 30, 67, 71"
2518,"1, 1, 1, 1, 2, 2, 3, 4, 8, 14, 22, 39, 46, 52, 60"
2519,"1, 1, 1, 1, 2, 2, 2, 3, 9, 19, 20, 27, 41, 52, 75"
2520,"1, 1, 1, 1, 1, 2, 5, 9, 9, 12, 21, 24, 34, 65, 70"
2521,"1, 1, 1, 1, 2, 2, 4, 4, 10, 16, 17, 29, 45, 50, 73"
2522,"1, 1, 1, 1, 2, 5, 5, 9, 13, 22, 22, 26, 70, 78"
2523,"1, 1, 1, 1, 2, 3, 4, 5, 8, 13, 18, 22, 40, 50, 87"
2524,"1, 1, 1, 2, 3, 3, 4, 4, 18, 23, 38, 44, 57, 57"
2525,"1, 1, 1, 1, 1, 2, 5, 9, 10, 10, 13, 22, 51, 51, 78"
2526,"1, 1, 1, 1, 2, 2, 2, 2, 6, 8, 10, 17, 18, 45, 52, 88"
2527,"1, 1, 1, 1, 1, 4, 5, 6, 20, 25, 28, 42, 52, 69"
2528,"1, 1, 1, 1, 1, 2, 2, 2, 5, 21, 25, 36, 42, 56, 60"
2529,"1, 1, 1, 1, 2, 6, 10, 13, 26, 36, 49, 54, 56"
2530,"1, 1, 1, 1, 2, 2, 3, 6, 7, 16, 16, 29, 45, 54, 72"
2531,"1, 1, 1, 2, 2, 2, 3, 4, 7, 16, 16, 38, 44, 58, 61"
2532,"1, 1, 1, 3, 3, 4, 5, 9, 10, 21, 25, 39, 66, 68"
2533,"1, 1, 1, 2, 3, 3, 3, 5, 7, 13, 16, 16, 42, 55, 88"
2534,"1, 1, 1, 1, 1, 2, 2, 2, 5, 6, 7, 19, 42, 54, 55, 57"
2535,"1, 1, 1, 2, 2, 5, 7, 8, 9, 16, 46, 51, 53, 54"
2536,"1, 1, 1, 1, 1, 1, 2, 5, 11, 12, 17, 34, 41, 61, 67"
2537,"1, 1, 1, 2, 2, 5, 6, 9, 9, 23, 38, 38, 55, 66"
2538,"1, 1, 1, 2, 2, 3, 3, 4, 5, 11, 21, 24, 50, 56, 72"
2539,"1, 1, 1, 1, 2, 3, 4, 5, 8, 10, 15, 22, 47, 49, 87"
2540,"1, 1, 1, 1, 1, 3, 4, 4, 7, 17, 26, 29, 38, 52, 71"
2541,"1, 1, 1, 1, 1, 2, 3, 7, 9, 13, 17, 29, 39, 66, 66"
2542,"1, 1, 1, 1, 1, 2, 2, 3, 3, 8, 16, 17, 29, 45, 52, 74"
2543,"1, 1, 1, 1, 2, 3, 5, 13, 15, 19, 42, 48, 48, 57"
2544,"1, 1, 1, 2, 3, 3, 9, 9, 10, 19, 20, 42, 52, 84"
2545,"1, 1, 1, 1, 2, 2, 3, 4, 6, 14, 16, 30, 47, 57, 71"
2546,"1, 1, 1, 1, 2, 3, 3, 5, 7, 9, 16, 32, 37, 67, 71"
2547,"1, 1, 1, 1, 1, 1, 1, 2, 5, 6, 17, 21, 41, 41, 55, 61"
2548,"1, 1, 2, 2, 2, 3, 7, 10, 15, 17, 30, 46, 52, 68"
2549,"1, 1, 1, 2, 2, 2, 4, 6, 8, 9, 10, 35, 53, 54, 68"
2550,"1, 1, 1, 2, 3, 4, 4, 6, 17, 27, 33, 46, 55, 56"
2551,"1, 1, 1, 1, 1, 2, 5, 7, 9, 12, 18, 19, 43, 52, 84"
2552,"1, 1, 1, 2, 3, 3, 4, 11, 15, 16, 28, 44, 61, 66"
2553,"1, 1, 1, 3, 4, 5, 5, 9, 10, 21, 24, 37, 66, 69"
2554,"1, 1, 1, 1, 3, 3, 7, 7, 11, 18, 30, 49, 59, 65"
2555,"1, 1, 1, 1, 2, 3, 4, 5, 7, 8, 12, 18, 28, 82, 83"
2556,"1, 1, 1, 2, 8, 15, 18, 79, 131"
2557,"1, 1, 2, 3, 3, 3, 5, 9, 9, 19, 36, 36, 57, 72"
2558,"1, 1, 2, 2, 5, 11, 11, 12, 12, 35, 50, 50, 64"
2559,"1, 1, 1, 1, 2, 6, 7, 11, 11, 14, 22, 44, 51, 84"
2560,"1, 1, 1, 2, 4, 7, 7, 8, 9, 18, 28, 37, 66, 67"
2561,"1, 2, 4, 6, 8, 12, 14, 18, 23, 40, 46, 82"
2562,"1, 1, 1, 1, 1, 2, 4, 5, 10, 16, 18, 28, 42, 61, 65"
2563,"1, 1, 1, 1, 4, 8, 11, 20, 21, 26, 42, 52, 68"
2564,"1, 1, 3, 3, 4, 4, 9, 14, 24, 40, 45, 52, 56"
2565,"1, 1, 1, 2, 5, 5, 7, 9, 13, 13, 18, 48, 51, 82"
2566,"1, 1, 1, 1, 1, 1, 4, 5, 5, 6, 9, 11, 20, 51, 53, 86"
2567,"1, 1, 1, 1, 1, 2, 2, 4, 7, 8, 10, 12, 32, 51, 51, 72"
2568,"1, 1, 1, 1, 2, 2, 3, 8, 9, 13, 13, 33, 49, 50, 70"
2569,"1, 1, 1, 1, 1, 1, 1, 3, 3, 3, 7, 13, 14, 33, 41, 63, 69"
2570,"1, 1, 1, 1, 2, 4, 4, 7, 19, 26, 36, 44, 54, 56"
2571,"1, 1, 1, 2, 3, 6, 6, 16, 36, 41, 42, 45, 56"
2572,"1, 1, 1, 1, 1, 1, 1, 11, 12, 14, 15, 16, 47, 52, 82"
2573,"1, 2, 4, 4, 6, 10, 18, 21, 38, 40, 42, 70"
2574,"1, 1, 1, 1, 2, 3, 4, 5, 10, 14, 22, 23, 47, 56, 66"
2575,"1, 1, 1, 1, 1, 3, 3, 7, 9, 10, 15, 21, 45, 52, 86"
2576,"1, 1, 1, 1, 1, 3, 11, 11, 19, 20, 28, 34, 57, 68"
2577,"1, 1, 1, 2, 2, 3, 4, 8, 19, 21, 24, 43, 53, 74"
2578,"1, 3, 7, 23, 32, 76, 114"
2579,"1, 1, 1, 1, 1, 2, 3, 3, 7, 8, 10, 23, 23, 33, 69, 70"
2580,"1, 1, 1, 1, 2, 3, 5, 7, 9, 12, 17, 17, 45, 53, 82"
2581,"1, 1, 1, 1, 1, 5, 7, 11, 13, 19, 20, 42, 56, 78"
2582,"1, 1, 1, 1, 2, 7, 8, 18, 18, 27, 40, 60, 72"
2583,"1, 1, 1, 1, 1, 2, 2, 2, 2, 4, 20, 24, 37, 44, 57, 57"
2584,"1, 1, 1, 1, 1, 2, 7, 8, 9, 9, 11, 35, 53, 54, 63"
2585,"1, 1, 1, 1, 1, 1, 2, 9, 9, 20, 21, 24, 42, 53, 70"
2586,"1, 1, 2, 3, 4, 7, 13, 14, 18, 27, 40, 62, 64"
2587,"1, 1, 1, 1, 1, 3, 5, 6, 18, 21, 26, 43, 58, 71"
2588,"1, 1, 1, 1, 2, 3, 9, 13, 16, 20, 26, 46, 53, 64"
2589,"1, 1, 2, 2, 3, 4, 4, 4, 7, 16, 45, 53, 56, 58"
2590,"1, 1, 2, 2, 2, 3, 7, 9, 10, 20, 41, 52, 52, 54"
2591,"1, 1, 1, 1, 2, 2, 4, 9, 23, 27, 38, 38, 51, 58"
2592,"1, 1, 1, 1, 1, 1, 1, 11, 13, 14, 20, 27, 47, 52, 65"
2593,"1, 1, 1, 2, 2, 2, 2, 6, 6, 21, 21, 26, 39, 54, 72"
2594,"1, 1, 1, 2, 3, 4, 8, 9, 17, 20, 28, 42, 52, 68"
2595,"1, 1, 1, 2, 3, 3, 5, 7, 17, 25, 28, 38, 54, 71"
2596,"1, 1, 2, 2, 2, 3, 8, 9, 16, 16, 30, 38, 60, 68"
2597,"1, 1, 1, 1, 2, 2, 2, 4, 8, 11, 20, 27, 49, 60, 67"
2598,"1, 1, 1, 1, 4, 4, 7, 12, 15, 17, 30, 33, 58, 72"
2599,"1, 1, 1, 2, 3, 3, 5, 9, 17, 29, 29, 36, 48, 72"
2600,"1, 1, 1, 1, 1, 1, 2, 3, 5, 9, 18, 22, 23, 43, 57, 68"
2601,"1, 1, 1, 1, 2, 4, 5, 6, 7, 14, 14, 18, 43, 55, 84"
2602,"1, 1, 1, 2, 2, 3, 4, 5, 6, 14, 20, 26, 46, 55, 70"
2603,"1, 1, 1, 1, 4, 4, 6, 6, 20, 22, 22, 41, 57, 70"
2604,"1, 1, 1, 1, 1, 1, 2, 2, 6, 6, 11, 15, 30, 50, 57, 71"
2605,"1, 1, 1, 1, 1, 2, 3, 7, 10, 16, 19, 26, 46, 51, 71"
2606,"1, 1, 1, 1, 5, 6, 8, 10, 11, 19, 28, 35, 64, 66"
2607,"1, 1, 1, 1, 1, 3, 3, 5, 7, 15, 18, 30, 42, 58, 70"
2608,"1, 1, 1, 1, 3, 3, 7, 11, 14, 18, 24, 37, 50, 85"
2609,"1, 1, 1, 1, 2, 3, 5, 13, 15, 22, 32, 39, 60, 61"
2610,"1, 1, 1, 1, 2, 5, 6, 11, 13, 18, 18, 44, 56, 79"
2611,"1, 1, 2, 3, 3, 9, 10, 20, 22, 25, 40, 52, 68"
2612,"1, 1, 1, 1, 1, 2, 2, 4, 6, 15, 22, 32, 44, 54, 70"
2613,"1, 1, 1, 1, 1, 2, 3, 7, 9, 10, 13, 20, 52, 55, 80"
2614,"1, 1, 1, 1, 1, 2, 2, 3, 4, 10, 33, 44, 44, 51, 58"
2615,"1, 1, 2, 2, 3, 5, 5, 7, 7, 20, 28, 38, 66, 71"
2616,"1, 1, 2, 2, 2, 3, 4, 4, 21, 22, 37, 42, 57, 58"
2617,"1, 1, 1, 2, 4, 4, 4, 6, 15, 16, 32, 45, 53, 72"
2618,"1, 1, 1, 1, 2, 3, 4, 4, 8, 9, 13, 37, 48, 50, 74"
2619,"1, 1, 1, 3, 3, 5, 5, 5, 16, 16, 31, 38, 59, 72"
2620,"1, 2, 2, 3, 4, 6, 7, 17, 24, 36, 46, 54, 54"
2621,"1, 1, 2, 2, 2, 6, 6, 7, 12, 12, 33, 40, 66, 66"
2622,"1, 1, 1, 2, 2, 2, 3, 4, 4, 15, 23, 29, 41, 54, 74"
2623,"1, 1, 1, 1, 1, 2, 2, 3, 6, 7, 16, 18, 27, 45, 56, 69"
2624,"1, 1, 2, 4, 4, 4, 5, 5, 10, 20, 24, 36, 68, 72"
2625,"1, 1, 1, 1, 1, 1, 2, 3, 3, 7, 12, 28, 33, 49, 54, 59"
2626,"1, 1, 1, 1, 1, 1, 1, 1, 2, 4, 9, 14, 15, 31, 42, 63, 68"
2627,"1, 1, 1, 1, 1, 2, 3, 6, 9, 13, 21, 37, 39, 56, 65"
2628,"1, 1, 1, 1, 1, 2, 3, 6, 9, 15, 15, 28, 48, 53, 72"
2629,"1, 1, 1, 1, 2, 2, 2, 2, 5, 10, 10, 12, 19, 50, 56, 82"
2630,"1, 1, 2, 2, 2, 4, 6, 12, 14, 14, 32, 46, 48, 72"
2631,"1, 1, 1, 1, 1, 3, 4, 8, 9, 12, 15, 19, 47, 51, 83"
2632,"1, 1, 1, 2, 4, 8, 11, 22, 24, 25, 38, 51, 68"
2633,"1, 1, 1, 1, 1, 2, 2, 4, 4, 10, 12, 14, 29, 49, 52, 73"
2634,"1, 1, 1, 1, 1, 2, 5, 5, 9, 10, 11, 36, 51, 52, 70"
2635,"1, 1, 1, 1, 2, 3, 3, 3, 7, 18, 19, 26, 41, 56, 74"
2636,"1, 1, 1, 1, 2, 4, 10, 11, 14, 17, 29, 51, 52, 62"
2637,"1, 1, 1, 1, 1, 1, 2, 4, 5, 7, 13, 13, 17, 49, 56, 84"
2638,"1, 1, 1, 1, 1, 1, 2, 3, 3, 5, 11, 17, 34, 42, 61, 72"
2639,"1, 1, 2, 3, 4, 6, 9, 11, 26, 34, 52, 52, 55"
2640,"1, 1, 1, 1, 1, 2, 5, 8, 17, 18, 38, 45, 58, 60"
2641,"1, 1, 1, 1, 2, 3, 5, 5, 9, 10, 21, 25, 36, 66, 70"
2642,"1, 1, 1, 1, 2, 2, 8, 11, 15, 18, 30, 47, 51, 68"
2643,"1, 1, 2, 2, 2, 3, 4, 7, 19, 26, 33, 42, 54, 60"
2644,"1, 1, 1, 1, 2, 2, 4, 4, 6, 16, 24, 37, 46, 54, 57"
2645,"1, 1, 1, 1, 1, 3, 3, 7, 7, 16, 27, 35, 45, 54, 54"
2646,"1, 1, 1, 3, 4, 5, 6, 10, 11, 21, 24, 35, 64, 70"
2647,"1, 1, 1, 2, 2, 3, 5, 9, 16, 30, 32, 44, 52, 58"
2648,"1, 1, 1, 1, 1, 1, 2, 2, 2, 6, 6, 12, 21, 25, 33, 70, 71"
2649,"1, 1, 2, 2, 3, 4, 4, 6, 14, 18, 32, 42, 57, 70"
2650,"1, 1, 1, 3, 3, 5, 5, 5, 7, 27, 31, 41, 58, 68"
2651,"1, 1, 1, 2, 5, 6, 13, 13, 28, 33, 36, 56, 61"
2652,"1, 1, 1, 1, 2, 3, 3, 6, 7, 10, 23, 38, 51, 53, 56"
2653,"1, 1, 1, 1, 1, 2, 3, 7, 9, 19, 22, 25, 41, 56, 67"
2654,"1, 1, 1, 1, 1, 1, 2, 3, 4, 7, 30, 32, 55, 58, 59"
2655,"1, 1, 1, 1, 1, 2, 4, 5, 8, 20, 22, 24, 42, 57, 67"
2656,"1, 1, 1, 1, 2, 3, 4, 8, 19, 29, 31, 43, 56, 57"
2657,"1, 2, 2, 3, 3, 4, 5, 6, 11, 17, 26, 50, 56, 70"
2658,"1, 1, 1, 1, 1, 4, 4, 6, 8, 16, 21, 25, 46, 54, 67"
2659,"1, 1, 1, 1, 1, 3, 4, 7, 8, 8, 29, 31, 37, 56, 68"
2660,"1, 1, 1, 2, 2, 3, 4, 4, 7, 10, 14, 29, 39, 65, 74"
2661,"1, 1, 1, 1, 1, 1, 2, 3, 3, 7, 16, 24, 37, 45, 55, 58"
2662,"1, 1, 1, 2, 3, 4, 5, 11, 14, 16, 36, 44, 46, 72"
2663,"1, 1, 1, 2, 3, 3, 4, 11, 14, 23, 34, 39, 58, 62"
2664,"1, 1, 1, 1, 1, 3, 10, 11, 13, 21, 23, 49, 54, 67"
2665,"1, 1, 1, 1, 2, 2, 2, 6, 8, 18, 22, 22, 43, 54, 73"
2666,"1, 1, 1, 1, 1, 1, 1, 2, 4, 8, 9, 19, 43, 51, 53, 60"
2667,"1, 1, 2, 5, 5, 7, 9, 14, 18, 30, 46, 50, 68"
2668,"1, 1, 1, 1, 4, 6, 8, 10, 13, 18, 20, 42, 50, 81"
2669,"1, 1, 1, 1, 1, 2, 4, 5, 8, 16, 25, 36, 45, 52, 58"
2670,"1, 1, 1, 1, 2, 4, 4, 6, 6, 11, 15, 30, 51, 53, 70"
2671,"1, 1, 1, 1, 1, 2, 3, 3, 5, 16, 19, 31, 43, 57, 72"
2672,"1, 2, 2, 2, 6, 7, 8, 13, 13, 22, 50, 54, 76"
2673,"1, 1, 2, 2, 3, 3, 7, 9, 11, 16, 29, 52, 52, 68"
2674,"1, 1, 1, 1, 1, 1, 1, 2, 3, 5, 5, 12, 19, 26, 49, 55, 73"
2675,"1, 1, 2, 2, 3, 5, 7, 9, 10, 11, 34, 49, 52, 70"
2676,"1, 1, 1, 1, 1, 2, 2, 5, 8, 15, 28, 33, 47, 53, 58"
2677,"1, 1, 1, 1, 2, 3, 6, 7, 23, 24, 27, 42, 49, 69"
2678,"1, 1, 2, 2, 3, 4, 6, 9, 16, 17, 28, 45, 52, 70"
2679,"1, 1, 1, 2, 2, 3, 5, 5, 5, 9, 16, 28, 53, 56, 69"
2680,"1, 1, 1, 2, 2, 4, 8, 12, 14, 15, 31, 47, 48, 70"
2681,"1, 1, 1, 2, 3, 5, 9, 11, 12, 14, 31, 50, 52, 64"
2682,"1, 1, 1, 2, 2, 4, 4, 6, 18, 21, 26, 42, 57, 71"
2683,"1, 1, 1, 1, 1, 2, 3, 3, 5, 7, 13, 14, 16, 47, 54, 87"
2684,"1, 1, 1, 1, 2, 3, 10, 11, 13, 17, 30, 50, 52, 64"
2685,"1, 1, 1, 2, 2, 2, 3, 4, 8, 9, 27, 32, 37, 57, 70"
2686,"1, 1, 1, 1, 3, 5, 9, 11, 12, 21, 26, 34, 65, 66"
2687,"1, 1, 1, 1, 1, 1, 1, 3, 5, 5, 7, 9, 14, 21, 47, 53, 85"
2688,"1, 1, 1, 1, 3, 3, 3, 5, 7, 9, 27, 33, 37, 56, 69"
2689,"1, 1, 1, 1, 2, 2, 2, 2, 4, 5, 7, 15, 30, 56, 57, 70"
2690,"1, 1, 1, 1, 3, 4, 6, 13, 13, 13, 33, 48, 49, 70"
2691,"1, 1, 1, 2, 2, 4, 4, 11, 12, 18, 44, 49, 51, 56"
2692,"1, 1, 1, 3, 3, 4, 6, 11, 13, 21, 23, 34, 66, 69"
2693,"1, 1, 1, 1, 2, 2, 3, 7, 9, 12, 18, 28, 33, 68, 70"
2694,"1, 1, 1, 2, 2, 3, 4, 5, 6, 14, 20, 26, 46, 55, 70"
2695,"1, 1, 1, 2, 2, 2, 3, 7, 16, 34, 44, 44, 46, 53"
2696,"1, 1, 1, 2, 2, 4, 6, 6, 17, 21, 30, 41, 56, 68"
2697,"1, 1, 1, 1, 1, 6, 8, 34, 97, 106"
2698,"1, 1, 1, 1, 2, 3, 4, 5, 8, 11, 12, 18, 50, 56, 83"
2699,"1, 1, 2, 2, 3, 4, 4, 6, 9, 26, 35, 51, 54, 58"
2700,"1, 1, 2, 2, 3, 3, 7, 12, 12, 15, 30, 34, 64, 70"
2701,"1, 1, 1, 2, 2, 2, 3, 6, 7, 18, 20, 24, 44, 56, 69"
2702,"1, 1, 1, 1, 2, 2, 3, 4, 8, 11, 17, 33, 41, 62, 69"
2703,"1, 1, 1, 1, 2, 2, 4, 6, 6, 7, 21, 42, 53, 54, 55"
2704,"1, 1, 1, 1, 2, 2, 8, 12, 22, 23, 24, 40, 49, 70"
2705,"1, 1, 1, 1, 2, 2, 4, 6, 8, 15, 19, 27, 46, 54, 69"
2706,"1, 1, 2, 5, 11, 12, 12, 14, 34, 50, 50, 64"
2707,"1, 1, 1, 1, 1, 4, 6, 9, 12, 22, 24, 28, 69, 77"
2708,"1, 1, 1, 2, 2, 2, 10, 10, 15, 22, 25, 31, 66, 68"
2709,"1, 1, 1, 2, 2, 3, 6, 8, 11, 21, 40, 41, 54, 65"
2710,"1, 1, 2, 2, 4, 4, 12, 21, 23, 38, 42, 48, 58"
2711,"1, 1, 2, 3, 3, 6, 13, 17, 19, 28, 42, 47, 74"
2712,"1, 1, 1, 2, 2, 4, 10, 12, 14, 21, 24, 32, 64, 68"
2713,"1, 1, 1, 2, 5, 7, 7, 9, 10, 13, 21, 47, 50, 82"
2714,"1, 1, 1, 1, 2, 3, 3, 5, 11, 14, 16, 24, 38, 49, 87"
2715,"1, 1, 1, 1, 2, 3, 5, 5, 7, 14, 15, 29, 46, 58, 68"
2716,"1, 1, 1, 1, 2, 4, 8, 9, 23, 23, 24, 38, 54, 67"
2717,"1, 1, 1, 1, 1, 2, 4, 5, 6, 16, 18, 41, 46, 54, 59"
2718,"1, 1, 1, 1, 3, 3, 4, 4, 5, 8, 14, 39, 48, 53, 71"
2719,"1, 1, 1, 3, 3, 3, 3, 7, 13, 17, 40, 43, 58, 63"
2720,"1, 1, 2, 2, 2, 2, 4, 5, 16, 21, 40, 44, 58, 58"
2721,"1, 1, 1, 1, 2, 2, 2, 3, 5, 6, 10, 16, 34, 40, 61, 71"
2722,"1, 1, 1, 1, 1, 4, 4, 4, 9, 10, 17, 28, 38, 65, 72"
2723,"1, 1, 1, 1, 1, 3, 3, 3, 3, 7, 13, 15, 16, 45, 54, 89"
2724,"1, 1, 2, 2, 2, 3, 8, 19, 30, 31, 43, 56, 58"
2725,"1, 1, 1, 1, 2, 2, 3, 3, 8, 17, 23, 38, 45, 54, 57"
2726,"1, 2, 2, 4, 5, 6, 7, 16, 17, 28, 36, 60, 72"
2727,"1, 1, 1, 2, 4, 4, 4, 10, 18, 22, 22, 43, 50, 74"
2728,"1, 1, 1, 2, 2, 3, 3, 4, 8, 9, 22, 37, 38, 58, 67"
2729,"1, 1, 1, 1, 3, 4, 6, 8, 11, 29, 31, 35, 53, 72"
2730,"1, 1, 2, 2, 2, 2, 2, 4, 4, 11, 22, 38, 50, 55, 60"
2731,"1, 1, 1, 1, 2, 2, 3, 4, 10, 13, 21, 23, 49, 58, 67"
2732,"1, 1, 1, 1, 1, 2, 3, 7, 9, 10, 23, 37, 50, 54, 56"
2733,"1, 1, 1, 1, 1, 1, 1, 7, 14, 15, 15, 33, 47, 47, 71"
2734,"1, 1, 2, 2, 3, 4, 5, 8, 11, 18, 26, 49, 58, 68"
2735,"1, 1, 1, 1, 2, 3, 3, 7, 9, 11, 19, 25, 50, 54, 69"
2736,"1, 1, 1, 1, 3, 3, 3, 5, 5, 9, 15, 29, 39, 68, 73"
2737,"1, 1, 1, 1, 5, 6, 11, 17, 17, 29, 42, 61, 64"
2738,"1, 1, 1, 1, 2, 4, 5, 5, 8, 14, 15, 31, 46, 52, 70"
2739,"1, 1, 1, 1, 2, 4, 5, 9, 10, 24, 36, 50, 54, 58"
2740,"1, 1, 1, 1, 2, 2, 2, 6, 8, 17, 21, 25, 43, 56, 70"
2741,"1, 1, 2, 3, 3, 6, 13, 13, 30, 31, 33, 56, 64"
2742,"1, 3, 4, 7, 7, 11, 13, 20, 24, 34, 66, 66"
2743,"1, 1, 1, 1, 1, 2, 2, 10, 10, 11, 20, 25, 35, 68, 68"
2744,"1, 1, 1, 2, 4, 18, 30, 94, 105"
2745,"1, 1, 1, 2, 2, 3, 11, 11, 11, 16, 28, 50, 51, 68"
2746,"1, 1, 1, 1, 1, 3, 4, 8, 9, 18, 19, 27, 43, 52, 68"
2747,"1, 1, 1, 3, 4, 12, 22, 101, 111"
2748,"1, 1, 1, 1, 1, 2, 5, 6, 10, 11, 12, 21, 50, 55, 79"
2749,"1, 1, 1, 1, 2, 2, 3, 4, 11, 11, 24, 35, 37, 57, 66"
2750,"1, 1, 1, 1, 1, 2, 2, 4, 9, 19, 27, 36, 41, 53, 58"
2751,"1, 1, 1, 1, 1, 1, 2, 3, 7, 7, 10, 22, 39, 51, 53, 56"
2752,"1, 1, 1, 2, 3, 8, 11, 17, 22, 38, 41, 50, 61"
2753,"1, 1, 1, 1, 1, 3, 5, 5, 7, 17, 22, 29, 40, 55, 68"
2754,"1, 1, 1, 2, 3, 3, 4, 8, 18, 22, 40, 44, 52, 57"
2755,"1, 1, 1, 2, 2, 2, 2, 4, 7, 16, 16, 40, 44, 58, 60"
2756,"1, 1, 1, 1, 2, 2, 2, 3, 4, 5, 12, 13, 33, 41, 64, 71"
2757,"1, 1, 1, 1, 1, 1, 4, 4, 9, 10, 21, 25, 36, 70, 71"
2758,"1, 1, 1, 1, 1, 2, 2, 2, 6, 10, 13, 22, 23, 33, 67, 71"
2759,"1, 1, 1, 1, 1, 2, 3, 4, 5, 5, 6, 12, 33, 55, 57, 69"
2760,"1, 1, 3, 3, 3, 4, 6, 7, 9, 13, 29, 38, 69, 70"
2761,"1, 1, 1, 1, 2, 4, 5, 10, 14, 23, 40, 42, 50, 62"
2762,"1, 1, 1, 2, 2, 6, 8, 10, 12, 18, 28, 34, 63, 70"
2763,"1, 1, 1, 1, 1, 2, 3, 7, 8, 14, 23, 37, 37, 56, 64"
2764,"1, 1, 1, 2, 3, 7, 9, 11, 18, 44, 51, 108"
2765,"1, 2, 3, 4, 9, 13, 16, 20, 28, 48, 52, 60"
2766,"1, 1, 1, 2, 2, 2, 3, 3, 4, 15, 20, 27, 43, 58, 74"
2767,"1, 1, 2, 3, 6, 9, 10, 10, 19, 20, 44, 52, 79"
2768,"1, 1, 2, 2, 8, 9, 9, 10, 17, 20, 46, 53, 78"
2769,"1, 1, 1, 1, 2, 2, 2, 2, 3, 5, 18, 20, 27, 40, 56, 75"
2770,"1, 2, 3, 4, 5, 5, 7, 7, 20, 26, 52, 56, 68"
2771,"1, 1, 1, 3, 5, 5, 7, 15, 26, 29, 31, 58, 74"
2772,"1, 1, 1, 1, 1, 1, 2, 3, 8, 19, 25, 38, 42, 54, 59"
2773,"1, 1, 1, 2, 3, 3, 4, 7, 14, 22, 42, 45, 53, 58"
2774,"1, 1, 1, 2, 2, 2, 4, 6, 8, 15, 16, 19, 41, 54, 84"
2775,"1, 1, 1, 1, 2, 2, 5, 10, 12, 17, 34, 41, 61, 68"
2776,"1, 1, 1, 1, 2, 2, 3, 4, 9, 16, 18, 27, 44, 52, 75"
2777,"1, 1, 1, 1, 2, 4, 10, 17, 30, 33, 45, 51, 60"
2778,"1, 1, 1, 2, 3, 4, 6, 7, 13, 16, 30, 48, 54, 70"
2779,"1, 1, 2, 2, 2, 3, 4, 6, 14, 19, 40, 44, 56, 62"
2780,"1, 1, 1, 2, 2, 5, 9, 9, 12, 13, 32, 38, 65, 66"
2781,"1, 1, 1, 1, 1, 2, 3, 3, 5, 6, 12, 19, 27, 47, 55, 72"
2782,"1, 1, 1, 2, 3, 6, 7, 8, 8, 18, 27, 38, 66, 70"
2783,"1, 1, 1, 1, 2, 2, 3, 6, 11, 17, 20, 28, 41, 50, 72"
2784,"1, 1, 1, 3, 3, 4, 7, 10, 14, 18, 20, 39, 50, 85"
2785,"1, 1, 2, 2, 2, 4, 6, 6, 13, 22, 23, 34, 70, 70"
2786,"1, 1, 1, 2, 2, 2, 4, 4, 10, 11, 12, 34, 48, 51, 73"
2787,"1, 1, 1, 1, 2, 2, 3, 3, 10, 13, 14, 47, 48, 52, 58"
2788,"1, 1, 1, 2, 2, 2, 4, 4, 6, 13, 18, 26, 50, 57, 69"
2789,"1, 1, 1, 1, 2, 2, 3, 5, 9, 10, 17, 35, 36, 57, 76"
2790,"1, 1, 1, 3, 3, 3, 7, 8, 11, 23, 38, 38, 54, 65"
2791,"1, 1, 1, 1, 1, 3, 3, 5, 11, 14, 15, 36, 44, 47, 73"
2792,"1, 1, 1, 1, 2, 2, 3, 5, 8, 16, 17, 29, 44, 54, 72"
2793,"1, 1, 1, 1, 3, 4, 8, 8, 8, 12, 24, 51, 54, 80"
2794,"1, 1, 1, 2, 2, 2, 3, 6, 7, 11, 15, 20, 44, 54, 87"
2795,"1, 1, 1, 1, 4, 5, 8, 11, 13, 19, 27, 35, 62, 68"
2796,"1, 1, 1, 1, 2, 4, 4, 6, 6, 9, 20, 24, 38, 69, 70"
2797,"1, 2, 2, 2, 2, 4, 5, 5, 9, 24, 36, 52, 54, 58"
2798,"1, 1, 2, 3, 3, 3, 5, 9, 19, 21, 25, 40, 52, 72"
2799,"1, 1, 1, 2, 5, 5, 5, 9, 9, 19, 23, 36, 70, 70"
2800,"1, 1, 1, 1, 2, 3, 3, 7, 9, 14, 15, 17, 46, 52, 84"
2801,"1, 1, 1, 2, 3, 3, 7, 9, 9, 17, 30, 39, 60, 74"
2802,"1, 1, 1, 2, 2, 4, 4, 5, 9, 18, 44, 54, 54, 57"
2803,"1, 1, 1, 1, 1, 2, 2, 2, 6, 6, 20, 22, 23, 42, 55, 71"
2804,"1, 1, 1, 1, 1, 1, 2, 6, 11, 16, 25, 37, 40, 52, 61"
2805,"1, 1, 1, 1, 4, 6, 6, 12, 13, 16, 18, 46, 54, 77"
2806,"1, 1, 1, 1, 1, 2, 2, 2, 8, 8, 11, 16, 29, 51, 53, 69"
2807,"1, 1, 1, 1, 2, 2, 3, 3, 5, 9, 10, 14, 30, 35, 65, 74"
2808,"1, 1, 1, 1, 1, 2, 2, 2, 4, 8, 13, 18, 31, 43, 54, 74"
2809,"1, 1, 1, 1, 1, 4, 5, 6, 9, 14, 19, 27, 47, 54, 66"
2810,"1, 1, 1, 1, 2, 4, 4, 6, 8, 14, 20, 25, 47, 54, 68"
2811,"1, 1, 2, 3, 3, 3, 4, 5, 8, 22, 39, 41, 56, 68"
2812,"1, 1, 1, 1, 1, 2, 3, 5, 7, 13, 14, 32, 42, 64, 69"
2813,"1, 1, 1, 1, 2, 2, 2, 4, 7, 15, 24, 36, 47, 55, 58"
2814,"1, 1, 1, 1, 2, 3, 3, 3, 5, 22, 24, 37, 40, 55, 58"
2815,"1, 1, 2, 2, 2, 3, 5, 8, 12, 16, 30, 48, 54, 72"
2816,"1, 1, 1, 1, 2, 2, 2, 6, 9, 16, 18, 28, 46, 53, 70"
2817,"1, 1, 1, 1, 1, 3, 3, 5, 7, 19, 22, 28, 37, 55, 72"
2818,"1, 1, 1, 1, 2, 2, 6, 10, 19, 20, 27, 46, 56, 64"
2819,"1, 1, 2, 2, 2, 6, 10, 16, 19, 28, 40, 59, 70"
2820,"1, 1, 1, 1, 2, 3, 4, 7, 19, 26, 36, 44, 53, 58"
2821,"1, 1, 1, 2, 2, 3, 3, 5, 7, 16, 16, 28, 46, 53, 72"
2822,"1, 1, 1, 1, 3, 4, 7, 10, 17, 19, 27, 46, 49, 70"
2823,"1, 1, 1, 1, 3, 3, 4, 4, 11, 12, 21, 24, 33, 66, 71"
2824,"1, 1, 1, 1, 2, 2, 6, 7, 7, 12, 20, 25, 49, 50, 72"
2825,"1, 1, 1, 2, 3, 4, 5, 7, 9, 22, 38, 39, 57, 67"
2826,"1, 1, 1, 1, 1, 2, 2, 3, 6, 9, 9, 17, 28, 37, 66, 72"
2827,"1, 1, 1, 2, 2, 2, 2, 3, 4, 21, 26, 35, 42, 54, 60"
2828,"1, 1, 1, 1, 1, 2, 3, 5, 9, 10, 25, 42, 51, 52, 52"
2829,"1, 1, 2, 2, 2, 2, 2, 3, 7, 19, 20, 25, 44, 56, 70"
2830,"1, 1, 1, 1, 3, 3, 5, 7, 13, 21, 41, 42, 54, 63"
2831,"1, 1, 1, 1, 2, 2, 3, 4, 5, 6, 9, 13, 20, 48, 53, 87"
2832,"1, 1, 1, 1, 1, 2, 2, 4, 4, 17, 21, 30, 44, 55, 72"
2833,"1, 1, 1, 1, 2, 4, 6, 14, 15, 21, 24, 32, 62, 72"
2834,"1, 1, 1, 2, 3, 5, 5, 9, 11, 21, 22, 50, 58, 67"
2835,"1, 1, 1, 2, 4, 4, 6, 9, 12, 16, 30, 37, 63, 70"
2836,"1, 1, 1, 1, 2, 2, 2, 3, 5, 15, 18, 39, 44, 60, 62"
2837,"1, 1, 1, 2, 2, 3, 3, 8, 15, 17, 32, 41, 60, 70"
2838,"1, 1, 1, 1, 2, 2, 4, 4, 10, 14, 18, 28, 42, 63, 65"
2839,"1, 1, 1, 1, 1, 1, 3, 4, 6, 9, 9, 17, 29, 37, 66, 70"
2840,"1, 1, 1, 1, 1, 2, 5, 7, 7, 13, 16, 32, 36, 62, 71"
2841,"1, 1, 1, 1, 3, 3, 7, 15, 18, 23, 24, 28, 62, 69"
2842,"1, 1, 1, 1, 2, 2, 3, 5, 12, 13, 21, 26, 32, 65, 71"
2843,"1, 1, 1, 2, 5, 5, 7, 8, 12, 13, 34, 38, 61, 68"
2844,"1, 1, 1, 2, 2, 3, 5, 5, 6, 14, 15, 16, 45, 56, 84"
2845,"1, 1, 1, 1, 1, 2, 3, 3, 3, 17, 23, 27, 45, 54, 74"
2846,"1, 1, 1, 3, 3, 3, 7, 9, 13, 20, 25, 34, 67, 69"
2847,"1, 1, 1, 1, 1, 2, 2, 5, 6, 9, 13, 14, 17, 46, 56, 81"
2848,"1, 2, 2, 3, 4, 8, 8, 15, 22, 23, 46, 54, 68"
2849,"1, 1, 1, 2, 3, 5, 6, 26, 26, 33, 42, 52, 58"
2850,"1, 1, 3, 3, 4, 8, 10, 11, 14, 34, 50, 51, 66"
2851,"1, 1, 1, 1, 2, 3, 4, 8, 16, 22, 32, 44, 55, 66"
2852,"1, 1, 1, 1, 3, 4, 9, 12, 13, 23, 24, 33, 63, 68"
2853,"1, 1, 1, 1, 2, 3, 3, 4, 9, 12, 15, 32, 41, 63, 68"
2854,"1, 1, 1, 1, 2, 2, 3, 4, 11, 11, 17, 45, 49, 50, 58"
2855,"1, 1, 1, 2, 3, 4, 8, 11, 11, 21, 26, 34, 65, 68"
2856,"1, 1, 1, 1, 2, 3, 3, 3, 7, 9, 11, 33, 53, 54, 74"
2857,"1, 1, 2, 2, 3, 4, 5, 6, 7, 7, 26, 56, 57, 79"
2858,"1, 1, 1, 2, 3, 5, 7, 8, 14, 19, 28, 45, 54, 68"
2859,"1, 1, 1, 1, 1, 1, 2, 3, 6, 9, 18, 21, 25, 43, 55, 68"
2860,"1, 1, 1, 1, 2, 3, 3, 4, 6, 15, 21, 39, 45, 54, 60"
2861,"1, 1, 1, 2, 2, 3, 10, 10, 13, 16, 31, 50, 52, 64"
2862,"1, 1, 1, 1, 2, 2, 2, 3, 7, 13, 16, 28, 48, 55, 76"
2863,"1, 1, 1, 1, 2, 3, 3, 5, 14, 32, 42, 45, 48, 58"
2864,"1, 1, 1, 1, 2, 3, 3, 4, 8, 18, 19, 27, 42, 58, 68"
2865,"1, 1, 2, 3, 5, 7, 7, 17, 22, 24, 45, 52, 70"
2866,"1, 1, 1, 2, 2, 3, 3, 4, 5, 15, 27, 33, 45, 56, 58"
2867,"1, 1, 1, 2, 3, 4, 7, 7, 9, 16, 28, 38, 67, 72"
2868,"1, 1, 2, 2, 3, 4, 6, 9, 15, 15, 30, 46, 52, 70"
2869,"1, 1, 1, 1, 2, 5, 9, 10, 11, 19, 28, 49, 52, 67"
2870,"1, 1, 1, 1, 1, 2, 2, 4, 8, 19, 21, 27, 44, 56, 68"
2871,"1, 1, 1, 1, 4, 4, 6, 9, 14, 17, 30, 37, 59, 72"
2872,"1, 1, 1, 1, 2, 3, 6, 13, 13, 19, 43, 47, 50, 56"
2873,"1, 1, 1, 1, 1, 1, 3, 5, 7, 9, 9, 16, 21, 45, 51, 84"
2874,"1, 1, 1, 1, 1, 1, 2, 2, 3, 5, 16, 21, 39, 46, 57, 59"
2875,"1, 1, 1, 2, 3, 4, 6, 7, 10, 26, 31, 36, 58, 70"
2876,"1, 1, 1, 1, 2, 3, 4, 4, 7, 9, 20, 39, 53, 53, 58"
2877,"1, 1, 1, 1, 2, 3, 4, 9, 17, 22, 39, 45, 52, 59"
2878,"1, 1, 1, 1, 1, 2, 5, 11, 20, 21, 27, 41, 56, 68"
2879,"1, 1, 1, 1, 1, 4, 4, 5, 9, 14, 17, 30, 47, 49, 72"
2880,"1, 1, 1, 1, 2, 3, 3, 6, 12, 12, 15, 30, 34, 62, 73"
2881,"1, 1, 1, 1, 2, 2, 2, 6, 9, 20, 22, 24, 40, 53, 72"
2882,"1, 1, 1, 1, 2, 4, 4, 4, 4, 18, 22, 22, 44, 57, 71"
2883,"1, 1, 1, 1, 2, 2, 3, 3, 8, 18, 20, 38, 43, 57, 58"
2884,"1, 1, 2, 2, 4, 5, 5, 8, 9, 17, 28, 40, 66, 68"
2885,"1, 1, 1, 1, 2, 2, 5, 8, 20, 28, 38, 42, 49, 58"
2886,"1, 2, 2, 2, 2, 2, 3, 8, 18, 20, 28, 44, 54, 70"
2887,"1, 1, 2, 5, 5, 7, 7, 11, 12, 36, 48, 54, 67"
2888,"1, 1, 1, 2, 4, 4, 6, 7, 20, 21, 23, 40, 56, 70"
2889,"1, 1, 1, 1, 1, 2, 3, 3, 3, 3, 13, 23, 38, 49, 57, 57"
2890,"1, 1, 1, 1, 2, 2, 2, 6, 10, 14, 22, 35, 40, 56, 63"
2891,"1, 1, 1, 1, 1, 3, 4, 8, 8, 11, 15, 30, 38, 66, 68"
2892,"1, 1, 2, 2, 2, 4, 4, 6, 12, 24, 38, 40, 56, 64"
2893,"1, 1, 1, 2, 3, 3, 6, 9, 12, 24, 37, 37, 58, 62"
2894,"1, 1, 1, 1, 2, 2, 2, 6, 11, 12, 21, 24, 34, 66, 72"
2895,"1, 1, 1, 1, 1, 1, 4, 4, 5, 9, 11, 18, 21, 43, 48, 87"
2896,"1, 1, 1, 1, 1, 1, 1, 3, 9, 9, 13, 15, 31, 49, 53, 67"
2897,"1, 1, 1, 2, 3, 4, 5, 8, 13, 17, 28, 42, 64, 67"
2898,"1, 1, 1, 1, 2, 3, 4, 7, 18, 19, 37, 44, 58, 60"
2899,"1, 1, 1, 1, 1, 3, 3, 7, 7, 15, 16, 32, 46, 53, 69"
2900,"1, 1, 1, 1, 1, 1, 1, 1, 7, 11, 11, 19, 27, 40, 66, 67"
2901,"1, 1, 1, 1, 2, 4, 6, 8, 14, 17, 31, 41, 62, 67"
2902,"1, 1, 1, 2, 3, 4, 6, 13, 15, 20, 25, 32, 64, 69"
2903,"1, 1, 1, 2, 3, 3, 5, 7, 19, 29, 32, 41, 56, 56"
2904,"1, 1, 1, 2, 2, 4, 4, 5, 5, 11, 16, 29, 50, 55, 70"
2905,"1, 1, 1, 2, 2, 3, 3, 3, 4, 14, 18, 32, 42, 57, 73"
2906,"1, 1, 1, 2, 2, 5, 9, 12, 12, 13, 33, 49, 50, 66"
2907,"1, 1, 1, 1, 2, 3, 5, 7, 7, 17, 17, 29, 43, 54, 68"
2908,"1, 1, 1, 1, 2, 3, 4, 4, 7, 12, 15, 31, 37, 65, 72"
2909,"1, 2, 2, 2, 2, 6, 8, 11, 24, 38, 50, 54, 56"
2910,"1, 1, 1, 1, 3, 3, 5, 5, 20, 26, 27, 42, 49, 72"
2911,"1, 1, 1, 1, 1, 2, 2, 3, 5, 8, 13, 14, 33, 39, 62, 70"
2912,"1, 1, 1, 1, 2, 3, 3, 3, 9, 9, 26, 34, 37, 58, 68"
2913,"1, 1, 2, 2, 4, 5, 6, 9, 13, 20, 26, 32, 65, 70"
2914,"1, 1, 1, 2, 2, 2, 2, 5, 11, 15, 17, 31, 42, 48, 76"
2915,"1, 1, 1, 2, 2, 3, 3, 3, 7, 11, 18, 26, 49, 59, 70"
2916,"1, 1, 1, 1, 4, 5, 6, 9, 10, 19, 22, 42, 49, 86"
2917,"1, 1, 2, 2, 2, 3, 6, 7, 11, 22, 39, 40, 56, 64"
2918,"1, 1, 1, 1, 1, 3, 4, 8, 10, 11, 18, 29, 35, 65, 68"
2919,"1, 1, 1, 1, 1, 2, 3, 4, 5, 7, 10, 12, 25, 49, 52, 82"
2920,"1, 1, 1, 2, 2, 2, 4, 4, 6, 14, 21, 40, 46, 56, 56"
2921,"1, 1, 1, 2, 2, 2, 8, 8, 17, 19, 38, 42, 54, 61"
2922,"1, 1, 1, 1, 1, 2, 3, 5, 6, 15, 29, 31, 47, 55, 58"
2923,"1, 1, 2, 2, 2, 4, 8, 10, 14, 16, 19, 42, 53, 82"
2924,"1, 1, 1, 1, 1, 3, 3, 4, 6, 12, 19, 43, 44, 54, 63"
2925,"1, 1, 1, 1, 2, 3, 5, 9, 16, 21, 30, 41, 57, 68"
2926,"1, 1, 1, 2, 2, 3, 4, 4, 7, 11, 20, 23, 35, 68, 74"
2927,"1, 1, 1, 2, 2, 3, 7, 8, 20, 25, 25, 38, 53, 70"
2928,"1, 1, 1, 1, 2, 2, 3, 5, 6, 20, 25, 26, 42, 49, 72"
2929,"1, 2, 2, 3, 6, 6, 9, 12, 13, 32, 36, 66, 68"
2930,"1, 1, 1, 2, 2, 5, 6, 9, 11, 16, 30, 50, 57, 65"
2931,"1, 1, 1, 1, 2, 2, 3, 5, 5, 19, 20, 41, 42, 55, 58"
2932,"1, 1, 1, 2, 3, 3, 3, 3, 7, 11, 12, 19, 49, 56, 85"
2933,"1, 1, 1, 1, 2, 4, 6, 6, 16, 17, 42, 45, 53, 61"
2934,"1, 1, 1, 1, 2, 4, 5, 8, 13, 17, 43, 50, 110"
2935,"1, 1, 1, 1, 1, 2, 2, 5, 9, 9, 27, 31, 37, 60, 69"
2936,"1, 1, 1, 1, 2, 3, 7, 9, 12, 15, 34, 39, 61, 70"
2937,"1, 1, 1, 1, 2, 3, 4, 6, 6, 15, 15, 29, 47, 56, 69"
2938,"1, 2, 2, 2, 3, 4, 5, 7, 11, 16, 30, 47, 58, 68"
2939,"1, 1, 1, 1, 1, 2, 2, 6, 7, 18, 25, 36, 44, 55, 56"
2940,"1, 1, 2, 2, 3, 8, 10, 15, 19, 28, 40, 59, 68"
2941,"1, 1, 1, 2, 2, 2, 2, 6, 9, 15, 16, 29, 46, 54, 70"
2942,"1, 1, 1, 1, 1, 2, 6, 6, 6, 15, 21, 25, 48, 51, 71"
2943,"1, 1, 2, 2, 3, 4, 4, 9, 10, 22, 37, 37, 58, 66"
2944,"1, 1, 4, 4, 5, 6, 11, 11, 16, 27, 36, 64, 70"
2945,"1, 1, 1, 2, 3, 4, 5, 9, 12, 21, 40, 49, 50, 58"
2946,"1, 1, 1, 1, 1, 2, 3, 3, 3, 9, 11, 11, 35, 51, 51, 72"
2947,"1, 1, 1, 1, 3, 4, 6, 7, 19, 22, 28, 40, 53, 70"
2948,"1, 1, 1, 2, 3, 10, 12, 13, 19, 25, 50, 53, 66"
2949,"1, 1, 2, 2, 4, 4, 4, 8, 11, 16, 29, 48, 54, 72"
2950,"1, 1, 2, 3, 5, 7, 13, 13, 20, 26, 34, 63, 68"
2951,"1, 1, 1, 2, 3, 5, 5, 9, 11, 15, 26, 36, 68, 73"
2952,"1, 1, 1, 1, 2, 2, 8, 9, 18, 20, 26, 40, 58, 69"
2953,"1, 1, 1, 2, 3, 5, 9, 10, 13, 15, 19, 43, 52, 82"
2954,"1, 1, 1, 2, 3, 3, 7, 9, 10, 20, 36, 37, 58, 68"
2955,"1, 2, 2, 3, 3, 7, 7, 17, 26, 34, 46, 54, 54"
2956,"1, 1, 1, 1, 2, 2, 4, 4, 6, 11, 16, 34, 44, 61, 68"
2957,"1, 1, 2, 2, 3, 3, 3, 3, 7, 7, 16, 29, 37, 68, 74"
2958,"1, 1, 1, 1, 2, 3, 3, 3, 9, 16, 23, 39, 44, 52, 58"
2959,"1, 1, 1, 2, 3, 4, 7, 8, 15, 21, 26, 46, 53, 68"
2960,"1, 1, 1, 1, 2, 4, 4, 5, 7, 11, 17, 29, 36, 66, 71"
2961,"1, 1, 2, 3, 5, 9, 9, 10, 24, 38, 50, 52, 52"
2962,"1, 1, 1, 2, 2, 4, 4, 5, 5, 13, 14, 33, 46, 55, 70"
2963,"1, 1, 1, 2, 2, 2, 10, 10, 13, 15, 29, 50, 52, 68"
2964,"1, 1, 3, 4, 8, 12, 15, 17, 30, 40, 61, 64"
2965,"1, 1, 1, 1, 2, 2, 2, 6, 7, 17, 27, 34, 43, 56, 56"
2966,"1, 1, 1, 3, 3, 3, 5, 11, 14, 27, 32, 33, 56, 66"
2967,"1, 1, 1, 2, 2, 3, 7, 7, 11, 24, 37, 50, 54, 56"
2968,"1, 1, 1, 1, 1, 1, 6, 7, 7, 7, 13, 24, 50, 55, 81"
2969,"1, 1, 1, 1, 2, 3, 4, 4, 7, 17, 20, 28, 40, 57, 70"
2970,"1, 1, 1, 1, 2, 3, 4, 7, 7, 11, 12, 23, 51, 52, 80"
2971,"1, 1, 1, 1, 1, 1, 2, 2, 9, 10, 11, 16, 20, 45, 50, 85"
2972,"1, 1, 1, 2, 2, 4, 7, 10, 14, 15, 31, 40, 62, 66"
2973,"1, 1, 1, 1, 5, 5, 6, 8, 14, 18, 30, 47, 50, 69"
2974,"1, 1, 1, 1, 1, 1, 2, 2, 3, 7, 16, 28, 33, 44, 56, 59"
2975,"1, 1, 2, 3, 5, 6, 7, 15, 21, 39, 40, 56, 60"
2976,"1, 1, 1, 2, 3, 4, 4, 5, 5, 23, 38, 41, 58, 70"
2977,"1, 1, 1, 2, 2, 3, 6, 11, 17, 19, 28, 44, 49, 72"
2978,"1, 1, 1, 1, 1, 5, 6, 7, 10, 29, 30, 51, 55, 58"
2979,"1, 1, 1, 3, 5, 9, 9, 11, 23, 24, 36, 65, 68"
2980,"1, 1, 1, 1, 2, 2, 5, 9, 10, 11, 18, 19, 42, 52, 82"
2981,"1, 1, 1, 1, 2, 2, 3, 3, 5, 5, 12, 20, 25, 34, 70, 71"
2982,"1, 1, 1, 2, 3, 3, 3, 5, 5, 11, 15, 29, 50, 56, 71"
2983,"1, 1, 2, 2, 2, 5, 5, 6, 18, 19, 29, 42, 56, 68"
2984,"1, 1, 1, 1, 1, 1, 2, 5, 6, 7, 16, 19, 27, 45, 51, 72"
2985,"1, 1, 1, 1, 2, 2, 3, 4, 9, 11, 22, 34, 36, 56, 73"
2986,"1, 1, 1, 1, 2, 3, 6, 6, 7, 11, 18, 27, 36, 67, 69"
2987,"1, 1, 1, 1, 1, 2, 2, 5, 9, 10, 21, 40, 52, 52, 58"
2988,"1, 1, 1, 2, 2, 3, 3, 3, 7, 13, 17, 29, 45, 53, 76"
2989,"1, 1, 1, 2, 2, 2, 3, 4, 9, 13, 16, 19, 44, 56, 83"
2990,"1, 1, 2, 2, 3, 4, 8, 9, 10, 22, 24, 36, 66, 68"
2991,"1, 1, 1, 1, 1, 2, 2, 2, 10, 17, 19, 44, 45, 51, 59"
2992,"1, 1, 1, 1, 1, 2, 2, 3, 4, 4, 16, 17, 29, 44, 59, 71"
2993,"1, 1, 1, 2, 3, 3, 8, 13, 13, 21, 23, 33, 64, 70"
2994,"1, 1, 1, 1, 2, 2, 2, 2, 2, 6, 18, 22, 23, 44, 58, 71"
2995,"1, 1, 2, 2, 2, 4, 6, 10, 10, 19, 20, 43, 52, 84"
2996,"1, 1, 1, 1, 2, 3, 6, 17, 18, 19, 26, 27, 60, 74"
2997,"1, 1, 1, 1, 1, 1, 2, 2, 4, 5, 20, 28, 33, 42, 57, 57"
2998,"1, 1, 1, 2, 2, 2, 3, 5, 6, 7, 26, 34, 40, 56, 70"
2999,"1, 1, 1, 2, 2, 3, 3, 6, 6, 6, 10, 33, 53, 55, 74"
3000,"1, 1, 1, 1, 2, 4, 4, 5, 12, 13, 16, 29, 33, 62, 72"
3001,"1, 1, 1, 1, 2, 3, 3, 6, 7, 18, 21, 23, 44, 56, 69"
3002,"1, 1, 2, 3, 3, 4, 5, 7, 9, 15, 27, 41, 64, 74"
3003,"1, 1, 1, 1, 2, 6, 7, 8, 12, 13, 23, 50, 55, 76"
3004,"1, 1, 1, 1, 1, 1, 3, 3, 7, 9, 11, 12, 22, 50, 53, 80"
3005,"1, 1, 1, 2, 2, 3, 4, 5, 6, 15, 16, 28, 47, 53, 72"
3006,"1, 1, 1, 1, 5, 8, 11, 15, 17, 23, 41, 48, 84"
3007,"1, 2, 2, 2, 2, 4, 4, 6, 14, 15, 32, 46, 56, 70"
3008,"1, 1, 1, 2, 2, 2, 4, 6, 8, 11, 18, 20, 42, 54, 84"
3009,"1, 1, 1, 1, 1, 4, 5, 6, 11, 12, 19, 27, 34, 64, 69"
3010,"1, 1, 1, 1, 1, 2, 2, 7, 8, 13, 22, 24, 33, 70, 70"
3011,"1, 1, 1, 1, 2, 4, 5, 5, 6, 13, 15, 30, 49, 54, 69"
3012,"1, 1, 1, 1, 1, 3, 3, 5, 5, 9, 23, 38, 54, 55, 56"
3013,"1, 1, 1, 1, 1, 3, 5, 5, 7, 9, 19, 41, 52, 53, 57"
3014,"1, 1, 1, 1, 1, 2, 2, 5, 5, 8, 12, 20, 26, 33, 69, 69"
3015,"1, 1, 1, 2, 2, 4, 5, 7, 8, 9, 12, 20, 48, 52, 84"
3016,"1, 1, 1, 1, 2, 5, 8, 9, 9, 14, 32, 53, 54, 66"
3017,"1, 1, 1, 1, 2, 2, 2, 4, 14, 15, 16, 32, 45, 48, 72"
3018,"1, 1, 1, 2, 2, 2, 2, 2, 6, 11, 21, 35, 38, 58, 74"
3019,"1, 1, 1, 2, 2, 2, 3, 4, 9, 16, 18, 28, 44, 52, 73"
3020,"1, 1, 1, 1, 2, 3, 3, 5, 7, 17, 21, 29, 42, 55, 68"
3021,"1, 1, 1, 1, 2, 2, 4, 4, 7, 20, 20, 25, 42, 56, 70"
3022,"1, 1, 1, 1, 3, 6, 8, 9, 16, 21, 25, 46, 50, 68"
3023,"1, 1, 1, 1, 1, 1, 2, 3, 3, 9, 9, 18, 26, 43, 67, 70"
3024,"1, 1, 2, 3, 3, 7, 10, 12, 17, 22, 46, 49, 83"
3025,"1, 1, 1, 2, 2, 3, 4, 5, 23, 25, 34, 42, 55, 58"
3026,"1, 1, 1, 1, 1, 1, 3, 7, 11, 11, 19, 43, 51, 51, 54"
3027,"1, 1, 2, 2, 3, 5, 5, 9, 11, 20, 26, 36, 63, 72"
3028,"1, 1, 1, 3, 4, 5, 5, 7, 10, 19, 26, 39, 65, 70"
3029,"1, 1, 1, 2, 4, 7, 7, 10, 31, 32, 38, 56, 66"
3030,"1, 1, 1, 3, 3, 3, 8, 8, 11, 17, 27, 48, 51, 74"
3031,"1, 1, 1, 2, 3, 5, 10, 17, 28, 33, 43, 54, 58"
3032,"1, 1, 1, 2, 2, 2, 4, 6, 15, 21, 40, 44, 54, 63"
3033,"1, 1, 1, 1, 1, 1, 1, 1, 1, 3, 5, 13, 23, 39, 47, 55, 62"
3034,"1, 1, 1, 1, 2, 2, 6, 10, 16, 26, 36, 46, 51, 57"
3035,"1, 1, 1, 1, 1, 1, 3, 3, 3, 5, 10, 23, 39, 49, 57, 58"
3036,"1, 1, 1, 1, 1, 1, 3, 4, 4, 9, 17, 18, 29, 43, 52, 71"
3037,"1, 1, 2, 2, 2, 2, 4, 8, 13, 15, 30, 48, 52, 76"
3038,"1, 1, 1, 1, 3, 3, 5, 11, 16, 23, 38, 46, 52, 55"
3039,"1, 1, 1, 1, 2, 3, 3, 6, 6, 15, 18, 31, 36, 58, 74"
3040,"1, 1, 1, 1, 3, 5, 10, 11, 11, 22, 25, 35, 64, 66"
3041,"1, 1, 1, 1, 2, 3, 4, 8, 13, 18, 27, 49, 57, 71"
3042,"1, 1, 2, 2, 2, 4, 5, 10, 15, 17, 35, 44, 44, 74"
3043,"1, 1, 1, 1, 2, 3, 5, 6, 8, 10, 22, 24, 36, 65, 71"
3044,"1, 1, 1, 1, 2, 3, 3, 5, 7, 7, 20, 42, 51, 55, 57"
3045,"1, 1, 2, 2, 2, 3, 6, 7, 17, 21, 26, 44, 52, 72"
3046,"1, 1, 2, 3, 5, 5, 7, 16, 19, 32, 40, 58, 67"
3047,"1, 1, 1, 2, 2, 2, 4, 10, 11, 16, 46, 50, 52, 58"
3048,"1, 1, 1, 2, 2, 3, 6, 6, 15, 24, 37, 47, 55, 56"
3049,"1, 1, 2, 3, 3, 3, 5, 11, 11, 13, 16, 52, 54, 81"
3050,"1, 1, 1, 1, 1, 1, 2, 4, 6, 10, 10, 18, 21, 43, 47, 89"
3051,"1, 1, 1, 2, 2, 3, 3, 4, 8, 16, 17, 29, 44, 51, 74"
3052,"1, 1, 1, 3, 4, 4, 5, 6, 11, 16, 27, 49, 58, 70"
3053,"1, 2, 2, 2, 3, 10, 12, 17, 19, 26, 44, 50, 68"
3054,"1, 1, 2, 2, 2, 4, 7, 8, 11, 22, 24, 34, 68, 70"
3055,"1, 1, 1, 2, 2, 9, 12, 14, 14, 34, 48, 48, 70"
3056,"1, 1, 1, 2, 2, 4, 4, 4, 4, 10, 18, 28, 48, 57, 72"
3057,"1, 1, 1, 1, 2, 4, 5, 5, 7, 8, 15, 30, 40, 67, 69"
3058,"1, 1, 1, 1, 1, 2, 5, 9, 13, 27, 42, 49, 50, 54"
3059,"1, 1, 1, 1, 1, 1, 2, 8, 10, 17, 20, 29, 40, 57, 67"
3060,"1, 1, 1, 2, 3, 5, 7, 7, 7, 12, 36, 53, 54, 67"
3061,"1, 1, 1, 1, 1, 2, 2, 2, 8, 18, 24, 38, 44, 53, 60"
3062,"1, 1, 1, 1, 4, 5, 7, 10, 11, 11, 22, 50, 52, 80"
3063,"1, 1, 1, 2, 4, 5, 9, 10, 10, 22, 23, 36, 66, 66"
3064,"1, 2, 3, 3, 4, 7, 9, 9, 18, 26, 40, 66, 68"
3065,"1, 1, 1, 1, 1, 2, 3, 6, 7, 19, 19, 26, 43, 57, 69"
3066,"1, 1, 2, 2, 3, 3, 5, 5, 14, 15, 31, 46, 54, 74"
3067,"1, 1, 1, 2, 3, 3, 3, 4, 21, 23, 25, 44, 51, 74"
3068,"1, 1, 1, 1, 1, 3, 3, 4, 6, 18, 19, 41, 43, 54, 60"
3069,"1, 1, 2, 4, 4, 10, 10, 14, 18, 26, 36, 64, 66"
3070,"1, 2, 2, 3, 3, 4, 7, 17, 22, 35, 46, 54, 60"
3071,"1, 1, 1, 3, 4, 5, 10, 19, 23, 24, 42, 57, 66"
3072,"1, 1, 1, 2, 2, 3, 5, 5, 25, 28, 33, 40, 52, 58"
3073,"1, 1, 1, 2, 4, 7, 12, 13, 22, 40, 48, 50, 55"
3074,"1, 1, 1, 1, 1, 2, 3, 4, 6, 19, 19, 26, 44, 58, 70"
3075,"1, 1, 1, 2, 4, 4, 5, 5, 14, 15, 31, 48, 55, 70"
3076,"1, 1, 1, 1, 2, 2, 9, 10, 13, 23, 38, 50, 52, 53"
3077,"1, 1, 1, 2, 2, 2, 3, 6, 9, 11, 21, 24, 33, 68, 72"
3078,"1, 1, 1, 1, 2, 3, 3, 5, 9, 9, 13, 23, 50, 51, 84"
3079,"1, 1, 1, 1, 3, 5, 5, 15, 15, 16, 31, 31, 59, 72"
3080,"1, 1, 1, 1, 2, 3, 3, 5, 9, 9, 25, 36, 37, 56, 67"
3081,"1, 1, 2, 2, 2, 3, 6, 7, 15, 18, 22, 47, 54, 76"
3082,"1, 1, 1, 1, 2, 2, 3, 5, 6, 16, 17, 29, 45, 55, 72"
3083,"1, 1, 1, 1, 1, 2, 2, 3, 5, 5, 7, 9, 25, 52, 56, 85"
3084,"1, 1, 1, 2, 3, 6, 8, 10, 13, 15, 17, 45, 54, 80"
3085,"1, 1, 1, 1, 2, 2, 3, 4, 8, 17, 19, 25, 44, 54, 74"
3086,"1, 1, 1, 2, 3, 4, 6, 11, 14, 16, 17, 44, 54, 82"
3087,"1, 1, 1, 2, 2, 2, 2, 4, 10, 11, 23, 24, 34, 67, 72"
3088,"1, 1, 2, 5, 6, 8, 11, 14, 15, 15, 48, 50, 80"
3089,"1, 1, 1, 1, 1, 1, 2, 6, 10, 12, 13, 20, 48, 57, 82"
3090,"1, 1, 1, 2, 4, 4, 4, 6, 18, 20, 22, 44, 57, 72"
3091,"1, 1, 1, 1, 2, 3, 4, 4, 9, 10, 13, 34, 50, 51, 72"
3092,"1, 1, 1, 1, 3, 3, 3, 3, 5, 12, 22, 41, 47, 55, 58"
3093,"1, 1, 1, 1, 1, 2, 5, 10, 15, 17, 32, 45, 52, 73"
3094,"1, 1, 1, 2, 2, 3, 3, 4, 7, 7, 23, 37, 38, 58, 69"
3095,"1, 1, 1, 1, 2, 6, 7, 10, 12, 14, 22, 48, 55, 76"
3096,"1, 1, 1, 4, 4, 5, 11, 15, 15, 32, 40, 63, 64"
3097,"1, 1, 1, 2, 2, 3, 3, 4, 6, 11, 15, 29, 50, 54, 74"
3098,"1, 1, 1, 1, 3, 3, 4, 7, 10, 15, 37, 43, 60, 70"
3099,"1, 1, 1, 1, 2, 2, 3, 5, 7, 17, 21, 29, 44, 54, 68"
3100,"1, 1, 1, 2, 2, 2, 4, 6, 6, 8, 17, 44, 52, 54, 56"
3101,"1, 1, 1, 2, 2, 2, 3, 7, 7, 10, 21, 24, 38, 68, 69"
3102,"1, 1, 1, 1, 1, 1, 5, 6, 14, 14, 14, 17, 47, 57, 76"
3103,"1, 1, 1, 2, 4, 4, 6, 8, 10, 13, 26, 48, 49, 83"
3104,"1, 1, 2, 2, 2, 2, 4, 4, 8, 16, 17, 29, 42, 54, 72"
3105,"1, 1, 1, 1, 2, 2, 4, 6, 10, 15, 16, 30, 45, 48, 74"
3106,"1, 1, 1, 1, 1, 3, 3, 3, 5, 5, 15, 16, 29, 45, 55, 72"
3107,"1, 1, 1, 1, 1, 2, 3, 3, 3, 7, 7, 17, 21, 46, 52, 90"
3108,"1, 2, 3, 3, 3, 4, 7, 17, 24, 34, 46, 54, 58"
3109,"1, 1, 1, 2, 3, 4, 4, 8, 13, 16, 29, 47, 55, 72"
3110,"1, 1, 1, 1, 2, 4, 4, 14, 16, 18, 27, 44, 61, 62"
3111,"1, 1, 1, 2, 4, 4, 4, 6, 9, 16, 29, 50, 57, 72"
3112,"1, 1, 1, 2, 4, 4, 6, 10, 26, 34, 42, 55, 70"
3113,"1, 1, 1, 1, 1, 2, 2, 2, 3, 10, 13, 19, 24, 33, 67, 76"
3114,"1, 1, 1, 1, 2, 2, 4, 5, 9, 15, 20, 25, 47, 57, 66"
3115,"1, 1, 1, 1, 2, 3, 5, 10, 11, 23, 39, 42, 52, 65"
3116,"1, 1, 1, 1, 2, 3, 3, 7, 12, 13, 14, 31, 47, 50, 70"
3117,"1, 1, 1, 1, 1, 1, 4, 4, 5, 7, 14, 17, 29, 47, 55, 68"
3118,"1, 1, 1, 3, 3, 4, 4, 5, 19, 22, 23, 40, 56, 74"
3119,"1, 1, 1, 2, 3, 5, 7, 9, 14, 16, 32, 38, 61, 66"
3120,"1, 1, 1, 1, 1, 2, 2, 4, 8, 13, 14, 34, 40, 64, 70"
3121,"1, 1, 1, 1, 1, 1, 2, 4, 6, 8, 11, 18, 27, 53, 53, 68"
3122,"1, 1, 2, 2, 2, 2, 4, 6, 15, 28, 32, 46, 57, 58"
3123,"1, 1, 2, 2, 2, 3, 4, 6, 16, 20, 32, 41, 56, 70"
3124,"1, 1, 1, 1, 4, 5, 9, 11, 12, 19, 27, 35, 64, 66"
3125,"1, 1, 1, 1, 2, 3, 8, 11, 12, 29, 32, 33, 56, 66"
3126,"1, 1, 1, 1, 1, 4, 5, 6, 9, 11, 15, 18, 47, 50, 86"
3127,"1, 1, 1, 1, 3, 6, 7, 8, 14, 17, 18, 44, 54, 81"
3128,"1, 1, 1, 2, 6, 8, 13, 16, 20, 27, 33, 58, 70"
3129,"1, 1, 1, 1, 2, 2, 4, 8, 8, 12, 14, 22, 48, 49, 83"
3130,"1, 1, 1, 1, 2, 2, 4, 4, 8, 16, 19, 29, 44, 51, 73"
3131,"1, 1, 1, 2, 2, 3, 4, 9, 11, 25, 42, 50, 51, 54"
3132,"1, 1, 1, 1, 1, 1, 1, 2, 7, 8, 17, 20, 30, 39, 57, 69"
3133,"1, 1, 2, 2, 3, 3, 4, 9, 17, 18, 25, 46, 57, 68"
3134,"1, 1, 1, 2, 4, 8, 11, 14, 21, 22, 51, 56, 64"
3135,"1, 1, 1, 2, 2, 2, 7, 12, 16, 17, 28, 40, 61, 66"
3136,"1, 1, 1, 1, 2, 2, 2, 3, 4, 19, 25, 35, 44, 57, 59"
3137,"1, 2, 2, 2, 2, 3, 5, 6, 21, 22, 24, 40, 54, 72"
3138,"1, 1, 1, 1, 1, 2, 2, 6, 7, 11, 25, 38, 51, 54, 55"
3139,"1, 1, 1, 2, 3, 3, 9, 9, 9, 15, 20, 51, 54, 78"
3140,"1, 1, 1, 1, 1, 2, 3, 3, 6, 8, 10, 12, 19, 47, 59, 82"
3141,"1, 1, 1, 2, 2, 4, 6, 6, 10, 17, 33, 42, 61, 70"
3142,"1, 1, 1, 1, 2, 3, 5, 5, 18, 22, 28, 42, 56, 71"
3143,"1, 1, 1, 1, 1, 2, 4, 8, 9, 14, 15, 31, 38, 61, 69"
3144,"1, 1, 1, 2, 2, 4, 6, 9, 10, 29, 32, 38, 52, 69"
3145,"1, 1, 1, 1, 2, 2, 3, 7, 10, 20, 20, 25, 41, 52, 70"
3146,"1, 1, 2, 2, 2, 3, 7, 10, 12, 17, 26, 40, 66, 67"
3147,"1, 1, 1, 2, 3, 4, 5, 6, 18, 20, 25, 44, 58, 68"
3148,"1, 1, 1, 1, 1, 2, 3, 3, 4, 15, 21, 25, 32, 72, 74"
3149,"1, 1, 1, 2, 2, 2, 2, 2, 12, 13, 16, 28, 43, 65, 66"
3150,"1, 1, 1, 1, 1, 2, 3, 4, 4, 4, 6, 13, 17, 29, 84, 85"
3151,"1, 1, 2, 3, 4, 5, 7, 7, 14, 14, 14, 46, 54, 84"
3152,"1, 1, 1, 2, 2, 2, 4, 8, 15, 23, 30, 39, 54, 74"
3153,"1, 2, 3, 4, 6, 8, 13, 22, 40, 42, 52, 63"
3154,"1, 1, 1, 2, 2, 3, 3, 3, 7, 13, 18, 26, 48, 58, 70"
3155,"1, 1, 1, 1, 2, 2, 2, 4, 6, 17, 20, 25, 46, 57, 71"
3156,"1, 1, 1, 4, 5, 10, 12, 13, 14, 22, 48, 48, 77"
3157,"1, 1, 1, 1, 1, 2, 2, 7, 8, 21, 25, 27, 38, 49, 72"
3158,"1, 1, 1, 1, 1, 2, 3, 8, 9, 12, 28, 33, 35, 52, 69"
3159,"1, 1, 1, 1, 1, 2, 3, 5, 8, 12, 23, 36, 50, 54, 58"
3160,"1, 1, 1, 1, 1, 1, 3, 3, 5, 5, 14, 15, 28, 47, 56, 74"
3161,"1, 1, 1, 2, 5, 6, 14, 15, 20, 44, 44, 47, 56"
3162,"1, 1, 1, 1, 2, 3, 5, 6, 26, 29, 34, 42, 49, 56"
3163,"1, 1, 1, 1, 1, 2, 3, 4, 6, 8, 11, 12, 17, 49, 57, 82"
3164,"1, 1, 1, 2, 2, 3, 3, 5, 7, 8, 17, 27, 42, 68, 69"
3165,"1, 1, 2, 2, 2, 5, 5, 8, 13, 22, 24, 34, 68, 69"
3166,"1, 1, 1, 1, 3, 3, 3, 3, 3, 15, 17, 29, 45, 55, 76"
3167,"1, 1, 1, 3, 5, 6, 9, 21, 21, 23, 42, 57, 66"
3168,"1, 1, 1, 1, 1, 1, 1, 2, 6, 7, 11, 17, 29, 52, 54, 71"
3169,"1, 1, 1, 1, 2, 3, 8, 8, 18, 22, 28, 44, 55, 64"
3170,"1, 1, 1, 1, 1, 5, 6, 7, 8, 8, 16, 31, 37, 65, 68"
3171,"1, 1, 1, 1, 1, 2, 3, 5, 8, 15, 25, 37, 47, 53, 56"
3172,"1, 1, 1, 1, 1, 2, 2, 2, 4, 5, 15, 20, 30, 41, 56, 74"
3173,"1, 1, 1, 2, 3, 5, 7, 9, 17, 17, 29, 44, 48, 72"
3174,"1, 1, 1, 1, 2, 3, 4, 5, 8, 15, 17, 28, 47, 52, 71"
3175,"1, 1, 1, 1, 1, 1, 2, 2, 4, 6, 21, 22, 26, 42, 55, 70"
3176,"1, 1, 1, 3, 3, 3, 5, 6, 7, 23, 37, 40, 56, 70"
3177,"1, 1, 1, 2, 2, 6, 6, 8, 18, 19, 27, 44, 54, 67"
3178,"1, 1, 2, 2, 4, 4, 6, 6, 10, 17, 20, 46, 53, 84"
3179,"1, 1, 1, 1, 1, 2, 4, 5, 9, 19, 22, 27, 42, 55, 66"
3180,"1, 1, 1, 1, 1, 1, 2, 2, 2, 4, 4, 16, 20, 24, 45, 57, 74"
3181,"1, 2, 2, 2, 4, 6, 12, 14, 19, 32, 42, 50, 70"
3182,"1, 1, 1, 1, 1, 1, 2, 2, 3, 4, 20, 23, 38, 43, 57, 58"
3183,"1, 1, 1, 1, 2, 5, 14, 17, 30, 30, 32, 57, 65"
3184,"1, 1, 1, 1, 1, 3, 4, 5, 6, 13, 14, 31, 49, 57, 69"
3185,"1, 1, 1, 1, 2, 3, 3, 7, 9, 11, 13, 33, 51, 52, 68"
3186,"1, 1, 1, 1, 5, 5, 5, 9, 11, 23, 37, 39, 54, 64"
3187,"1, 1, 1, 1, 2, 3, 7, 8, 13, 21, 26, 50, 55, 67"
3188,"1, 2, 2, 2, 4, 4, 10, 16, 19, 30, 40, 60, 66"
3189,"1, 1, 1, 1, 4, 7, 8, 8, 9, 17, 23, 45, 51, 80"
3190,"1, 1, 1, 1, 1, 1, 2, 5, 6, 9, 11, 18, 19, 44, 54, 82"
3191,"1, 1, 2, 2, 2, 3, 9, 10, 15, 18, 28, 46, 52, 67"
3192,"1, 1, 1, 1, 2, 2, 2, 6, 7, 9, 21, 40, 54, 54, 55"
3193,"1, 1, 1, 1, 1, 1, 2, 3, 5, 7, 7, 17, 44, 51, 55, 59"
3194,"1, 1, 1, 1, 2, 3, 5, 7, 7, 13, 17, 18, 44, 54, 82"
3195,"1, 1, 3, 4, 4, 5, 11, 12, 22, 22, 36, 63, 72"
3196,"1, 1, 1, 2, 2, 2, 4, 4, 8, 14, 15, 30, 47, 53, 72"
3197,"1, 1, 1, 1, 2, 2, 3, 9, 10, 13, 22, 23, 33, 67, 68"
3198,"1, 1, 1, 1, 1, 1, 3, 9, 9, 11, 16, 31, 52, 53, 66"
3199,"1, 1, 1, 1, 1, 2, 3, 3, 12, 13, 17, 29, 43, 64, 65"
3200,"1, 1, 2, 2, 3, 4, 11, 11, 30, 36, 42, 48, 65"
3201,"1, 1, 2, 2, 3, 4, 4, 6, 15, 19, 32, 42, 55, 70"
3202,"1, 1, 1, 1, 2, 2, 4, 6, 10, 13, 14, 33, 40, 62, 66"
3203,"1, 1, 1, 1, 1, 2, 4, 8, 10, 13, 14, 17, 47, 52, 84"
3204,"1, 1, 1, 1, 3, 4, 5, 7, 8, 21, 40, 51, 56, 57"
3205,"1, 1, 1, 3, 3, 3, 4, 6, 13, 23, 35, 49, 54, 60"
3206,"1, 1, 1, 1, 2, 3, 3, 7, 9, 13, 14, 18, 47, 50, 86"
3207,"1, 1, 1, 1, 1, 3, 3, 6, 11, 14, 17, 29, 35, 60, 73"
3208,"1, 1, 1, 2, 2, 3, 9, 9, 10, 18, 27, 51, 52, 70"
3209,"1, 1, 1, 1, 2, 3, 4, 5, 5, 6, 21, 24, 41, 68, 73"
3210,"1, 1, 1, 1, 2, 3, 4, 4, 8, 13, 17, 31, 45, 54, 71"
3211,"1, 1, 2, 2, 2, 3, 3, 6, 22, 23, 26, 43, 50, 72"
3212,"1, 1, 2, 4, 5, 5, 9, 12, 17, 30, 42, 64, 64"
3213,"1, 1, 1, 1, 2, 2, 3, 4, 4, 5, 14, 16, 29, 46, 55, 72"
3214,"1, 1, 1, 1, 2, 3, 4, 8, 9, 10, 13, 32, 52, 52, 67"
3215,"1, 1, 1, 1, 1, 2, 3, 3, 5, 10, 11, 15, 31, 34, 66, 71"
3216,"1, 1, 1, 2, 2, 2, 2, 8, 8, 8, 22, 39, 52, 54, 54"
3217,"1, 1, 2, 2, 2, 4, 6, 8, 11, 22, 24, 36, 65, 72"
3218,"1, 1, 1, 1, 2, 2, 2, 3, 3, 4, 5, 23, 39, 40, 57, 72"
3219,"1, 1, 1, 2, 2, 3, 3, 3, 6, 15, 17, 28, 46, 54, 74"
3220,"1, 1, 1, 1, 1, 2, 3, 3, 9, 20, 21, 40, 42, 52, 59"
3221,"1, 1, 1, 1, 1, 2, 2, 3, 5, 6, 14, 18, 28, 47, 55, 71"
3222,"1, 1, 1, 2, 4, 5, 5, 8, 14, 15, 32, 47, 52, 69"
3223,"1, 1, 1, 1, 1, 3, 3, 7, 7, 10, 13, 20, 27, 75, 86"
3224,"1, 1, 1, 2, 2, 5, 6, 11, 11, 20, 26, 36, 63, 71"
3225,"1, 1, 2, 2, 5, 5, 6, 6, 9, 16, 29, 52, 52, 70"
3226,"1, 1, 1, 1, 1, 1, 1, 3, 7, 12, 13, 15, 15, 49, 55, 80"
3227,"1, 1, 1, 1, 1, 1, 1, 2, 7, 10, 12, 19, 26, 51, 56, 66"
3228,"1, 1, 1, 1, 2, 3, 3, 3, 5, 16, 17, 26, 46, 59, 72"
3229,"1, 1, 1, 1, 2, 2, 2, 4, 5, 5, 12, 18, 27, 48, 58, 69"
3230,"1, 1, 1, 1, 2, 3, 3, 4, 7, 14, 21, 39, 42, 54, 63"
3231,"1, 1, 1, 1, 2, 2, 3, 9, 10, 11, 17, 18, 45, 51, 84"
3232,"1, 1, 1, 2, 3, 3, 5, 10, 13, 23, 23, 34, 68, 69"
3233,"1, 1, 1, 1, 1, 1, 3, 9, 15, 29, 46, 47, 48, 53"
3234,"1, 1, 1, 1, 2, 2, 4, 4, 4, 19, 20, 27, 42, 56, 72"
3235,"1, 1, 1, 3, 3, 3, 7, 7, 13, 15, 31, 40, 61, 70"
3236,"1, 1, 1, 1, 2, 3, 5, 5, 9, 11, 16, 22, 44, 49, 86"
3237,"1, 1, 1, 1, 2, 3, 3, 3, 3, 17, 20, 28, 43, 56, 74"
3238,"1, 2, 2, 2, 3, 5, 5, 23, 27, 34, 38, 54, 60"
3239,"1, 1, 1, 1, 1, 2, 2, 3, 4, 9, 17, 21, 25, 43, 57, 68"
3240,"1, 1, 1, 2, 2, 2, 3, 5, 20, 24, 38, 46, 55, 56"
3241,"1, 1, 1, 1, 2, 2, 3, 5, 8, 19, 22, 26, 40, 55, 70"
3242,"1, 1, 1, 1, 3, 8, 8, 9, 9, 18, 22, 44, 51, 80"
3243,"1, 1, 1, 2, 2, 3, 3, 7, 7, 16, 18, 26, 45, 54, 70"
3244,"1, 1, 1, 1, 2, 2, 4, 6, 8, 15, 18, 27, 47, 53, 70"
3245,"1, 1, 1, 2, 5, 6, 7, 8, 8, 14, 32, 50, 54, 67"
3246,"1, 1, 1, 1, 1, 2, 2, 3, 5, 9, 10, 13, 32, 37, 67, 71"
3247,"1, 1, 1, 1, 1, 2, 5, 7, 7, 13, 16, 20, 42, 56, 83"
3248,"1, 1, 1, 1, 1, 1, 3, 4, 7, 8, 10, 15, 32, 51, 51, 69"
3249,"1, 1, 1, 1, 2, 3, 3, 10, 19, 22, 40, 43, 52, 58"
3250,"1, 1, 1, 1, 2, 2, 4, 6, 20, 24, 38, 44, 55, 57"
3251,"1, 1, 1, 1, 1, 4, 5, 11, 14, 23, 35, 47, 52, 60"
3252,"1, 1, 2, 2, 3, 3, 6, 9, 12, 17, 22, 40, 54, 84"
3253,"1, 1, 1, 1, 1, 3, 5, 5, 7, 16, 19, 26, 46, 56, 68"
3254,"1, 1, 1, 2, 2, 2, 3, 6, 9, 11, 17, 34, 40, 59, 68"
3255,"1, 1, 1, 2, 2, 2, 4, 6, 7, 10, 14, 30, 55, 56, 65"
3256,"1, 1, 1, 2, 3, 6, 8, 9, 9, 22, 24, 37, 65, 68"
3257,"1, 1, 1, 1, 1, 3, 4, 7, 26, 30, 30, 40, 51, 60"
3258,"1, 1, 1, 2, 3, 4, 6, 10, 11, 17, 18, 44, 52, 86"
3259,"1, 1, 1, 1, 1, 1, 2, 3, 5, 8, 10, 16, 47, 51, 52, 56"
3260,"1, 1, 1, 2, 3, 3, 4, 9, 19, 20, 26, 41, 56, 70"
3261,"1, 1, 1, 1, 1, 2, 5, 7, 9, 9, 15, 32, 52, 55, 65"
3262,"1, 1, 1, 1, 2, 3, 3, 4, 8, 12, 14, 32, 43, 63, 68"
3263,"1, 1, 1, 1, 1, 2, 3, 3, 3, 7, 14, 17, 30, 46, 52, 74"
3264,"1, 1, 1, 1, 2, 3, 3, 5, 8, 9, 15, 24, 46, 50, 87"
3265,"1, 1, 1, 2, 2, 3, 3, 3, 7, 14, 24, 37, 46, 54, 58"
3266,"1, 1, 1, 1, 2, 2, 4, 6, 6, 6, 6, 26, 54, 56, 84"
3267,"1, 1, 1, 1, 1, 1, 2, 6, 7, 8, 8, 14, 31, 49, 53, 72"
3268,"1, 1, 1, 2, 2, 3, 6, 8, 15, 19, 30, 44, 52, 72"
3269,"1, 2, 2, 3, 3, 3, 5, 7, 7, 12, 34, 52, 53, 72"
3270,"1, 1, 2, 3, 3, 5, 5, 6, 6, 11, 26, 48, 53, 86"
3271,"1, 1, 1, 1, 1, 2, 4, 10, 10, 12, 17, 29, 50, 51, 66"
3272,"1, 1, 2, 2, 3, 3, 6, 6, 18, 18, 28, 42, 58, 68"
3273,"1, 1, 1, 2, 2, 4, 6, 6, 17, 17, 40, 44, 53, 62"
3274,"1, 1, 1, 2, 4, 4, 5, 5, 13, 26, 35, 50, 54, 55"
3275,"1, 1, 1, 1, 1, 2, 3, 7, 10, 11, 17, 28, 50, 51, 72"
3276,"1, 1, 3, 5, 9, 11, 14, 17, 28, 38, 64, 65"
3277,"1, 1, 1, 2, 2, 4, 4, 5, 7, 15, 16, 29, 45, 52, 72"
3278,"1, 1, 1, 2, 4, 4, 4, 10, 11, 15, 16, 50, 55, 82"
3279,"1, 1, 1, 1, 2, 2, 3, 7, 9, 14, 16, 29, 48, 54, 68"
3280,"1, 1, 1, 2, 2, 2, 2, 8, 19, 22, 39, 46, 54, 57"
3281,"1, 1, 1, 1, 1, 2, 4, 4, 8, 14, 17, 31, 43, 61, 67"
3282,"1, 1, 1, 1, 2, 3, 4, 5, 10, 14, 22, 24, 32, 65, 71"
3283,"1, 1, 1, 2, 2, 4, 6, 10, 14, 22, 40, 48, 52, 53"
3284,"1, 1, 2, 4, 7, 8, 8, 10, 17, 28, 40, 62, 68"
3285,"1, 1, 1, 1, 1, 1, 1, 2, 3, 3, 5, 14, 16, 30, 47, 58, 71"
3286,"1, 1, 1, 2, 4, 5, 6, 9, 15, 15, 15, 48, 54, 80"
3287,"1, 1, 1, 2, 3, 5, 5, 7, 13, 23, 39, 48, 54, 54"
3288,"1, 2, 2, 4, 4, 5, 7, 11, 26, 36, 50, 52, 56"
3289,"1, 1, 1, 1, 2, 3, 5, 5, 7, 11, 11, 25, 50, 51, 82"
3290,"1, 1, 2, 3, 6, 10, 24, 99, 110"
3291,"1, 1, 1, 3, 3, 5, 5, 12, 13, 21, 24, 33, 62, 72"
3292,"1, 1, 1, 2, 2, 2, 3, 6, 9, 10, 16, 20, 45, 56, 82"
3293,"1, 1, 1, 1, 1, 1, 1, 2, 2, 6, 8, 8, 22, 25, 37, 69, 70"
3294,"1, 1, 1, 1, 1, 2, 3, 4, 10, 14, 20, 25, 47, 60, 66"
3295,"1, 1, 1, 1, 3, 5, 5, 9, 11, 29, 32, 35, 53, 70"
3296,"1, 1, 1, 2, 3, 3, 5, 7, 17, 25, 36, 46, 54, 55"
3297,"1, 1, 1, 1, 1, 1, 2, 3, 6, 7, 9, 20, 26, 37, 69, 71"
3298,"1, 1, 1, 2, 3, 3, 3, 5, 5, 9, 15, 30, 41, 66, 71"
3299,"1, 1, 1, 2, 2, 2, 2, 2, 8, 13, 16, 45, 50, 51, 60"
3300,"1, 1, 1, 2, 4, 6, 6, 7, 10, 13, 23, 46, 52, 84"
3301,"1, 1, 2, 2, 4, 4, 5, 9, 13, 16, 29, 48, 50, 72"
3302,"1, 1, 2, 2, 2, 2, 6, 8, 14, 18, 34, 38, 58, 70"
3303,"1, 1, 2, 3, 4, 7, 11, 12, 22, 22, 40, 65, 66"
3304,"1, 1, 1, 1, 2, 2, 2, 5, 6, 22, 23, 27, 40, 50, 73"
3305,"1, 1, 1, 2, 3, 3, 6, 9, 9, 24, 37, 37, 52, 71"
3306,"1, 1, 1, 1, 2, 2, 3, 7, 11, 11, 14, 30, 51, 55, 66"
3307,"1, 1, 1, 2, 2, 2, 2, 4, 6, 13, 24, 36, 49, 55, 58"
3308,"1, 1, 1, 2, 2, 3, 4, 4, 8, 14, 19, 25, 46, 52, 74"
3309,"1, 1, 1, 1, 1, 3, 4, 6, 9, 9, 19, 27, 37, 68, 69"
3310,"1, 1, 2, 2, 3, 4, 8, 9, 9, 14, 20, 52, 53, 78"
3311,"1, 1, 2, 2, 2, 4, 6, 9, 10, 18, 28, 52, 53, 68"
3312,"1, 1, 1, 1, 1, 1, 2, 3, 3, 7, 11, 19, 27, 29, 63, 86"
3313,"1, 1, 1, 2, 2, 2, 3, 4, 7, 8, 11, 32, 52, 54, 76"
3314,"1, 1, 1, 1, 1, 2, 2, 3, 4, 8, 11, 14, 33, 42, 63, 69"
3315,"1, 1, 1, 1, 1, 1, 1, 1, 1, 5, 7, 10, 23, 39, 50, 55, 58"
3316,"1, 1, 1, 2, 2, 2, 4, 6, 20, 26, 33, 42, 58, 58"
3317,"1, 1, 1, 1, 1, 2, 3, 3, 7, 13, 22, 38, 44, 54, 65"
3318,"1, 1, 1, 1, 1, 1, 4, 4, 6, 17, 26, 29, 41, 52, 71"
3319,"1, 1, 1, 1, 1, 1, 6, 6, 7, 17, 17, 30, 45, 54, 68"
3320,"1, 2, 3, 3, 4, 4, 9, 11, 22, 27, 34, 56, 80"
3321,"1, 1, 2, 10, 21, 22, 72, 127"
3322,"1, 2, 2, 3, 4, 6, 8, 16, 22, 28, 38, 54, 72"
3323,"1, 1, 1, 1, 2, 4, 5, 5, 7, 8, 16, 23, 44, 52, 86"
3324,"1, 1, 1, 1, 1, 2, 4, 4, 4, 8, 9, 10, 35, 51, 53, 71"
3325,"1, 1, 1, 2, 3, 4, 6, 7, 10, 19, 26, 55, 56, 65"
3326,"1, 1, 2, 2, 3, 3, 3, 4, 14, 15, 32, 45, 58, 73"
3327,"1, 1, 1, 1, 1, 2, 3, 4, 4, 5, 11, 11, 35, 41, 65, 70"
3328,"1, 1, 1, 2, 2, 3, 5, 7, 15, 16, 32, 41, 62, 68"
3329,"1, 1, 1, 1, 1, 3, 3, 4, 7, 8, 28, 44, 47, 53, 54"
3330,"1, 1, 1, 2, 3, 5, 8, 17, 19, 30, 39, 58, 72"
3331,"1, 1, 1, 1, 6, 16, 29, 97, 104"
3332,"1, 1, 2, 3, 3, 3, 7, 7, 11, 20, 25, 49, 54, 70"
3333,"1, 1, 2, 2, 2, 3, 5, 8, 12, 17, 34, 38, 59, 72"
3334,"1, 1, 1, 1, 1, 1, 2, 2, 4, 7, 12, 22, 39, 49, 55, 58"
3335,"1, 1, 1, 1, 2, 2, 6, 10, 21, 24, 26, 42, 51, 68"
3336,"1, 1, 2, 2, 5, 8, 9, 17, 20, 28, 44, 53, 66"
3337,"1, 1, 1, 1, 2, 4, 4, 11, 12, 18, 44, 48, 51, 58"
3338,"1, 1, 1, 2, 2, 5, 7, 8, 13, 15, 24, 43, 48, 86"
3339,"1, 1, 1, 1, 2, 2, 3, 6, 7, 12, 29, 30, 34, 55, 72"
3340,"1, 2, 2, 4, 6, 10, 19, 20, 26, 44, 52, 70"
3341,"1, 2, 2, 3, 6, 6, 8, 17, 17, 26, 46, 56, 66"
3342,"1, 1, 1, 1, 1, 2, 3, 3, 7, 17, 29, 33, 43, 54, 60"
3343,"1, 1, 1, 1, 1, 1, 2, 3, 4, 4, 12, 15, 34, 43, 62, 71"
3344,"1, 1, 2, 3, 3, 7, 10, 16, 16, 32, 40, 57, 68"
3345,"1, 1, 1, 3, 4, 4, 5, 10, 10, 18, 18, 44, 55, 82"
3346,"1, 1, 1, 1, 2, 2, 3, 6, 7, 9, 20, 27, 35, 70, 71"
3347,"1, 1, 1, 1, 1, 3, 5, 7, 11, 13, 18, 20, 41, 50, 83"
3348,"1, 1, 1, 2, 5, 5, 5, 6, 16, 21, 22, 45, 56, 70"
3349,"1, 1, 2, 3, 8, 10, 11, 29, 30, 36, 54, 71"
3350,"1, 2, 2, 2, 2, 3, 7, 7, 8, 26, 34, 38, 54, 70"
3351,"1, 2, 2, 3, 3, 11, 29, 93, 112"
3352,"1, 1, 2, 4, 6, 8, 12, 14, 15, 17, 46, 52, 78"
3353,"1, 1, 1, 2, 2, 4, 8, 10, 11, 17, 30, 50, 51, 68"
3354,"1, 1, 1, 1, 1, 2, 3, 5, 7, 17, 20, 40, 41, 55, 61"
3355,"1, 1, 1, 1, 1, 3, 3, 9, 11, 13, 21, 25, 33, 65, 68"
3356,"1, 1, 2, 2, 3, 3, 6, 7, 15, 15, 30, 46, 53, 72"
3357,"1, 1, 1, 1, 2, 2, 5, 7, 8, 12, 18, 19, 43, 54, 82"
3358,"1, 1, 1, 2, 3, 6, 8, 15, 25, 36, 47, 54, 57"
3359,"1, 1, 2, 3, 3, 3, 4, 5, 9, 21, 39, 51, 56, 58"
3360,"1, 1, 1, 1, 1, 2, 3, 7, 9, 16, 17, 27, 46, 54, 70"
3361,"1, 1, 1, 1, 2, 3, 4, 10, 13, 23, 23, 34, 69, 71"
3362,"1, 1, 1, 1, 1, 2, 4, 8, 8, 13, 17, 29, 47, 49, 74"
3363,"1, 1, 1, 2, 3, 3, 9, 10, 11, 13, 29, 51, 52, 70"
3364,"1, 1, 2, 2, 3, 5, 5, 5, 16, 25, 29, 40, 52, 70"
3365,"1, 1, 1, 1, 1, 1, 3, 4, 5, 12, 12, 19, 27, 33, 64, 71"
3366,"1, 1, 1, 2, 2, 3, 3, 5, 6, 11, 19, 22, 36, 71, 73"
3367,"1, 1, 1, 4, 4, 8, 9, 12, 16, 30, 52, 54, 64"
3368,"1, 1, 1, 2, 3, 3, 9, 11, 11, 21, 23, 34, 68, 68"
3369,"1, 1, 1, 1, 1, 2, 2, 3, 4, 11, 17, 43, 43, 60, 66"
3370,"1, 1, 1, 1, 2, 2, 2, 3, 5, 12, 16, 29, 50, 59, 72"
3371,"1, 1, 1, 1, 1, 1, 2, 4, 4, 7, 7, 8, 27, 53, 55, 83"
3372,"1, 1, 2, 2, 2, 2, 2, 4, 6, 18, 20, 26, 42, 56, 72"
3373,"1, 1, 1, 2, 2, 4, 6, 6, 20, 25, 25, 40, 54, 69"
3374,"1, 1, 2, 3, 3, 3, 5, 5, 20, 21, 24, 42, 54, 72"
3375,"1, 1, 1, 1, 2, 4, 4, 12, 16, 21, 31, 42, 49, 71"
3376,"1, 1, 1, 2, 3, 4, 5, 11, 13, 14, 31, 34, 63, 73"
3377,"1, 1, 1, 1, 3, 5, 5, 12, 14, 15, 36, 44, 47, 71"
3378,"1, 1, 1, 1, 2, 3, 6, 10, 13, 17, 31, 39, 61, 70"
3379,"1, 1, 1, 1, 3, 4, 9, 11, 12, 14, 33, 51, 51, 64"
3380,"1, 1, 1, 3, 3, 6, 11, 14, 27, 34, 48, 50, 57"
3381,"1, 2, 2, 3, 5, 8, 11, 12, 17, 21, 40, 54, 80"
3382,"1, 1, 1, 1, 1, 1, 2, 2, 6, 10, 12, 17, 28, 50, 55, 68"
3383,"1, 1, 1, 1, 1, 3, 3, 11, 11, 13, 14, 16, 47, 52, 81"
3384,"1, 1, 1, 3, 3, 3, 5, 9, 13, 19, 41, 50, 51, 56"
3385,"1, 1, 1, 2, 2, 2, 8, 8, 21, 22, 24, 40, 54, 70"
3386,"1, 1, 1, 1, 2, 3, 4, 6, 7, 7, 17, 29, 38, 69, 70"
3387,"1, 1, 1, 3, 6, 18, 22, 85, 119"
3388,"1, 1, 2, 2, 3, 5, 7, 7, 10, 16, 34, 36, 62, 70"
3389,"1, 1, 1, 2, 2, 2, 4, 5, 8, 9, 15, 22, 46, 50, 88"
3390,"1, 1, 1, 1, 2, 6, 8, 10, 15, 16, 17, 44, 48, 86"
3391,"1, 1, 3, 3, 4, 8, 10, 11, 14, 22, 50, 51, 78"
3392,"1, 1, 1, 2, 2, 3, 5, 7, 9, 12, 14, 17, 46, 54, 82"
3393,"1, 1, 1, 1, 1, 2, 4, 4, 10, 15, 21, 25, 46, 58, 66"
3394,"1, 1, 1, 2, 2, 3, 6, 9, 19, 22, 22, 44, 52, 72"
3395,"1, 1, 1, 1, 1, 2, 3, 5, 6, 15, 17, 42, 43, 55, 63"
3396,"1, 1, 1, 2, 2, 3, 9, 10, 17, 21, 25, 44, 52, 68"
3397,"1, 1, 1, 2, 2, 2, 3, 5, 6, 20, 20, 25, 40, 56, 72"
3398,"1, 1, 4, 7, 15, 31, 91, 106"
3399,"1, 1, 2, 2, 2, 3, 4, 9, 17, 24, 36, 45, 52, 58"
3400,"1, 1, 1, 1, 2, 2, 3, 5, 7, 16, 18, 29, 42, 60, 68"
3401,"1, 1, 2, 2, 2, 3, 4, 9, 19, 19, 26, 42, 58, 68"
3402,"1, 1, 2, 2, 3, 3, 4, 6, 15, 24, 34, 47, 56, 58"
3403,"1, 1, 1, 1, 2, 3, 3, 5, 7, 9, 19, 40, 53, 54, 57"
3404,"1, 1, 2, 3, 4, 7, 7, 10, 25, 36, 50, 54, 56"
3405,"1, 1, 1, 1, 1, 2, 3, 8, 9, 14, 21, 25, 32, 68, 69"
3406,"1, 1, 1, 1, 1, 2, 3, 6, 13, 14, 15, 34, 45, 47, 72"
3407,"1, 1, 1, 1, 2, 2, 4, 4, 6, 18, 26, 35, 44, 55, 56"
3408,"1, 1, 1, 2, 2, 4, 5, 11, 15, 18, 28, 47, 57, 64"
3409,"1, 1, 1, 2, 2, 3, 4, 6, 8, 8, 12, 34, 51, 53, 70"
3410,"1, 1, 1, 1, 1, 2, 2, 4, 4, 4, 13, 16, 27, 49, 56, 74"
3411,"1, 1, 1, 1, 1, 2, 3, 6, 9, 15, 19, 31, 42, 57, 67"
3412,"1, 1, 1, 1, 2, 3, 3, 3, 11, 14, 18, 43, 48, 50, 57"
3413,"1, 1, 1, 1, 1, 1, 3, 3, 5, 5, 18, 22, 23, 43, 57, 71"
3414,"1, 1, 2, 3, 4, 4, 8, 16, 20, 30, 44, 55, 68"
3415,"1, 1, 1, 1, 1, 3, 4, 8, 9, 13, 16, 20, 42, 52, 84"
3416,"1, 1, 1, 1, 1, 1, 2, 4, 5, 19, 20, 41, 43, 58, 58"
3417,"1, 1, 1, 2, 2, 2, 5, 6, 11, 11, 14, 18, 46, 56, 80"
3418,"1, 1, 1, 2, 2, 2, 3, 4, 8, 18, 21, 24, 42, 53, 74"
3419,"1, 1, 1, 1, 2, 2, 2, 6, 8, 14, 18, 34, 37, 58, 71"
3420,"1, 1, 1, 3, 6, 9, 12, 13, 15, 29, 50, 54, 62"
3421,"1, 1, 1, 2, 3, 3, 5, 7, 13, 22, 37, 49, 52, 60"
3422,"1, 1, 1, 1, 1, 4, 10, 13, 13, 15, 33, 48, 49, 66"
3423,"1, 2, 2, 5, 5, 5, 9, 13, 18, 28, 48, 50, 70"
3424,"1, 1, 2, 2, 4, 4, 7, 8, 8, 20, 22, 39, 68, 70"
3425,"1, 2, 4, 4, 4, 10, 21, 28, 32, 42, 52, 56"
3426,"1, 1, 1, 2, 3, 5, 7, 8, 9, 19, 24, 53, 53, 70"
3427,"1, 1, 1, 1, 1, 2, 3, 5, 9, 9, 22, 40, 53, 53, 55"
3428,"1, 1, 2, 2, 3, 4, 6, 19, 21, 39, 44, 52, 62"
3429,"1, 1, 1, 1, 2, 2, 6, 6, 8, 9, 15, 22, 46, 52, 84"
3430,"1, 1, 1, 2, 3, 5, 7, 11, 13, 17, 18, 44, 47, 86"
3431,"1, 1, 1, 1, 1, 2, 3, 3, 4, 7, 18, 19, 25, 43, 53, 74"
3432,"1, 1, 1, 2, 3, 3, 3, 5, 8, 9, 14, 22, 45, 52, 87"
3433,"1, 1, 1, 1, 1, 1, 2, 2, 4, 9, 16, 17, 30, 44, 53, 73"
3434,"1, 2, 2, 3, 3, 4, 8, 10, 16, 20, 52, 57, 78"
3435,"1, 2, 2, 2, 3, 4, 8, 11, 22, 44, 51, 52, 54"
3436,"1, 1, 1, 2, 4, 4, 6, 6, 17, 22, 22, 45, 55, 70"
3437,"1, 1, 2, 2, 3, 4, 10, 14, 15, 33, 42, 61, 68"
3438,"1, 1, 1, 1, 1, 1, 2, 2, 4, 9, 15, 16, 19, 43, 52, 88"
3439,"1, 1, 1, 1, 1, 2, 3, 4, 11, 12, 17, 44, 48, 51, 59"
3440,"1, 2, 3, 3, 3, 5, 7, 10, 29, 32, 37, 56, 68"
3441,"1, 1, 1, 2, 2, 2, 6, 11, 13, 28, 34, 48, 52, 55"
3442,"1, 1, 1, 2, 2, 3, 3, 3, 9, 16, 17, 29, 44, 51, 74"
3443,"1, 1, 1, 1, 2, 2, 3, 3, 8, 19, 21, 26, 41, 57, 70"
3444,"1, 1, 1, 1, 1, 1, 3, 7, 11, 13, 14, 32, 36, 65, 69"
3445,"1, 1, 1, 2, 4, 4, 6, 7, 9, 18, 26, 40, 68, 69"
3446,"1, 1, 1, 2, 3, 3, 5, 7, 14, 19, 24, 48, 58, 70"
3447,"1, 1, 1, 2, 2, 4, 4, 5, 5, 11, 16, 31, 48, 54, 71"
3448,"1, 1, 2, 3, 3, 6, 11, 14, 18, 28, 42, 61, 66"
3449,"1, 1, 1, 1, 2, 2, 4, 6, 8, 12, 14, 20, 47, 52, 85"
3450,"1, 1, 2, 3, 6, 8, 9, 9, 14, 24, 44, 52, 83"
3451,"1, 1, 1, 3, 3, 13, 32, 95, 107"
3452,"1, 1, 1, 1, 2, 3, 4, 7, 7, 8, 15, 29, 54, 56, 67"
3453,"1, 1, 1, 1, 1, 4, 6, 6, 11, 19, 28, 32, 61, 84"
3454,"1, 1, 1, 1, 1, 2, 3, 5, 7, 17, 20, 29, 42, 56, 70"
3455,"1, 1, 1, 2, 3, 4, 4, 9, 10, 18, 40, 50, 53, 60"
3456,"1, 1, 2, 2, 2, 2, 3, 3, 4, 15, 16, 28, 48, 55, 74"
3457,"1, 1, 1, 1, 1, 2, 4, 9, 9, 11, 15, 20, 47, 57, 77"
3458,"1, 1, 1, 1, 2, 3, 3, 7, 16, 37, 40, 44, 44, 56"
3459,"1, 1, 1, 2, 2, 3, 5, 9, 17, 22, 23, 44, 54, 72"
3460,"1, 1, 1, 1, 3, 5, 9, 9, 10, 19, 21, 44, 50, 82"
3461,"1, 1, 1, 1, 2, 3, 7, 7, 16, 18, 25, 46, 56, 72"
3462,"1, 1, 1, 1, 1, 1, 2, 2, 4, 4, 4, 10, 12, 32, 52, 57, 71"
3463,"1, 1, 1, 2, 2, 2, 3, 14, 15, 15, 29, 43, 64, 64"
3464,"1, 1, 1, 1, 1, 2, 3, 7, 7, 13, 15, 31, 40, 62, 71"
3465,"1, 1, 1, 1, 1, 1, 1, 4, 5, 7, 12, 15, 30, 40, 63, 73"
3466,"1, 1, 1, 2, 2, 3, 4, 4, 7, 15, 16, 28, 47, 54, 71"
3467,"1, 1, 1, 2, 2, 2, 3, 3, 4, 5, 22, 37, 42, 58, 73"
3468,"1, 1, 1, 2, 2, 3, 7, 8, 17, 22, 22, 45, 53, 72"
3469,"1, 1, 1, 1, 2, 2, 2, 8, 11, 12, 15, 30, 51, 53, 66"
3470,"1, 1, 1, 1, 1, 2, 2, 2, 2, 9, 9, 16, 44, 53, 53, 59"
3471,"1, 1, 2, 2, 2, 5, 7, 8, 15, 18, 27, 46, 54, 68"
3472,"1, 1, 1, 1, 1, 5, 5, 5, 7, 13, 17, 29, 49, 53, 68"
3473,"1, 1, 2, 3, 3, 7, 8, 9, 25, 36, 53, 54, 54"
3474,"1, 1, 2, 2, 4, 5, 5, 6, 10, 18, 28, 48, 56, 70"
3475,"1, 1, 1, 1, 1, 1, 2, 5, 10, 18, 19, 27, 43, 52, 74"
3476,"1, 1, 1, 1, 2, 4, 5, 5, 6, 14, 20, 26, 47, 53, 70"
3477,"1, 1, 2, 2, 2, 3, 8, 12, 13, 16, 32, 46, 48, 70"
3478,"1, 1, 1, 2, 4, 4, 5, 6, 10, 20, 28, 40, 65, 69"
3479,"1, 1, 1, 3, 4, 4, 4, 11, 18, 34, 44, 59, 72"
3480,"1, 1, 1, 1, 1, 1, 2, 2, 3, 8, 12, 16, 47, 49, 51, 60"
3481,"1, 1, 2, 2, 2, 2, 3, 5, 10, 11, 14, 32, 48, 52, 71"
3482,"1, 1, 1, 1, 2, 3, 4, 4, 5, 14, 18, 27, 48, 56, 71"
3483,"1, 1, 1, 1, 2, 4, 6, 8, 17, 18, 28, 45, 55, 69"
3484,"1, 1, 1, 1, 3, 5, 7, 9, 11, 23, 23, 36, 65, 70"
3485,"1, 1, 1, 1, 2, 5, 6, 8, 12, 17, 34, 42, 60, 66"
3486,"1, 1, 1, 3, 3, 3, 3, 3, 4, 12, 33, 57, 59, 73"
3487,"1, 1, 2, 2, 8, 9, 13, 26, 36, 50, 54, 54"
3488,"1, 1, 2, 3, 7, 15, 22, 84, 121"
3489,"1, 1, 1, 1, 1, 1, 2, 5, 7, 9, 12, 17, 20, 41, 54, 83"
3490,"1, 1, 1, 1, 1, 1, 1, 2, 2, 4, 8, 13, 16, 19, 43, 53, 89"
3491,"1, 1, 1, 1, 1, 3, 5, 10, 13, 23, 36, 49, 54, 58"
3492,"1, 1, 1, 2, 2, 4, 6, 6, 12, 24, 34, 50, 55, 58"
3493,"1, 1, 1, 4, 4, 5, 6, 17, 27, 31, 45, 56, 58"
3494,"1, 1, 1, 3, 3, 3, 3, 3, 3, 13, 13, 29, 48, 58, 74"
3495,"1, 1, 2, 2, 2, 5, 11, 14, 16, 28, 30, 64, 80"
3496,"1, 1, 1, 1, 1, 3, 4, 6, 7, 11, 18, 34, 40, 59, 69"
3497,"1, 1, 1, 1, 3, 4, 8, 11, 13, 21, 24, 34, 66, 68"
3498,"1, 1, 1, 1, 2, 2, 3, 5, 5, 13, 17, 34, 40, 60, 71"
3499,"1, 1, 1, 2, 2, 3, 5, 8, 17, 19, 26, 45, 54, 72"
3500,"1, 1, 1, 1, 1, 1, 2, 3, 5, 6, 18, 21, 25, 43, 55, 72"
3501,"1, 1, 1, 2, 2, 2, 2, 6, 7, 8, 22, 38, 39, 60, 65"
3502,"1, 1, 1, 2, 2, 2, 3, 6, 8, 14, 15, 29, 40, 62, 70"
3503,"1, 1, 1, 1, 2, 3, 3, 3, 6, 13, 15, 29, 50, 57, 71"
3504,"1, 1, 1, 2, 4, 9, 11, 12, 26, 36, 48, 51, 54"
3505,"1, 1, 2, 2, 2, 2, 3, 3, 6, 8, 21, 22, 42, 70, 71"
3506,"1, 1, 1, 2, 2, 3, 3, 10, 11, 17, 43, 50, 52, 60"
3507,"1, 1, 1, 3, 3, 5, 7, 9, 13, 13, 18, 47, 52, 83"
3508,"1, 1, 1, 1, 2, 3, 3, 3, 7, 13, 25, 37, 48, 54, 57"
3509,"1, 1, 1, 2, 3, 3, 3, 4, 10, 11, 11, 17, 49, 58, 82"
3510,"1, 1, 1, 1, 1, 1, 2, 4, 4, 8, 14, 16, 29, 47, 58, 68"
3511,"1, 1, 2, 2, 3, 4, 8, 9, 10, 13, 30, 53, 54, 66"
3512,"1, 1, 1, 1, 1, 3, 4, 5, 10, 17, 18, 30, 43, 50, 71"
3513,"1, 1, 1, 1, 2, 5, 8, 10, 11, 31, 32, 35, 54, 64"
3514,"1, 1, 1, 1, 1, 1, 5, 9, 11, 11, 19, 19, 43, 51, 82"
3515,"1, 1, 1, 1, 2, 2, 2, 3, 9, 19, 24, 26, 43, 54, 68"
3516,"1, 1, 2, 2, 4, 4, 6, 8, 22, 40, 52, 56, 58"
3517,"1, 1, 1, 1, 2, 2, 3, 3, 6, 11, 21, 39, 50, 55, 60"
3518,"1, 1, 1, 1, 1, 2, 2, 4, 5, 6, 13, 18, 18, 42, 56, 85"
3519,"1, 1, 1, 1, 1, 2, 2, 4, 6, 19, 26, 27, 39, 52, 74"
3520,"1, 1, 1, 1, 1, 2, 2, 7, 8, 13, 24, 40, 47, 53, 55"
3521,"1, 1, 1, 1, 3, 3, 3, 6, 19, 29, 32, 43, 57, 57"
3522,"1, 1, 1, 1, 1, 1, 3, 7, 11, 13, 21, 23, 50, 55, 67"
3523,"1, 1, 1, 1, 1, 3, 3, 5, 13, 15, 20, 31, 41, 46, 74"
3524,"1, 1, 1, 2, 2, 5, 8, 10, 11, 13, 20, 50, 52, 80"
3525,"1, 1, 1, 1, 3, 3, 3, 9, 15, 25, 36, 47, 51, 60"
3526,"1, 1, 1, 1, 1, 2, 4, 9, 10, 12, 18, 25, 49, 52, 70"
3527,"1, 1, 1, 1, 2, 2, 3, 6, 19, 23, 28, 39, 51, 79"
3528,"1, 1, 1, 1, 1, 1, 2, 4, 5, 11, 11, 19, 19, 43, 47, 89"
3529,"1, 1, 1, 2, 3, 3, 7, 9, 17, 20, 25, 46, 51, 70"
3530,"1, 1, 1, 1, 2, 2, 3, 3, 5, 6, 7, 13, 30, 55, 55, 71"
3531,"1, 1, 1, 1, 1, 1, 2, 3, 6, 9, 10, 20, 25, 35, 69, 71"
3532,"1, 1, 2, 2, 4, 4, 6, 10, 12, 16, 30, 34, 64, 70"
3533,"1, 1, 1, 1, 1, 1, 1, 2, 3, 12, 14, 19, 44, 47, 48, 60"
3534,"1, 1, 1, 1, 1, 2, 3, 4, 4, 6, 12, 17, 29, 47, 56, 71"
3535,"1, 1, 1, 3, 3, 4, 5, 10, 18, 21, 24, 43, 50, 72"
3536,"1, 1, 1, 2, 2, 2, 8, 10, 11, 19, 42, 51, 52, 54"
3537,"1, 1, 1, 2, 3, 3, 5, 8, 16, 22, 31, 38, 53, 72"
3538,"1, 1, 1, 1, 1, 2, 6, 6, 12, 12, 13, 33, 46, 50, 71"
3539,"1, 1, 1, 1, 1, 2, 2, 7, 10, 16, 22, 39, 46, 51, 56"
3540,"1, 1, 1, 1, 1, 1, 2, 2, 5, 6, 12, 23, 39, 50, 55, 56"
3541,"1, 1, 1, 1, 1, 3, 3, 6, 6, 12, 15, 31, 39, 62, 74"
3542,"1, 1, 1, 1, 2, 2, 7, 9, 19, 28, 32, 43, 54, 56"
3543,"1, 1, 1, 2, 2, 2, 5, 7, 8, 8, 18, 20, 44, 53, 84"
3544,"1, 1, 1, 1, 2, 4, 4, 5, 22, 23, 25, 42, 54, 71"
3545,"1, 1, 1, 1, 2, 3, 7, 11, 15, 18, 27, 40, 61, 68"
3546,"1, 1, 1, 3, 4, 4, 4, 7, 11, 17, 30, 48, 53, 72"
3547,"1, 1, 1, 1, 4, 4, 7, 8, 9, 11, 24, 50, 56, 79"
3548,"1, 1, 1, 1, 2, 2, 3, 5, 14, 15, 20, 25, 30, 62, 74"
3549,"1, 1, 1, 1, 2, 3, 9, 9, 11, 19, 26, 36, 68, 69"
3550,"1, 1, 2, 4, 4, 6, 12, 20, 22, 26, 40, 48, 70"
3551,"1, 1, 1, 2, 2, 3, 3, 3, 8, 14, 15, 44, 48, 53, 58"
3552,"1, 1, 1, 1, 1, 2, 3, 7, 8, 15, 18, 24, 44, 44, 86"
3553,"1, 1, 2, 2, 3, 4, 4, 5, 9, 22, 40, 42, 54, 67"
3554,"1, 1, 1, 2, 2, 2, 3, 4, 7, 14, 22, 23, 46, 54, 74"
3555,"1, 1, 1, 1, 1, 3, 3, 4, 10, 13, 25, 34, 37, 57, 65"
3556,"1, 1, 1, 1, 10, 10, 13, 26, 36, 50, 53, 54"
3557,"1, 1, 2, 2, 4, 6, 10, 18, 25, 29, 42, 52, 64"
3558,"1, 1, 1, 1, 1, 2, 3, 3, 3, 5, 12, 25, 37, 48, 56, 57"
3559,"1, 1, 1, 2, 3, 4, 5, 6, 17, 23, 26, 42, 55, 70"
3560,"1, 1, 1, 1, 1, 2, 3, 7, 9, 10, 20, 36, 38, 57, 69"
3561,"1, 2, 3, 4, 4, 6, 9, 12, 12, 18, 51, 54, 80"
3562,"1, 1, 1, 1, 1, 1, 2, 2, 7, 7, 12, 16, 29, 40, 64, 71"
3563,"1, 1, 3, 3, 4, 6, 9, 17, 17, 28, 46, 51, 70"
3564,"1, 1, 1, 1, 5, 5, 7, 9, 11, 21, 26, 37, 64, 67"
3565,"1, 1, 2, 2, 2, 4, 8, 10, 12, 13, 32, 50, 53, 66"
3566,"1, 1, 1, 1, 1, 2, 2, 4, 5, 9, 12, 13, 17, 49, 56, 82"
3567,"1, 1, 1, 2, 4, 5, 7, 8, 11, 22, 22, 35, 68, 69"
3568,"1, 1, 1, 2, 2, 5, 7, 7, 12, 14, 32, 51, 55, 66"
3569,"1, 1, 1, 1, 1, 1, 3, 4, 10, 16, 17, 30, 45, 50, 75"
3570,"1, 1, 1, 1, 2, 3, 8, 8, 11, 21, 23, 51, 56, 69"
3571,"1, 1, 1, 3, 4, 5, 5, 6, 11, 19, 26, 51, 53, 70"
3572,"1, 1, 1, 1, 1, 2, 3, 3, 3, 4, 15, 20, 31, 41, 55, 74"
3573,"1, 1, 1, 2, 3, 4, 8, 9, 9, 14, 32, 51, 53, 68"
3574,"1, 1, 1, 1, 1, 1, 4, 4, 5, 8, 8, 19, 24, 37, 67, 74"
3575,"1, 1, 1, 1, 1, 3, 5, 7, 9, 12, 15, 27, 49, 54, 70"
3576,"1, 1, 2, 2, 2, 2, 6, 9, 10, 24, 38, 38, 55, 66"
3577,"1, 1, 1, 3, 3, 3, 9, 11, 11, 15, 18, 48, 49, 83"
3578,"1, 1, 1, 2, 2, 2, 2, 3, 7, 18, 21, 28, 44, 55, 69"
3579,"1, 1, 1, 2, 4, 4, 6, 8, 20, 20, 23, 42, 54, 70"
3580,"1, 1, 2, 3, 3, 7, 7, 9, 29, 40, 46, 54, 54"
3581,"1, 1, 1, 2, 2, 2, 6, 9, 18, 22, 28, 38, 56, 70"
3582,"1, 1, 1, 2, 2, 3, 8, 9, 19, 22, 24, 43, 51, 70"
3583,"1, 1, 1, 2, 2, 3, 5, 11, 13, 16, 44, 50, 51, 56"
3584,"1, 1, 2, 4, 5, 12, 15, 19, 46, 48, 103"
3585,"1, 1, 1, 1, 2, 4, 4, 8, 17, 24, 30, 39, 52, 72"
3586,"1, 1, 1, 1, 2, 2, 4, 6, 8, 13, 16, 32, 38, 62, 69"
3587,"1, 1, 1, 2, 6, 16, 30, 94, 105"
3588,"1, 1, 2, 3, 3, 3, 4, 9, 9, 16, 42, 52, 53, 58"
3589,"1, 1, 1, 1, 3, 4, 6, 7, 17, 27, 33, 45, 54, 56"
3590,"1, 1, 2, 2, 4, 4, 5, 7, 11, 20, 23, 50, 58, 68"
3591,"1, 1, 1, 1, 1, 1, 2, 4, 4, 7, 8, 18, 28, 39, 69, 71"
3592,"1, 1, 1, 1, 4, 4, 6, 8, 10, 29, 30, 35, 52, 74"
3593,"1, 1, 1, 1, 2, 2, 3, 3, 4, 5, 14, 16, 27, 47, 56, 73"
3594,"1, 1, 1, 1, 2, 3, 6, 13, 14, 14, 17, 48, 56, 79"
3595,"1, 1, 1, 1, 2, 3, 4, 7, 8, 14, 16, 16, 46, 53, 83"
3596,"1, 1, 1, 1, 2, 3, 3, 8, 9, 11, 15, 29, 51, 51, 70"
3597,"1, 1, 2, 2, 3, 8, 8, 20, 25, 36, 38, 54, 58"
3598,"1, 1, 1, 2, 4, 4, 8, 12, 13, 15, 15, 48, 52, 80"
3599,"1, 1, 1, 1, 3, 4, 4, 6, 6, 7, 19, 26, 39, 69, 69"
3600,"1, 1, 1, 2, 3, 4, 4, 5, 14, 25, 29, 42, 54, 71"
3601,"1, 1, 1, 3, 7, 10, 10, 10, 15, 22, 47, 54, 75"
3602,"1, 1, 1, 2, 2, 3, 4, 5, 17, 23, 29, 42, 54, 72"
3603,"1, 1, 1, 1, 2, 2, 2, 5, 8, 13, 17, 29, 50, 56, 68"
3604,"1, 1, 1, 2, 2, 2, 3, 4, 5, 9, 12, 33, 54, 57, 70"
3605,"1, 1, 2, 3, 5, 13, 27, 95, 109"
3606,"1, 1, 1, 1, 1, 2, 2, 6, 7, 7, 21, 39, 55, 56, 56"
3607,"1, 1, 1, 1, 2, 3, 6, 6, 7, 12, 17, 18, 45, 53, 83"
3608,"1, 1, 1, 1, 2, 2, 3, 4, 6, 18, 29, 31, 44, 56, 57"
3609,"1, 1, 1, 1, 1, 1, 2, 3, 3, 4, 11, 15, 35, 43, 63, 71"
3610,"1, 1, 1, 1, 3, 5, 7, 9, 18, 20, 27, 44, 50, 69"
3611,"1, 1, 2, 3, 4, 10, 11, 15, 16, 30, 36, 61, 66"
3612,"1, 1, 1, 1, 2, 2, 2, 6, 8, 20, 22, 22, 42, 54, 72"
3613,"1, 1, 1, 1, 2, 3, 5, 5, 5, 9, 15, 37, 40, 59, 72"
3614,"1, 1, 1, 1, 1, 2, 3, 3, 4, 5, 15, 17, 27, 47, 57, 71"
3615,"1, 1, 2, 3, 5, 7, 11, 16, 20, 28, 44, 48, 70"
3616,"1, 1, 1, 1, 1, 2, 3, 4, 4, 13, 17, 42, 45, 56, 65"
3617,"1, 1, 1, 1, 2, 2, 6, 6, 8, 9, 18, 28, 37, 68, 68"
3618,"1, 1, 1, 1, 1, 2, 2, 2, 5, 13, 19, 42, 44, 57, 65"
3619,"1, 1, 1, 1, 2, 2, 3, 7, 8, 11, 22, 24, 34, 69, 70"
3620,"1, 1, 1, 1, 1, 3, 3, 3, 7, 17, 21, 23, 45, 60, 69"
3621,"1, 1, 1, 1, 2, 3, 9, 13, 14, 15, 33, 47, 48, 68"
3622,"1, 1, 1, 1, 1, 2, 3, 5, 7, 12, 16, 30, 49, 54, 73"
3623,"1, 1, 2, 2, 3, 10, 13, 13, 18, 28, 47, 50, 68"
3624,"1, 1, 2, 2, 2, 4, 8, 10, 12, 16, 20, 46, 50, 82"
3625,"1, 1, 1, 2, 2, 3, 4, 6, 10, 13, 13, 17, 45, 56, 82"
3626,"1, 1, 1, 2, 2, 5, 7, 13, 14, 14, 16, 46, 58, 76"
3627,"1, 1, 1, 1, 2, 2, 3, 6, 8, 13, 21, 23, 49, 55, 70"
3628,"1, 1, 1, 1, 1, 3, 6, 6, 7, 13, 13, 17, 46, 52, 88"
3629,"1, 1, 1, 1, 3, 3, 3, 5, 7, 17, 18, 28, 43, 53, 72"
3630,"1, 1, 1, 1, 2, 2, 2, 4, 4, 6, 10, 14, 32, 39, 67, 70"
3631,"1, 1, 1, 1, 2, 2, 9, 11, 15, 26, 35, 46, 52, 54"
3632,"1, 1, 2, 2, 5, 6, 8, 13, 25, 33, 48, 54, 58"
3633,"1, 2, 2, 3, 5, 7, 9, 17, 18, 26, 46, 54, 66"
3634,"1, 1, 2, 2, 2, 2, 10, 11, 12, 16, 29, 50, 50, 68"
3635,"1, 1, 2, 2, 3, 4, 6, 9, 16, 16, 30, 44, 52, 70"
3636,"1, 1, 2, 3, 4, 7, 8, 18, 21, 29, 36, 56, 70"
3637,"1, 1, 2, 2, 4, 8, 12, 21, 22, 24, 41, 50, 68"
3638,"1, 1, 1, 1, 1, 3, 4, 5, 7, 10, 24, 36, 51, 55, 56"
3639,"1, 1, 1, 2, 2, 3, 7, 14, 19, 20, 25, 28, 63, 70"
3640,"1, 1, 3, 4, 5, 6, 7, 20, 21, 26, 38, 54, 70"
3641,"1, 1, 1, 1, 1, 2, 2, 3, 3, 5, 10, 17, 28, 51, 57, 73"
3642,"1, 1, 1, 1, 2, 2, 3, 7, 8, 11, 16, 30, 40, 65, 68"
3643,"1, 1, 1, 1, 2, 2, 4, 6, 10, 14, 22, 24, 32, 65, 71"
3644,"1, 1, 2, 2, 2, 8, 14, 23, 24, 27, 34, 48, 70"
3645,"1, 1, 2, 2, 3, 3, 6, 7, 13, 17, 28, 40, 64, 69"
3646,"1, 1, 3, 3, 4, 4, 10, 11, 30, 30, 36, 57, 66"
3647,"1, 1, 1, 1, 2, 3, 4, 5, 10, 11, 22, 23, 35, 64, 73"
3648,"1, 1, 2, 2, 3, 4, 7, 8, 11, 14, 28, 40, 65, 70"
3649,"1, 1, 1, 1, 1, 1, 3, 4, 8, 9, 10, 13, 33, 51, 52, 67"
3650,"1, 1, 2, 3, 3, 3, 4, 5, 16, 29, 32, 43, 56, 58"
3651,"1, 1, 1, 1, 2, 3, 4, 6, 7, 10, 11, 35, 52, 52, 70"
3652,"1, 1, 1, 1, 1, 2, 2, 4, 8, 14, 22, 39, 47, 55, 58"
3653,"1, 1, 2, 3, 6, 6, 10, 15, 15, 30, 40, 63, 64"
3654,"1, 1, 1, 2, 2, 3, 8, 11, 15, 23, 23, 46, 54, 66"
3655,"1, 1, 1, 2, 3, 5, 6, 8, 12, 15, 18, 47, 55, 82"
3656,"1, 1, 1, 1, 2, 2, 3, 5, 7, 8, 23, 37, 41, 56, 68"
3657,"1, 1, 1, 1, 1, 3, 4, 8, 9, 14, 20, 27, 32, 67, 67"
3658,"1, 1, 1, 1, 1, 2, 2, 2, 6, 8, 13, 16, 33, 38, 60, 71"
3659,"1, 1, 1, 1, 1, 1, 2, 2, 5, 8, 18, 23, 24, 42, 53, 73"
3660,"1, 1, 1, 1, 2, 6, 10, 10, 10, 16, 22, 45, 56, 75"
3661,"1, 1, 2, 3, 4, 5, 5, 6, 8, 18, 24, 41, 66, 72"
3662,"1, 2, 3, 4, 7, 14, 17, 22, 24, 46, 54, 62"
3663,"1, 1, 1, 2, 2, 3, 9, 9, 10, 18, 36, 38, 58, 68"
3664,"1, 1, 1, 1, 1, 1, 1, 2, 3, 7, 18, 29, 34, 42, 55, 59"
3665,"1, 1, 1, 1, 1, 2, 4, 5, 8, 11, 19, 43, 50, 51, 58"
3666,"1, 1, 2, 4, 5, 6, 11, 13, 22, 24, 49, 54, 64"
3667,"1, 1, 1, 1, 3, 4, 4, 5, 8, 9, 12, 23, 47, 50, 87"
3668,"1, 1, 2, 2, 2, 6, 6, 8, 15, 16, 29, 46, 54, 68"
3669,"1, 1, 1, 1, 1, 1, 2, 5, 7, 8, 9, 17, 29, 37, 68, 68"
3670,"1, 1, 1, 1, 1, 5, 5, 5, 5, 16, 19, 23, 45, 58, 70"
3671,"1, 1, 1, 1, 1, 1, 1, 5, 5, 9, 16, 21, 25, 45, 58, 65"
3672,"1, 1, 1, 1, 1, 4, 5, 5, 6, 13, 15, 31, 48, 54, 70"
3673,"1, 1, 1, 1, 3, 3, 5, 7, 15, 15, 32, 45, 55, 72"
3674,"1, 1, 1, 1, 1, 2, 3, 5, 6, 13, 23, 37, 49, 56, 57"
3675,"1, 1, 1, 2, 3, 3, 9, 9, 9, 19, 42, 52, 52, 53"
3676,"1, 2, 2, 2, 4, 4, 6, 20, 23, 26, 46, 50, 70"
3677,"1, 1, 1, 1, 1, 1, 2, 3, 9, 11, 12, 14, 21, 47, 50, 81"
3678,"1, 1, 1, 1, 3, 3, 7, 13, 15, 17, 32, 34, 59, 69"
3679,"1, 1, 2, 3, 3, 3, 7, 9, 11, 13, 31, 50, 52, 70"
3680,"1, 1, 1, 3, 3, 3, 5, 11, 15, 15, 33, 46, 47, 72"
3681,"1, 1, 1, 1, 2, 3, 3, 5, 5, 13, 14, 28, 49, 60, 70"
3682,"1, 1, 1, 1, 2, 2, 2, 2, 10, 17, 25, 37, 44, 52, 59"
3683,"1, 1, 1, 1, 2, 2, 5, 7, 9, 12, 18, 20, 40, 53, 84"
3684,"1, 1, 1, 1, 2, 2, 7, 7, 15, 26, 36, 48, 54, 55"
3685,"1, 1, 3, 3, 5, 9, 9, 11, 17, 28, 52, 53, 64"
3686,"1, 1, 1, 1, 1, 1, 1, 1, 2, 7, 7, 12, 17, 29, 49, 55, 70"
3687,"1, 1, 1, 2, 6, 16, 33, 91, 105"
3688,"1, 1, 1, 1, 1, 2, 2, 8, 12, 14, 14, 16, 49, 54, 80"
3689,"1, 1, 1, 2, 2, 3, 6, 8, 19, 21, 28, 44, 54, 66"
3690,"1, 1, 1, 1, 1, 2, 2, 4, 7, 20, 21, 39, 41, 57, 58"
3691,"1, 1, 1, 1, 2, 3, 6, 6, 6, 7, 19, 24, 39, 68, 72"
3692,"1, 1, 1, 1, 2, 2, 3, 3, 8, 18, 22, 23, 44, 57, 70"
3693,"1, 1, 1, 2, 3, 3, 3, 7, 8, 9, 10, 33, 53, 54, 68"
3694,"1, 1, 1, 2, 2, 4, 4, 5, 5, 9, 15, 30, 52, 56, 69"
3695,"1, 1, 1, 1, 3, 3, 6, 9, 12, 16, 20, 27, 73, 83"
3696,"1, 1, 1, 2, 4, 4, 8, 8, 11, 22, 24, 36, 67, 67"
3697,"1, 1, 1, 1, 1, 1, 3, 5, 7, 7, 8, 11, 35, 50, 54, 70"
3698,"1, 1, 1, 1, 1, 2, 2, 3, 3, 3, 18, 19, 28, 43, 57, 73"
3699,"1, 1, 1, 1, 1, 3, 4, 5, 8, 14, 16, 39, 45, 45, 72"
3700,"1, 1, 1, 3, 4, 10, 11, 16, 17, 18, 44, 44, 86"
3701,"1, 1, 1, 1, 2, 3, 5, 5, 8, 9, 26, 35, 37, 56, 66"
3702,"1, 1, 2, 3, 4, 6, 6, 16, 22, 30, 42, 53, 70"
3703,"1, 1, 1, 1, 1, 3, 7, 9, 16, 22, 25, 46, 60, 63"
3704,"1, 1, 1, 1, 1, 1, 2, 2, 3, 6, 16, 21, 39, 45, 56, 60"
3705,"1, 1, 1, 2, 2, 3, 8, 9, 22, 22, 24, 37, 54, 70"
3706,"1, 1, 2, 2, 2, 3, 8, 9, 13, 22, 39, 48, 52, 54"
3707,"1, 1, 1, 1, 1, 1, 2, 9, 10, 10, 14, 22, 48, 51, 84"
3708,"1, 1, 1, 2, 2, 3, 6, 7, 16, 30, 31, 44, 56, 56"
3709,"1, 1, 1, 3, 5, 6, 6, 9, 9, 12, 22, 47, 50, 84"
3710,"1, 1, 1, 1, 1, 2, 2, 3, 4, 4, 14, 25, 35, 47, 57, 58"
3711,"1, 1, 1, 2, 4, 6, 6, 8, 9, 19, 27, 38, 66, 68"
3712,"1, 1, 1, 5, 7, 9, 9, 11, 19, 28, 36, 64, 65"
3713,"1, 1, 1, 1, 1, 2, 3, 3, 6, 9, 13, 15, 18, 43, 55, 84"
3714,"1, 1, 1, 1, 2, 4, 9, 9, 12, 13, 18, 50, 54, 81"
3715,"1, 1, 1, 1, 3, 3, 9, 10, 13, 17, 27, 49, 54, 67"
3716,"1, 1, 1, 1, 1, 1, 2, 2, 2, 8, 10, 17, 45, 52, 53, 59"
3717,"1, 1, 1, 1, 2, 2, 11, 12, 15, 20, 26, 47, 51, 66"
3718,"1, 1, 1, 1, 2, 2, 2, 5, 12, 16, 16, 29, 46, 50, 72"
3719,"1, 1, 1, 2, 2, 3, 3, 5, 5, 15, 20, 30, 40, 56, 72"
3720,"1, 1, 1, 1, 2, 2, 3, 8, 9, 11, 18, 28, 51, 53, 67"
3721,"1, 1, 1, 1, 2, 3, 6, 6, 13, 23, 36, 50, 56, 57"
3722,"1, 1, 2, 2, 3, 5, 9, 9, 9, 18, 26, 37, 66, 68"
3723,"1, 1, 2, 2, 3, 4, 6, 7, 20, 21, 26, 40, 53, 70"
3724,"1, 1, 1, 1, 2, 3, 5, 7, 8, 9, 21, 26, 36, 66, 69"
3725,"1, 1, 1, 1, 2, 3, 4, 4, 5, 14, 24, 35, 47, 56, 58"
3726,"1, 1, 1, 1, 1, 2, 4, 8, 10, 12, 19, 28, 51, 51, 66"
3727,"1, 1, 1, 1, 2, 4, 4, 6, 9, 10, 16, 31, 35, 64, 71"
3728,"1, 1, 1, 1, 1, 1, 2, 2, 4, 9, 9, 20, 41, 53, 53, 57"
3729,"1, 1, 1, 2, 2, 4, 4, 5, 7, 12, 16, 29, 48, 52, 72"
3730,"1, 1, 1, 1, 3, 3, 7, 11, 12, 21, 23, 50, 56, 66"
3731,"1, 1, 2, 3, 5, 5, 10, 13, 21, 37, 50, 52, 56"
3732,"1, 1, 1, 2, 2, 2, 2, 5, 5, 16, 22, 38, 46, 53, 60"
3733,"1, 1, 1, 1, 1, 2, 3, 3, 3, 5, 12, 24, 37, 49, 55, 58"
3734,"1, 1, 1, 1, 2, 2, 4, 6, 10, 17, 18, 29, 42, 52, 70"
3735,"1, 1, 2, 2, 2, 2, 4, 8, 12, 15, 32, 44, 61, 70"
3736,"1, 1, 1, 3, 3, 3, 4, 9, 11, 28, 31, 36, 57, 68"
3737,"1, 1, 1, 1, 2, 2, 3, 5, 8, 14, 19, 40, 48, 53, 58"
3738,"1, 1, 1, 1, 2, 3, 3, 3, 6, 16, 29, 32, 45, 56, 57"
3739,"1, 1, 1, 1, 1, 1, 2, 4, 7, 8, 9, 10, 24, 51, 52, 83"
3740,"1, 1, 1, 1, 1, 2, 7, 8, 13, 19, 26, 49, 55, 72"
3741,"1, 1, 1, 1, 1, 2, 4, 5, 6, 16, 18, 29, 42, 60, 69"
3742,"1, 1, 1, 1, 1, 1, 3, 3, 3, 5, 15, 22, 31, 41, 53, 74"
3743,"1, 1, 1, 2, 2, 2, 6, 8, 12, 23, 38, 50, 54, 56"
3744,"1, 1, 2, 3, 3, 3, 5, 9, 9, 17, 42, 52, 53, 56"
3745,"1, 1, 1, 1, 1, 1, 2, 2, 4, 5, 15, 23, 38, 47, 56, 58"
3746,"1, 1, 1, 1, 2, 4, 7, 8, 9, 16, 30, 52, 54, 70"
3747,"1, 1, 2, 2, 2, 4, 4, 6, 19, 28, 31, 42, 56, 58"
3748,"1, 1, 1, 3, 3, 4, 6, 18, 21, 30, 41, 54, 73"
3749,"1, 1, 1, 1, 1, 3, 5, 5, 7, 11, 21, 22, 35, 71, 71"
3750,"1, 1, 1, 1, 1, 1, 2, 3, 3, 5, 12, 23, 37, 50, 57, 58"
3751,"1, 1, 1, 1, 1, 4, 5, 8, 9, 10, 18, 21, 43, 51, 82"
3752,"1, 1, 1, 2, 4, 5, 7, 10, 12, 14, 31, 48, 52, 68"
3753,"1, 1, 1, 2, 2, 2, 4, 4, 6, 16, 22, 28, 38, 55, 74"
3754,"1, 1, 1, 2, 3, 3, 5, 10, 13, 17, 27, 42, 63, 68"
3755,"1, 1, 1, 2, 2, 3, 11, 28, 96, 111"
3756,"1, 1, 1, 2, 4, 4, 4, 8, 18, 21, 40, 44, 52, 56"
3757,"1, 1, 1, 1, 3, 5, 7, 7, 16, 18, 30, 44, 54, 68"
3758,"1, 1, 1, 2, 2, 3, 7, 11, 12, 19, 34, 35, 56, 72"
3759,"1, 1, 1, 1, 1, 2, 2, 5, 5, 6, 7, 17, 29, 39, 68, 71"
3760,"1, 1, 1, 1, 1, 1, 1, 2, 3, 5, 13, 17, 41, 43, 60, 65"
3761,"1, 1, 1, 1, 2, 2, 3, 5, 9, 10, 10, 19, 50, 62, 80"
3762,"1, 1, 1, 3, 3, 4, 8, 8, 11, 13, 34, 50, 51, 68"
3763,"1, 1, 1, 2, 2, 2, 4, 6, 6, 15, 18, 27, 46, 55, 70"
3764,"1, 1, 1, 2, 2, 2, 2, 2, 6, 15, 20, 41, 42, 56, 63"
3765,"1, 1, 1, 1, 2, 3, 3, 5, 22, 24, 37, 42, 56, 58"
3766,"1, 1, 1, 2, 2, 3, 8, 14, 15, 15, 31, 46, 47, 70"
3767,"1, 1, 1, 2, 2, 4, 6, 8, 16, 23, 38, 46, 50, 58"
3768,"1, 1, 1, 2, 2, 2, 3, 7, 8, 8, 18, 25, 39, 69, 70"
3769,"1, 1, 3, 3, 5, 5, 5, 5, 7, 13, 29, 40, 69, 70"
3770,"1, 1, 1, 2, 3, 4, 4, 6, 11, 12, 35, 40, 65, 71"
3771,"1, 1, 1, 1, 1, 2, 5, 7, 8, 13, 19, 27, 49, 52, 69"
3772,"1, 1, 1, 3, 3, 5, 5, 11, 11, 21, 23, 36, 64, 71"
3773,"1, 1, 1, 1, 2, 4, 9, 12, 16, 18, 28, 34, 59, 70"
3774,"1, 1, 1, 1, 1, 1, 2, 2, 4, 4, 6, 8, 21, 25, 37, 70, 71"
3775,"1, 1, 2, 2, 2, 3, 3, 6, 22, 26, 34, 42, 56, 56"
3776,"1, 1, 1, 2, 2, 2, 3, 4, 5, 11, 19, 26, 36, 70, 73"
3777,"1, 1, 1, 1, 2, 2, 3, 5, 8, 20, 21, 25, 42, 54, 70"
3778,"1, 1, 1, 2, 2, 2, 4, 6, 8, 16, 18, 26, 45, 56, 68"
3779,"1, 1, 1, 1, 2, 3, 3, 3, 7, 15, 23, 38, 47, 54, 57"
3780,"1, 1, 1, 2, 2, 4, 6, 7, 11, 30, 31, 50, 54, 56"
3781,"1, 1, 1, 1, 2, 2, 4, 5, 5, 13, 23, 23, 40, 62, 73"
3782,"1, 1, 2, 3, 5, 7, 8, 10, 16, 32, 40, 61, 70"
3783,"1, 1, 1, 2, 2, 3, 3, 5, 6, 11, 18, 28, 54, 55, 66"
3784,"1, 1, 1, 2, 2, 3, 4, 5, 6, 13, 18, 26, 49, 54, 71"
3785,"1, 1, 1, 1, 1, 1, 2, 8, 11, 14, 15, 33, 48, 50, 69"
3786,"1, 1, 1, 1, 2, 2, 3, 5, 5, 18, 23, 27, 41, 54, 72"
3787,"1, 1, 1, 2, 2, 3, 3, 4, 5, 17, 22, 29, 42, 52, 72"
3788,"1, 1, 1, 1, 2, 5, 8, 11, 14, 15, 17, 45, 55, 80"
3789,"1, 1, 1, 1, 2, 3, 4, 6, 10, 13, 14, 31, 36, 61, 72"
3790,"1, 1, 2, 3, 5, 9, 11, 13, 13, 34, 46, 50, 68"
3791,"1, 1, 1, 1, 1, 2, 2, 3, 4, 9, 13, 14, 33, 41, 62, 68"
3792,"1, 1, 1, 1, 1, 2, 3, 5, 7, 17, 25, 29, 39, 52, 72"
3793,"1, 1, 1, 1, 2, 2, 4, 4, 10, 12, 13, 32, 50, 52, 71"
3794,"1, 1, 1, 2, 2, 3, 4, 10, 15, 23, 38, 45, 51, 60"
3795,"1, 1, 1, 2, 2, 4, 6, 6, 18, 30, 32, 44, 53, 56"
3796,"1, 1, 1, 1, 2, 3, 3, 3, 11, 18, 22, 27, 40, 50, 73"
3797,"1, 1, 1, 2, 4, 4, 4, 8, 16, 26, 36, 45, 52, 56"
3798,"1, 1, 1, 1, 1, 1, 2, 4, 6, 6, 14, 18, 29, 47, 55, 69"
3799,"1, 1, 2, 3, 3, 3, 10, 11, 27, 42, 50, 51, 52"
3800,"1, 1, 1, 1, 1, 3, 4, 4, 13, 14, 23, 31, 39, 56, 64"
3801,"1, 1, 1, 2, 2, 5, 7, 9, 15, 17, 30, 44, 54, 68"
3802,"1, 1, 1, 1, 1, 2, 8, 11, 13, 21, 25, 48, 55, 68"
3803,"1, 1, 1, 2, 5, 5, 7, 9, 9, 20, 26, 37, 65, 68"
3804,"1, 1, 1, 1, 1, 2, 2, 2, 3, 10, 12, 27, 33, 33, 59, 68"
3805,"1, 1, 1, 1, 2, 4, 4, 7, 8, 8, 19, 26, 39, 67, 68"
3806,"1, 1, 2, 2, 3, 4, 4, 5, 16, 25, 27, 40, 52, 74"
3807,"1, 1, 1, 1, 1, 1, 1, 2, 3, 7, 10, 11, 12, 17, 49, 55, 83"
3808,"1, 1, 3, 3, 4, 5, 6, 13, 20, 41, 50, 53, 56"
3809,"1, 1, 1, 1, 1, 2, 5, 6, 9, 13, 18, 33, 40, 60, 65"
3810,"1, 1, 1, 1, 2, 2, 4, 4, 4, 16, 23, 32, 40, 53, 72"
3811,"1, 1, 1, 2, 2, 4, 8, 10, 18, 22, 24, 43, 54, 66"
3812,"1, 1, 1, 1, 1, 2, 2, 2, 6, 7, 12, 14, 31, 40, 64, 71"
3813,"1, 1, 1, 1, 1, 2, 2, 3, 5, 5, 9, 18, 42, 53, 55, 57"
3814,"1, 1, 1, 1, 2, 3, 7, 11, 13, 24, 38, 49, 49, 56"
3815,"1, 1, 1, 2, 2, 4, 6, 9, 12, 19, 21, 44, 48, 86"
3816,"1, 1, 1, 1, 3, 3, 4, 5, 11, 21, 38, 51, 56, 60"
3817,"1, 2, 4, 5, 7, 7, 8, 16, 30, 52, 56, 68"
3818,"1, 1, 1, 1, 1, 3, 4, 5, 8, 17, 17, 29, 44, 52, 72"
3819,"1, 1, 1, 1, 1, 2, 4, 6, 7, 15, 19, 30, 44, 54, 70"
3820,"1, 1, 1, 2, 4, 4, 4, 6, 14, 17, 17, 46, 54, 85"
3821,"1, 1, 1, 1, 2, 2, 3, 4, 6, 14, 24, 37, 47, 55, 58"
3822,"1, 1, 1, 2, 3, 4, 4, 10, 17, 19, 26, 45, 51, 72"
3823,"1, 1, 1, 1, 2, 5, 6, 6, 18, 28, 34, 44, 51, 58"
3824,"1, 1, 1, 3, 4, 6, 8, 18, 22, 29, 42, 53, 68"
3825,"1, 1, 1, 1, 2, 2, 7, 10, 17, 24, 37, 40, 52, 61"
3826,"1, 1, 1, 1, 2, 3, 3, 6, 7, 13, 19, 27, 47, 55, 70"
3827,"1, 1, 1, 2, 3, 3, 4, 4, 5, 12, 21, 24, 34, 70, 71"
3828,"1, 1, 1, 1, 2, 3, 3, 5, 8, 12, 15, 32, 39, 63, 70"
3829,"1, 1, 2, 2, 3, 3, 5, 7, 12, 19, 35, 38, 58, 70"
3830,"1, 1, 1, 1, 1, 2, 2, 6, 6, 17, 20, 30, 41, 57, 70"
3831,"1, 1, 1, 2, 3, 3, 3, 9, 16, 26, 38, 44, 52, 57"
3832,"1, 2, 2, 2, 3, 6, 7, 15, 26, 34, 46, 54, 58"
3833,"1, 1, 1, 1, 2, 2, 6, 6, 8, 12, 15, 20, 45, 55, 81"
3834,"1, 1, 1, 2, 3, 5, 6, 9, 12, 13, 34, 40, 63, 66"
3835,"1, 1, 1, 2, 2, 2, 3, 3, 12, 12, 16, 45, 48, 50, 58"
3836,"1, 1, 1, 2, 2, 3, 4, 4, 4, 15, 16, 30, 40, 59, 74"
3837,"1, 1, 1, 4, 5, 8, 11, 12, 14, 23, 48, 48, 80"
3838,"1, 1, 1, 1, 2, 2, 3, 8, 8, 11, 13, 33, 50, 53, 69"
3839,"1, 1, 1, 2, 3, 6, 8, 8, 12, 15, 30, 50, 54, 65"
3840,"1, 1, 1, 2, 2, 3, 8, 8, 15, 15, 28, 48, 55, 69"
3841,"1, 2, 3, 3, 3, 5, 7, 19, 29, 32, 42, 54, 56"
3842,"1, 1, 1, 1, 2, 2, 2, 3, 6, 18, 27, 35, 41, 56, 60"
3843,"1, 1, 1, 7, 13, 38, 92, 103"
3844,"1, 1, 2, 3, 6, 8, 9, 15, 16, 19, 44, 52, 80"
3845,"1, 1, 1, 1, 2, 2, 3, 7, 9, 14, 16, 30, 37, 63, 69"
3846,"1, 1, 1, 1, 2, 2, 8, 8, 8, 29, 32, 36, 56, 71"
3847,"1, 1, 2, 2, 3, 4, 6, 17, 27, 36, 43, 56, 58"
3848,"1, 1, 2, 2, 3, 3, 6, 7, 13, 23, 38, 48, 53, 56"
3849,"1, 1, 1, 2, 3, 5, 6, 7, 8, 20, 26, 43, 65, 68"
3850,"1, 1, 1, 1, 2, 3, 3, 4, 8, 15, 15, 30, 48, 51, 73"
3851,"1, 1, 1, 1, 1, 2, 2, 4, 7, 13, 22, 39, 48, 56, 58"
3852,"1, 1, 1, 1, 1, 2, 5, 6, 7, 14, 15, 20, 41, 57, 84"
3853,"1, 1, 1, 1, 2, 2, 2, 4, 5, 17, 28, 32, 46, 57, 57"
3854,"1, 1, 1, 1, 1, 2, 2, 4, 5, 8, 9, 12, 16, 29, 81, 83"
3855,"1, 2, 5, 6, 9, 10, 11, 18, 28, 38, 64, 64"
3856,"1, 2, 2, 2, 3, 4, 5, 5, 17, 19, 22, 44, 56, 74"
3857,"1, 1, 1, 1, 3, 5, 6, 6, 13, 15, 32, 49, 56, 67"
3858,"1, 1, 1, 1, 2, 2, 3, 7, 9, 10, 13, 21, 51, 54, 80"
3859,"1, 1, 1, 1, 1, 4, 5, 7, 10, 11, 17, 19, 45, 50, 83"
3860,"1, 1, 2, 2, 3, 3, 6, 9, 15, 21, 22, 47, 56, 68"
3861,"1, 1, 1, 2, 2, 2, 7, 8, 14, 20, 25, 39, 64, 70"
3862,"1, 1, 1, 1, 1, 1, 1, 2, 2, 6, 8, 9, 21, 25, 37, 68, 71"
3863,"1, 1, 1, 2, 2, 2, 6, 7, 12, 24, 37, 39, 54, 68"
3864,"1, 1, 1, 2, 3, 4, 7, 8, 13, 15, 18, 48, 49, 86"
3865,"1, 1, 2, 2, 3, 3, 7, 9, 14, 17, 21, 40, 52, 84"
3866,"1, 1, 1, 1, 2, 3, 3, 4, 9, 17, 17, 27, 45, 52, 73"
3867,"1, 1, 1, 1, 2, 2, 3, 4, 6, 7, 8, 10, 35, 52, 53, 70"
3868,"1, 1, 1, 2, 2, 2, 8, 10, 15, 18, 28, 47, 52, 69"
3869,"1, 1, 1, 1, 2, 3, 4, 4, 5, 16, 20, 29, 42, 55, 72"
3870,"1, 1, 1, 4, 4, 6, 10, 18, 18, 26, 43, 58, 66"
3871,"1, 1, 1, 1, 1, 1, 5, 11, 11, 12, 12, 19, 47, 49, 84"
3872,"1, 1, 1, 1, 1, 1, 1, 2, 5, 8, 12, 15, 33, 42, 63, 69"
3873,"1, 1, 1, 1, 2, 2, 3, 3, 5, 16, 22, 40, 42, 56, 61"
3874,"1, 1, 1, 4, 5, 6, 9, 11, 20, 24, 53, 58, 63"
3875,"1, 1, 1, 1, 2, 4, 4, 6, 6, 13, 17, 28, 49, 54, 69"
3876,"1, 1, 1, 1, 1, 2, 2, 4, 10, 20, 22, 27, 42, 55, 67"
3877,"1, 2, 2, 2, 2, 8, 12, 17, 18, 30, 44, 50, 68"
3878,"1, 1, 1, 1, 1, 2, 3, 4, 8, 11, 25, 37, 50, 51, 60"
3879,"1, 1, 1, 2, 2, 2, 2, 6, 7, 10, 14, 32, 54, 55, 67"
3880,"1, 1, 1, 1, 2, 4, 4, 6, 8, 11, 12, 31, 51, 53, 70"
3881,"1, 1, 1, 1, 1, 2, 3, 5, 7, 18, 30, 31, 44, 53, 58"
3882,"1, 1, 1, 1, 2, 2, 2, 4, 11, 12, 23, 34, 39, 60, 63"
3883,"1, 1, 2, 3, 4, 11, 12, 16, 16, 18, 42, 48, 82"
3884,"1, 1, 1, 1, 2, 2, 4, 4, 9, 10, 17, 29, 36, 65, 74"
3885,"1, 1, 1, 1, 1, 1, 3, 9, 13, 13, 13, 18, 48, 54, 79"
3886,"1, 1, 1, 1, 1, 3, 4, 6, 7, 13, 16, 33, 38, 61, 70"
3887,"1, 1, 2, 2, 2, 2, 2, 2, 8, 16, 17, 38, 45, 58, 60"
3888,"1, 1, 1, 1, 2, 2, 7, 10, 17, 29, 33, 44, 52, 56"
3889,"1, 1, 1, 1, 2, 4, 4, 5, 11, 11, 12, 17, 51, 56, 79"
3890,"1, 1, 1, 1, 2, 4, 4, 8, 10, 11, 16, 18, 45, 52, 82"
3891,"1, 2, 3, 3, 3, 5, 7, 16, 17, 29, 46, 54, 70"
3892,"1, 1, 1, 1, 2, 2, 6, 9, 21, 22, 38, 39, 55, 58"
3893,"1, 1, 1, 1, 1, 2, 2, 6, 6, 6, 12, 18, 18, 43, 55, 83"
3894,"1, 1, 1, 2, 3, 5, 5, 7, 16, 17, 30, 46, 51, 71"
3895,"1, 1, 1, 1, 2, 2, 2, 4, 5, 22, 22, 25, 42, 51, 75"
3896,"1, 1, 2, 2, 2, 3, 8, 11, 13, 14, 31, 48, 50, 70"
3897,"1, 1, 1, 1, 1, 1, 2, 2, 3, 10, 15, 21, 42, 45, 51, 59"
3898,"1, 1, 1, 1, 2, 3, 3, 4, 6, 19, 20, 25, 42, 58, 70"
3899,"1, 1, 1, 1, 1, 1, 1, 2, 5, 6, 15, 19, 40, 43, 56, 63"
3900,"1, 1, 1, 1, 2, 2, 2, 2, 8, 16, 23, 40, 42, 54, 61"
3901,"1, 2, 2, 2, 3, 3, 5, 6, 11, 20, 26, 34, 69, 72"
3902,"1, 1, 1, 1, 1, 2, 2, 4, 5, 27, 27, 36, 41, 49, 58"
3903,"1, 1, 1, 1, 2, 3, 4, 6, 7, 7, 25, 37, 38, 54, 69"
3904,"1, 1, 1, 1, 2, 4, 4, 10, 14, 15, 33, 43, 62, 65"
3905,"1, 2, 2, 3, 6, 15, 17, 20, 40, 46, 46, 58"
3906,"1, 1, 1, 1, 3, 6, 6, 6, 13, 15, 29, 35, 65, 74"
3907,"1, 1, 1, 2, 3, 5, 6, 7, 10, 22, 39, 39, 56, 64"
3908,"1, 1, 1, 1, 1, 2, 3, 8, 9, 15, 21, 25, 47, 53, 68"
3909,"1, 1, 1, 1, 1, 2, 3, 3, 3, 4, 14, 19, 41, 42, 57, 63"
3910,"1, 1, 1, 1, 2, 2, 3, 5, 6, 15, 17, 27, 47, 58, 70"
3911,"1, 1, 1, 2, 2, 3, 6, 7, 11, 18, 43, 52, 53, 56"
3912,"1, 1, 1, 2, 2, 2, 6, 12, 18, 19, 27, 42, 57, 66"
3913,"1, 1, 1, 1, 2, 4, 5, 6, 7, 14, 15, 16, 47, 53, 83"
3914,"1, 1, 1, 1, 1, 1, 2, 4, 4, 5, 11, 13, 34, 42, 64, 71"
3915,"1, 1, 1, 1, 1, 1, 1, 4, 8, 9, 13, 13, 33, 49, 53, 67"
3916,"1, 1, 1, 2, 3, 9, 11, 15, 26, 36, 48, 50, 53"
3917,"1, 1, 1, 1, 1, 1, 1, 3, 5, 7, 18, 20, 26, 43, 56, 71"
3918,"1, 1, 1, 1, 2, 3, 3, 5, 6, 17, 20, 29, 40, 55, 72"
3919,"1, 1, 2, 2, 2, 3, 6, 7, 13, 25, 36, 48, 54, 56"
3920,"1, 1, 1, 2, 3, 5, 6, 9, 10, 20, 25, 53, 56, 64"
3921,"1, 1, 1, 1, 2, 8, 9, 15, 28, 33, 48, 53, 56"
3922,"1, 1, 1, 1, 1, 3, 4, 6, 7, 15, 19, 28, 47, 52, 70"
3923,"1, 1, 1, 3, 3, 4, 5, 7, 13, 20, 23, 47, 56, 72"
3924,"1, 1, 1, 1, 1, 2, 2, 3, 4, 8, 13, 13, 33, 44, 62, 67"
3925,"1, 1, 1, 2, 2, 3, 4, 6, 7, 9, 20, 24, 38, 69, 69"
3926,"1, 1, 2, 2, 2, 2, 3, 6, 13, 19, 40, 45, 56, 64"
3927,"1, 1, 1, 2, 3, 4, 7, 8, 12, 20, 28, 34, 67, 68"
3928,"1, 1, 1, 1, 2, 3, 5, 11, 11, 17, 43, 48, 52, 60"
3929,"1, 1, 1, 1, 3, 5, 7, 7, 13, 15, 34, 40, 57, 71"
3930,"1, 1, 1, 1, 3, 5, 7, 11, 12, 12, 36, 49, 50, 67"
3931,"1, 1, 1, 1, 1, 4, 7, 11, 13, 20, 23, 49, 52, 72"
3932,"1, 1, 1, 2, 4, 4, 5, 11, 11, 22, 22, 35, 63, 74"
3933,"1, 1, 1, 1, 2, 3, 3, 7, 9, 9, 11, 22, 50, 52, 84"
3934,"1, 1, 1, 2, 2, 2, 4, 4, 6, 10, 17, 22, 46, 49, 89"
3935,"1, 1, 1, 1, 1, 2, 3, 4, 8, 14, 17, 29, 36, 62, 76"
3936,"1, 1, 1, 1, 2, 2, 4, 6, 10, 13, 22, 23, 34, 65, 71"
3937,"1, 1, 1, 1, 2, 4, 6, 7, 13, 16, 32, 40, 59, 73"
3938,"1, 1, 1, 1, 3, 4, 6, 7, 17, 23, 23, 46, 53, 70"
3939,"1, 1, 1, 2, 6, 8, 12, 13, 21, 24, 34, 61, 72"
3940,"1, 1, 1, 1, 2, 2, 2, 4, 4, 6, 9, 9, 36, 53, 55, 70"
3941,"1, 1, 1, 1, 1, 3, 4, 8, 11, 11, 13, 33, 50, 51, 67"
3942,"1, 1, 1, 2, 2, 3, 3, 3, 19, 24, 35, 42, 59, 61"
3943,"1, 1, 1, 1, 1, 2, 2, 2, 3, 10, 13, 14, 32, 43, 62, 68"
3944,"1, 1, 1, 2, 2, 3, 4, 5, 5, 11, 15, 29, 50, 53, 74"
3945,"1, 1, 1, 1, 1, 1, 2, 3, 5, 9, 16, 21, 25, 44, 57, 68"
3946,"1, 1, 1, 1, 2, 5, 6, 12, 15, 19, 28, 39, 60, 66"
3947,"1, 1, 1, 2, 2, 2, 2, 6, 17, 32, 44, 44, 45, 57"
3948,"1, 1, 1, 2, 2, 3, 3, 13, 17, 22, 40, 44, 48, 59"
3949,"1, 1, 1, 1, 1, 1, 1, 2, 3, 3, 6, 12, 15, 28, 50, 55, 75"
3950,"1, 1, 1, 2, 2, 2, 2, 4, 4, 20, 23, 38, 42, 56, 58"
3951,"1, 1, 1, 3, 3, 4, 5, 7, 8, 13, 37, 42, 63, 68"
3952,"1, 1, 1, 1, 2, 2, 4, 8, 8, 10, 20, 24, 51, 54, 69"
3953,"1, 1, 2, 6, 7, 8, 9, 11, 11, 20, 48, 50, 82"
3954,"1, 1, 1, 1, 2, 4, 5, 8, 9, 26, 36, 41, 54, 67"
3955,"1, 1, 1, 1, 1, 3, 3, 5, 9, 12, 16, 18, 44, 58, 83"
3956,"1, 1, 1, 3, 4, 4, 6, 8, 16, 21, 24, 45, 52, 70"
3957,"1, 1, 1, 1, 2, 2, 4, 8, 10, 14, 15, 19, 43, 52, 83"
3958,"1, 1, 1, 1, 2, 3, 5, 5, 8, 13, 16, 22, 40, 53, 85"
3959,"1, 1, 1, 1, 1, 3, 6, 7, 8, 11, 15, 20, 47, 54, 80"
3960,"1, 1, 1, 2, 2, 2, 3, 6, 9, 11, 15, 18, 45, 56, 84"
3961,"1, 1, 1, 1, 1, 1, 1, 1, 4, 4, 8, 13, 16, 17, 45, 58, 83"
3962,"1, 1, 1, 1, 1, 3, 4, 7, 10, 11, 11, 18, 50, 56, 81"
3963,"1, 1, 1, 1, 1, 1, 2, 2, 6, 7, 17, 21, 25, 44, 55, 71"
3964,"1, 1, 1, 1, 1, 1, 2, 6, 11, 11, 20, 43, 51, 51, 55"
3965,"1, 1, 1, 1, 1, 2, 3, 3, 4, 6, 15, 15, 30, 47, 53, 73"
3966,"1, 1, 1, 1, 2, 3, 4, 7, 8, 14, 19, 27, 46, 52, 70"
3967,"1, 1, 1, 1, 1, 2, 2, 2, 8, 8, 12, 14, 31, 50, 54, 68"
3968,"1, 1, 1, 1, 1, 5, 15, 18, 91, 122"
3969,"1, 1, 1, 3, 3, 4, 6, 9, 17, 18, 28, 43, 52, 70"
3970,"1, 2, 3, 3, 3, 5, 7, 17, 25, 34, 46, 54, 56"
3971,"1, 1, 1, 7, 23, 29, 81, 113"
3972,"1, 1, 1, 2, 2, 3, 3, 5, 15, 23, 38, 48, 56, 58"
3973,"1, 1, 1, 1, 1, 2, 3, 4, 9, 20, 27, 35, 42, 52, 57"
3974,"1, 1, 1, 1, 1, 2, 2, 5, 6, 18, 28, 32, 43, 57, 58"
3975,"1, 2, 2, 2, 3, 3, 3, 5, 11, 18, 40, 44, 58, 64"
3976,"1, 1, 1, 1, 3, 3, 7, 9, 13, 19, 33, 38, 59, 68"
3977,"1, 1, 1, 1, 4, 6, 6, 7, 11, 12, 30, 52, 56, 68"
3978,"1, 1, 2, 2, 2, 2, 3, 8, 18, 23, 28, 37, 53, 76"
3979,"1, 1, 2, 2, 2, 3, 8, 9, 9, 14, 32, 52, 53, 68"
3980,"1, 1, 1, 1, 2, 3, 3, 5, 7, 19, 20, 27, 40, 56, 70"
3981,"1, 1, 1, 1, 1, 1, 4, 8, 10, 11, 17, 29, 49, 51, 71"
3982,"1, 1, 1, 1, 1, 1, 2, 5, 5, 7, 9, 17, 27, 37, 68, 73"
3983,"1, 1, 1, 1, 2, 3, 3, 3, 7, 18, 23, 38, 44, 54, 57"
3984,"1, 1, 3, 3, 3, 3, 5, 7, 11, 19, 25, 49, 54, 72"
3985,"1, 1, 1, 1, 2, 2, 5, 7, 8, 9, 20, 24, 37, 68, 70"
3986,"1, 1, 1, 1, 9, 19, 24, 85, 115"
3987,"1, 1, 1, 1, 2, 4, 7, 9, 10, 22, 39, 50, 54, 55"
3988,"1, 1, 1, 1, 2, 3, 11, 11, 11, 16, 30, 50, 51, 67"
3989,"1, 1, 1, 1, 1, 3, 4, 5, 10, 16, 20, 31, 41, 49, 72"
3990,"1, 1, 1, 2, 2, 6, 8, 10, 15, 15, 16, 46, 54, 79"
3991,"1, 1, 1, 2, 2, 6, 9, 9, 10, 12, 22, 45, 52, 84"
3992,"1, 1, 1, 2, 4, 5, 6, 11, 11, 16, 30, 35, 63, 70"
3993,"1, 1, 1, 1, 5, 15, 33, 92, 107"
3994,"1, 1, 1, 2, 3, 4, 6, 11, 11, 12, 34, 49, 51, 70"
3995,"1, 1, 1, 1, 1, 2, 3, 6, 13, 17, 21, 25, 30, 63, 71"
3996,"1, 1, 1, 1, 2, 3, 5, 5, 11, 11, 13, 35, 48, 48, 71"
3997,"1, 1, 1, 1, 1, 1, 2, 3, 4, 9, 14, 15, 30, 48, 52, 73"
3998,"1, 1, 1, 1, 2, 3, 3, 12, 16, 18, 27, 43, 60, 68"
3999,"1, 1, 1, 2, 3, 3, 5, 7, 22, 23, 26, 40, 50, 72"
4000,"1, 1, 1, 1, 1, 1, 3, 3, 5, 5, 17, 24, 29, 39, 53, 72"
4001,"1, 1, 2, 2, 2, 3, 3, 6, 19, 28, 33, 42, 56, 58"
4002,"1, 1, 1, 1, 2, 4, 5, 5, 10, 12, 12, 19, 48, 53, 82"
4003,"1, 1, 2, 3, 3, 9, 11, 21, 22, 25, 40, 52, 66"
4004,"1, 1, 1, 1, 1, 2, 2, 2, 3, 6, 14, 23, 39, 45, 55, 60"
4005,"1, 1, 1, 1, 1, 1, 2, 2, 4, 7, 18, 21, 26, 41, 56, 73"
4006,"1, 2, 2, 3, 6, 7, 9, 11, 19, 24, 38, 62, 72"
4007,"1, 1, 1, 1, 1, 2, 3, 5, 7, 14, 19, 39, 44, 56, 62"
4008,"1, 1, 1, 2, 2, 4, 4, 10, 20, 20, 27, 42, 56, 66"
4009,"1, 1, 2, 2, 2, 6, 10, 15, 24, 37, 42, 52, 62"
4010,"1, 1, 1, 1, 1, 1, 2, 2, 8, 8, 13, 17, 20, 41, 53, 86"
4011,"1, 1, 1, 1, 1, 2, 4, 5, 8, 10, 26, 34, 51, 54, 57"
4012,"1, 1, 2, 2, 2, 2, 3, 8, 9, 14, 15, 17, 42, 54, 84"
4013,"1, 1, 1, 2, 3, 4, 8, 17, 23, 26, 46, 56, 68"
4014,"1, 1, 1, 1, 1, 2, 2, 4, 4, 5, 11, 18, 27, 50, 57, 71"
4015,"1, 1, 1, 1, 1, 2, 3, 4, 7, 16, 22, 39, 44, 53, 61"
4016,"1, 1, 2, 2, 2, 2, 4, 4, 5, 6, 6, 28, 53, 56, 84"
4017,"1, 1, 2, 3, 3, 3, 4, 8, 15, 19, 28, 44, 51, 74"
4018,"1, 1, 2, 2, 2, 3, 5, 10, 17, 18, 28, 44, 52, 71"
4019,"1, 1, 1, 2, 2, 3, 9, 14, 14, 15, 31, 47, 48, 68"
4020,"1, 1, 1, 1, 1, 1, 3, 8, 9, 13, 18, 33, 39, 59, 68"
4021,"1, 1, 1, 1, 2, 3, 3, 5, 7, 12, 19, 20, 38, 55, 88"
4022,"1, 1, 1, 2, 2, 2, 5, 10, 14, 23, 36, 48, 52, 59"
4023,"1, 1, 1, 2, 3, 4, 5, 11, 13, 17, 29, 47, 48, 74"
4024,"1, 1, 1, 1, 1, 2, 5, 10, 11, 27, 35, 42, 52, 67"
4025,"1, 1, 1, 1, 1, 2, 2, 3, 4, 6, 11, 15, 30, 50, 55, 73"
4026,"1, 1, 1, 2, 2, 2, 4, 8, 14, 22, 34, 42, 55, 68"
4027,"1, 1, 1, 1, 1, 2, 4, 4, 5, 5, 12, 15, 31, 48, 55, 70"
4028,"1, 1, 3, 4, 9, 10, 13, 26, 34, 49, 52, 54"
4029,"1, 1, 1, 1, 1, 2, 3, 5, 9, 21, 22, 25, 42, 54, 68"
4030,"1, 1, 2, 2, 2, 4, 7, 7, 15, 16, 28, 48, 58, 65"
4031,"1, 1, 1, 1, 2, 2, 2, 3, 9, 14, 20, 30, 42, 58, 70"
4032,"1, 1, 1, 1, 2, 2, 3, 4, 12, 13, 21, 24, 33, 63, 75"
4033,"1, 1, 1, 1, 1, 1, 3, 3, 4, 8, 12, 14, 35, 47, 57, 67"
4034,"1, 1, 1, 1, 1, 1, 2, 3, 9, 16, 16, 29, 46, 51, 78"
4035,"1, 1, 1, 1, 1, 1, 3, 8, 9, 12, 15, 30, 38, 67, 68"
4036,"1, 1, 2, 2, 4, 10, 10, 11, 18, 25, 50, 54, 68"
4037,"1, 1, 2, 2, 3, 3, 5, 7, 13, 26, 34, 49, 54, 56"
4038,"1, 1, 1, 1, 3, 3, 17, 22, 85, 122"
4039,"1, 1, 1, 1, 1, 1, 2, 2, 2, 4, 6, 12, 14, 30, 50, 55, 73"
4040,"1, 1, 1, 1, 2, 4, 4, 4, 12, 12, 16, 29, 34, 63, 72"
4041,"1, 1, 1, 2, 2, 4, 4, 4, 6, 14, 15, 30, 47, 53, 72"
4042,"1, 1, 1, 1, 2, 2, 4, 5, 6, 15, 22, 30, 42, 54, 70"
4043,"1, 1, 1, 1, 1, 2, 3, 7, 7, 11, 17, 33, 40, 61, 70"
4044,"1, 1, 1, 1, 2, 2, 3, 8, 9, 9, 17, 26, 53, 54, 69"
4045,"1, 1, 1, 1, 1, 2, 2, 3, 4, 7, 16, 17, 29, 45, 53, 73"
4046,"1, 1, 1, 2, 2, 3, 3, 3, 18, 22, 40, 46, 57, 57"
4047,"1, 1, 1, 1, 3, 4, 5, 7, 12, 25, 38, 48, 55, 55"
4048,"1, 1, 1, 2, 3, 3, 7, 9, 11, 18, 27, 52, 52, 69"
4049,"1, 1, 1, 1, 2, 3, 3, 3, 8, 9, 14, 33, 53, 55, 69"
4050,"1, 1, 1, 2, 4, 5, 8, 8, 9, 15, 27, 53, 54, 68"
4051,"1, 1, 1, 1, 2, 2, 3, 5, 9, 9, 17, 27, 52, 56, 70"
4052,"1, 1, 1, 1, 2, 2, 3, 3, 4, 18, 24, 28, 43, 58, 67"
4053,"1, 1, 1, 2, 2, 3, 5, 6, 21, 21, 25, 42, 54, 72"
4054,"1, 1, 1, 1, 2, 4, 5, 8, 20, 23, 26, 42, 55, 67"
4055,"1, 1, 1, 1, 2, 2, 3, 7, 8, 11, 13, 31, 52, 54, 69"
4056,"1, 1, 1, 1, 1, 2, 2, 3, 9, 9, 28, 37, 44, 49, 68"
4057,"1, 1, 1, 2, 3, 3, 3, 6, 18, 21, 27, 42, 55, 73"
4058,"1, 1, 2, 3, 3, 4, 4, 5, 17, 18, 30, 40, 56, 72"
4059,"1, 1, 1, 1, 1, 1, 3, 3, 5, 9, 16, 17, 29, 45, 51, 72"
4060,"1, 1, 1, 2, 3, 3, 4, 5, 7, 21, 42, 53, 55, 58"
4061,"1, 1, 1, 2, 3, 4, 6, 6, 16, 29, 34, 43, 54, 56"
4062,"1, 1, 3, 3, 5, 6, 7, 8, 14, 27, 53, 56, 72"
4063,"1, 1, 2, 3, 5, 10, 11, 11, 14, 22, 48, 50, 78"
4064,"1, 1, 1, 1, 3, 7, 7, 11, 11, 20, 22, 40, 50, 81"
4065,"1, 1, 2, 3, 4, 7, 10, 13, 22, 24, 47, 56, 66"
4066,"1, 1, 1, 1, 1, 1, 1, 9, 12, 13, 21, 25, 49, 53, 67"
4067,"1, 1, 1, 1, 1, 4, 4, 8, 9, 10, 12, 22, 49, 56, 77"
4068,"1, 1, 1, 1, 6, 8, 8, 21, 23, 26, 40, 55, 65"
4069,"1, 1, 1, 1, 1, 2, 2, 6, 11, 12, 22, 33, 35, 56, 72"
4070,"1, 1, 1, 1, 1, 2, 2, 2, 4, 16, 22, 30, 46, 55, 72"
4071,"1, 1, 1, 1, 1, 1, 1, 1, 2, 7, 7, 12, 17, 29, 49, 55, 70"
4072,"1, 1, 1, 1, 2, 3, 5, 11, 21, 22, 23, 41, 52, 72"
4073,"1, 1, 1, 2, 2, 3, 5, 10, 17, 25, 37, 44, 52, 56"
4074,"1, 1, 1, 1, 1, 3, 3, 3, 7, 7, 8, 17, 27, 37, 69, 70"
4075,"1, 1, 1, 1, 1, 2, 2, 4, 12, 18, 19, 29, 43, 49, 73"
4076,"1, 1, 1, 2, 3, 4, 5, 10, 12, 19, 40, 50, 50, 58"
4077,"1, 1, 1, 3, 4, 8, 13, 15, 15, 31, 48, 48, 68"
4078,"1, 1, 1, 1, 1, 1, 3, 3, 4, 18, 23, 36, 43, 60, 60"
4079,"1, 1, 1, 2, 3, 4, 4, 8, 13, 16, 30, 47, 54, 72"
4080,"1, 1, 2, 2, 2, 3, 7, 8, 11, 26, 36, 50, 53, 54"
4081,"1, 1, 1, 1, 2, 4, 4, 6, 6, 9, 20, 25, 37, 69, 70"
4082,"1, 1, 2, 2, 2, 2, 6, 8, 9, 26, 36, 53, 54, 54"
4083,"1, 1, 1, 1, 1, 2, 2, 6, 6, 16, 17, 29, 46, 56, 71"
4084,"1, 1, 1, 2, 3, 3, 3, 11, 14, 18, 33, 44, 48, 74"
4085,"1, 1, 2, 2, 2, 3, 3, 9, 17, 23, 36, 45, 52, 60"
4086,"1, 1, 1, 1, 1, 2, 4, 6, 12, 12, 16, 19, 44, 54, 82"
4087,"1, 1, 2, 2, 4, 6, 7, 12, 20, 40, 44, 56, 61"
4088,"1, 1, 1, 3, 3, 3, 5, 11, 13, 21, 22, 34, 66, 72"
4089,"1, 1, 1, 1, 2, 2, 5, 5, 8, 14, 22, 24, 47, 53, 70"
4090,"1, 1, 2, 3, 3, 3, 6, 7, 8, 14, 28, 40, 66, 74"
4091,"1, 1, 1, 2, 3, 3, 9, 9, 13, 15, 30, 52, 53, 64"
4092,"1, 1, 1, 1, 2, 2, 4, 4, 7, 12, 17, 33, 40, 61, 70"
4093,"1, 1, 1, 1, 1, 3, 5, 7, 9, 12, 17, 18, 43, 56, 81"
4094,"1, 1, 1, 1, 1, 2, 3, 3, 5, 8, 13, 15, 19, 43, 53, 87"
4095,"1, 1, 2, 4, 8, 8, 8, 10, 13, 22, 48, 52, 79"
4096,"1, 1, 1, 1, 1, 1, 2, 2, 3, 6, 7, 8, 13, 33, 52, 53, 71"
4097,"1, 1, 1, 1, 1, 1, 2, 6, 10, 13, 19, 28, 48, 57, 67"
4098,"1, 1, 1, 1, 1, 2, 2, 4, 6, 8, 13, 17, 18, 43, 54, 84"
4099,"1, 1, 1, 2, 3, 3, 10, 13, 31, 44, 45, 50, 52"
4100,"1, 1, 1, 1, 2, 5, 8, 13, 14, 17, 18, 44, 53, 78"
4101,"1, 1, 1, 2, 2, 2, 2, 6, 7, 13, 14, 32, 39, 64, 70"
4102,"1, 1, 2, 2, 2, 2, 3, 3, 6, 11, 25, 36, 48, 56, 58"
4103,"1, 1, 1, 1, 1, 1, 1, 2, 10, 11, 13, 14, 18, 46, 52, 83"
4104,"1, 1, 3, 3, 3, 4, 6, 6, 9, 17, 28, 37, 68, 70"
4105,"1, 2, 2, 3, 6, 8, 19, 19, 26, 40, 58, 72"
4106,"1, 1, 1, 1, 2, 3, 5, 5, 10, 10, 15, 35, 36, 59, 72"
4107,"1, 1, 3, 3, 4, 8, 13, 16, 22, 23, 30, 64, 68"
4108,"1, 1, 2, 2, 3, 4, 4, 11, 14, 19, 30, 43, 50, 72"
4109,"1, 1, 2, 3, 4, 4, 4, 4, 11, 17, 30, 49, 54, 72"
4110,"1, 1, 2, 2, 3, 4, 5, 12, 17, 20, 26, 28, 63, 72"
4111,"1, 1, 1, 2, 2, 3, 3, 10, 16, 27, 29, 35, 52, 74"
4112,"1, 1, 1, 1, 3, 4, 6, 8, 13, 19, 31, 40, 59, 69"
4113,"1, 1, 1, 1, 3, 4, 4, 8, 19, 20, 27, 44, 55, 68"
4114,"1, 1, 2, 2, 3, 4, 8, 11, 12, 15, 33, 46, 50, 68"
4115,"1, 1, 1, 2, 2, 5, 6, 7, 13, 25, 36, 49, 52, 56"
4116,"1, 1, 1, 1, 1, 3, 3, 3, 9, 18, 23, 39, 44, 51, 58"
4117,"1, 1, 1, 3, 3, 4, 8, 8, 9, 9, 37, 52, 53, 67"
4118,"1, 1, 1, 1, 1, 2, 3, 5, 7, 14, 15, 29, 46, 58, 72"
4119,"1, 1, 2, 2, 3, 10, 13, 13, 20, 26, 34, 63, 68"
4120,"1, 1, 1, 1, 3, 5, 7, 10, 13, 17, 21, 45, 45, 86"
4121,"1, 1, 1, 2, 2, 3, 5, 6, 24, 25, 39, 40, 51, 56"
4122,"1, 1, 1, 1, 1, 3, 3, 5, 5, 21, 23, 26, 42, 49, 74"
4123,"1, 1, 1, 3, 4, 4, 11, 12, 24, 35, 37, 59, 64"
4124,"1, 1, 1, 2, 3, 5, 5, 7, 9, 19, 28, 40, 66, 69"
4125,"1, 1, 1, 2, 2, 4, 7, 10, 12, 17, 32, 40, 61, 66"
4126,"1, 1, 1, 2, 2, 3, 5, 8, 19, 19, 26, 42, 57, 70"
4127,"1, 1, 1, 1, 1, 2, 3, 5, 7, 9, 18, 41, 54, 56, 56"
4128,"1, 1, 1, 1, 2, 3, 3, 3, 11, 14, 19, 33, 41, 49, 74"
4129,"1, 2, 2, 4, 6, 6, 8, 13, 18, 28, 48, 52, 68"
4130,"1, 1, 1, 2, 3, 4, 6, 7, 15, 23, 38, 47, 54, 54"
4131,"1, 1, 1, 2, 2, 2, 3, 6, 7, 11, 13, 31, 50, 54, 72"
4132,"1, 1, 1, 1, 1, 2, 2, 8, 12, 13, 15, 31, 49, 50, 69"
4133,"1, 1, 1, 1, 1, 2, 4, 8, 8, 13, 14, 31, 49, 55, 67"
4134,"1, 1, 1, 3, 4, 5, 6, 9, 10, 14, 22, 45, 49, 86"
4135,"1, 1, 1, 1, 1, 1, 2, 2, 3, 9, 11, 17, 44, 51, 51, 60"
4136,"1, 1, 1, 2, 3, 3, 5, 7, 13, 21, 39, 42, 54, 64"
4137,"1, 1, 1, 1, 2, 2, 4, 7, 11, 11, 19, 27, 34, 62, 73"
4138,"1, 1, 3, 3, 3, 3, 3, 5, 13, 21, 37, 49, 56, 58"
4139,"1, 1, 2, 2, 4, 6, 10, 13, 26, 34, 34, 55, 68"
4140,"1, 2, 2, 2, 3, 3, 5, 8, 13, 16, 28, 47, 54, 72"
4141,"1, 1, 1, 1, 2, 3, 4, 6, 7, 15, 17, 29, 46, 53, 70"
4142,"1, 1, 1, 1, 2, 3, 7, 11, 15, 19, 42, 48, 49, 56"
4143,"1, 1, 2, 3, 5, 5, 6, 19, 21, 23, 44, 58, 68"
4144,"1, 1, 1, 1, 2, 2, 6, 6, 6, 14, 19, 28, 46, 56, 67"
4145,"1, 1, 1, 1, 2, 2, 6, 6, 6, 16, 17, 30, 44, 55, 68"
4146,"1, 1, 1, 2, 3, 3, 5, 8, 13, 17, 28, 49, 55, 70"
4147,"1, 1, 1, 2, 3, 4, 8, 10, 13, 15, 23, 46, 49, 80"
4148,"1, 1, 1, 4, 6, 8, 9, 10, 20, 28, 36, 64, 68"
4149,"1, 1, 1, 2, 2, 2, 3, 5, 6, 19, 20, 24, 42, 56, 72"
4150,"1, 1, 2, 4, 4, 5, 6, 12, 20, 24, 41, 64, 72"
4151,"1, 1, 1, 2, 2, 4, 4, 5, 7, 9, 16, 29, 37, 66, 72"
4152,"1, 1, 1, 2, 2, 4, 6, 6, 17, 23, 30, 41, 54, 68"
4153,"1, 1, 2, 2, 3, 3, 7, 11, 11, 18, 26, 36, 65, 70"
4154,"1, 1, 1, 1, 1, 2, 5, 7, 7, 11, 15, 24, 47, 51, 82"
4155,"1, 1, 1, 1, 2, 2, 4, 5, 6, 20, 23, 25, 38, 53, 74"
4156,"1, 1, 1, 1, 1, 2, 2, 3, 7, 7, 15, 15, 16, 44, 55, 85"
4157,"1, 1, 1, 3, 5, 7, 9, 21, 22, 23, 42, 54, 67"
4158,"1, 1, 1, 1, 3, 4, 6, 11, 13, 22, 34, 34, 56, 69"
4159,"1, 1, 1, 1, 1, 2, 4, 10, 16, 17, 30, 44, 60, 68"
4160,"1, 1, 2, 2, 3, 4, 9, 9, 10, 12, 32, 52, 53, 66"
4161,"1, 1, 1, 1, 2, 3, 3, 7, 9, 11, 20, 25, 37, 65, 70"
4162,"1, 1, 1, 1, 2, 2, 4, 4, 6, 7, 14, 31, 54, 56, 72"
4163,"1, 1, 1, 1, 2, 2, 4, 4, 7, 15, 22, 23, 47, 54, 72"
4164,"1, 1, 1, 1, 2, 3, 7, 12, 18, 21, 24, 40, 59, 66"
4165,"1, 1, 1, 2, 2, 4, 6, 6, 14, 16, 32, 46, 55, 70"
4166,"1, 1, 1, 2, 2, 3, 3, 8, 12, 19, 33, 39, 60, 72"
4167,"1, 1, 1, 1, 3, 3, 3, 5, 5, 14, 27, 33, 47, 56, 56"
4168,"1, 1, 1, 2, 3, 3, 4, 6, 19, 19, 27, 38, 58, 74"
4169,"1, 1, 1, 1, 2, 3, 12, 12, 15, 16, 20, 45, 46, 81"
4170,"1, 1, 1, 1, 2, 3, 5, 7, 8, 9, 14, 22, 47, 48, 87"
4171,"1, 1, 2, 2, 3, 4, 6, 8, 11, 17, 28, 49, 56, 68"
4172,"1, 1, 2, 3, 3, 8, 11, 16, 19, 29, 43, 50, 70"
4173,"1, 1, 2, 2, 3, 5, 7, 10, 11, 17, 20, 43, 54, 80"
4174,"1, 1, 1, 1, 1, 1, 2, 5, 5, 20, 24, 37, 41, 58, 58"
4175,"1, 1, 1, 1, 2, 3, 11, 11, 14, 18, 28, 48, 51, 66"
4176,"1, 1, 1, 1, 1, 2, 4, 5, 7, 7, 13, 24, 50, 55, 84"
4177,"1, 1, 1, 1, 1, 3, 3, 5, 7, 11, 27, 31, 35, 58, 71"
4178,"1, 2, 2, 4, 6, 14, 16, 17, 30, 44, 44, 76"
4179,"1, 1, 1, 1, 1, 2, 2, 5, 6, 19, 22, 39, 42, 57, 57"
4180,"1, 1, 1, 1, 2, 2, 3, 4, 8, 14, 16, 19, 43, 53, 88"
4181,"1, 1, 2, 2, 4, 6, 6, 8, 11, 14, 16, 50, 54, 81"
4182,"1, 1, 1, 1, 1, 4, 6, 7, 12, 19, 40, 42, 54, 67"
4183,"1, 1, 1, 1, 1, 2, 2, 4, 11, 19, 19, 26, 42, 52, 74"
4184,"1, 1, 1, 1, 1, 2, 2, 4, 8, 16, 24, 38, 45, 52, 60"
4185,"1, 1, 1, 1, 1, 1, 2, 3, 3, 4, 17, 23, 27, 43, 55, 73"
4186,"1, 1, 1, 2, 2, 2, 3, 3, 8, 16, 17, 28, 46, 53, 73"
4187,"1, 1, 1, 2, 2, 2, 5, 6, 17, 19, 28, 42, 58, 72"
4188,"1, 1, 1, 3, 4, 5, 5, 8, 16, 19, 26, 45, 52, 70"
4189,"1, 2, 2, 2, 3, 3, 7, 9, 9, 12, 32, 52, 54, 68"
4190,"1, 1, 1, 1, 1, 2, 2, 4, 7, 18, 19, 28, 43, 55, 73"
4191,"1, 1, 1, 1, 2, 3, 3, 3, 7, 15, 23, 38, 47, 54, 57"
4192,"1, 1, 1, 1, 1, 4, 4, 8, 15, 21, 40, 44, 52, 63"
4193,"1, 1, 1, 1, 2, 2, 5, 5, 6, 16, 24, 37, 45, 54, 56"
4194,"1, 1, 1, 1, 1, 1, 4, 4, 5, 8, 9, 17, 29, 38, 65, 71"
4195,"1, 2, 3, 4, 5, 9, 11, 30, 32, 49, 50, 60"
4196,"1, 1, 1, 2, 3, 3, 3, 7, 21, 23, 24, 40, 54, 73"
4197,"1, 1, 4, 4, 6, 11, 15, 28, 30, 32, 56, 68"
4198,"1, 1, 1, 2, 2, 2, 3, 5, 8, 15, 16, 28, 47, 53, 72"
4199,"1, 1, 1, 1, 4, 6, 6, 6, 9, 16, 25, 53, 58, 69"
4200,"1, 1, 1, 2, 3, 3, 4, 6, 19, 20, 26, 43, 57, 70"
4201,"1, 1, 1, 1, 2, 2, 3, 3, 3, 4, 5, 9, 25, 51, 57, 88"
4202,"1, 1, 1, 2, 2, 2, 3, 6, 6, 13, 15, 29, 48, 56, 71"
4203,"1, 1, 1, 1, 1, 1, 1, 2, 3, 4, 5, 14, 19, 27, 45, 57, 73"
4204,"1, 1, 1, 1, 1, 3, 3, 7, 9, 20, 21, 25, 42, 52, 69"
4205,"1, 1, 3, 4, 4, 6, 7, 8, 25, 36, 40, 54, 67"
4206,"1, 1, 1, 1, 2, 2, 3, 5, 8, 16, 17, 28, 45, 54, 72"
4207,"1, 1, 1, 1, 1, 3, 4, 5, 10, 15, 18, 29, 43, 50, 74"
4208,"1, 1, 1, 3, 3, 4, 5, 6, 9, 23, 37, 52, 54, 57"
4209,"1, 1, 1, 1, 2, 2, 2, 3, 4, 14, 23, 30, 43, 54, 75"
4210,"1, 1, 1, 1, 1, 2, 2, 6, 12, 17, 17, 29, 39, 61, 66"
4211,"1, 1, 1, 2, 2, 3, 5, 12, 13, 18, 43, 49, 50, 56"
4212,"1, 1, 1, 1, 1, 1, 2, 5, 6, 9, 9, 21, 25, 37, 65, 71"
4213,"1, 1, 1, 1, 2, 3, 6, 6, 9, 10, 12, 23, 46, 51, 84"
4214,"1, 1, 1, 1, 2, 2, 4, 8, 9, 10, 13, 32, 53, 54, 65"
4215,"1, 1, 1, 1, 3, 5, 5, 5, 5, 12, 17, 27, 49, 54, 70"
4216,"1, 1, 1, 1, 2, 2, 2, 4, 4, 14, 21, 40, 42, 58, 63"
4217,"1, 1, 1, 1, 2, 3, 3, 3, 5, 16, 26, 29, 40, 51, 74"
4218,"1, 2, 3, 6, 16, 30, 92, 106"
4219,"1, 1, 2, 3, 3, 4, 7, 8, 12, 17, 19, 42, 52, 85"
4220,"1, 1, 1, 1, 1, 1, 1, 3, 4, 4, 16, 19, 39, 41, 61, 62"
4221,"1, 1, 1, 1, 1, 2, 2, 7, 8, 12, 25, 37, 50, 54, 54"
4222,"1, 1, 1, 1, 1, 1, 2, 3, 6, 17, 19, 29, 41, 59, 74"
4223,"1, 1, 1, 1, 1, 1, 1, 5, 7, 7, 16, 17, 29, 45, 55, 68"
4224,"1, 1, 2, 2, 3, 3, 5, 7, 13, 26, 35, 48, 54, 56"
4225,"1, 1, 1, 1, 4, 5, 8, 9, 9, 18, 29, 36, 66, 68"
4226,"1, 1, 1, 1, 1, 2, 4, 5, 8, 12, 12, 19, 50, 57, 82"
4227,"1, 1, 1, 2, 2, 3, 8, 13, 13, 15, 30, 50, 53, 64"
4228,"1, 1, 1, 2, 2, 3, 5, 8, 15, 21, 38, 42, 54, 63"
4229,"1, 1, 1, 1, 2, 2, 3, 4, 7, 12, 21, 38, 49, 54, 60"
4230,"1, 1, 1, 2, 2, 5, 6, 6, 13, 24, 37, 48, 52, 58"
4231,"1, 1, 1, 2, 3, 4, 9, 10, 13, 22, 23, 34, 66, 67"
4232,"1, 1, 1, 1, 3, 3, 3, 4, 4, 16, 19, 28, 40, 59, 73"
4233,"1, 1, 2, 2, 2, 3, 6, 6, 17, 22, 24, 41, 57, 72"
4234,"1, 1, 1, 1, 2, 2, 4, 4, 10, 14, 15, 32, 34, 61, 74"
4235,"1, 1, 1, 2, 4, 4, 4, 12, 14, 20, 25, 32, 64, 72"
4236,"1, 1, 1, 1, 1, 3, 3, 4, 5, 17, 22, 29, 43, 53, 72"
4237,"1, 1, 1, 1, 1, 1, 1, 2, 5, 11, 20, 20, 25, 41, 51, 74"
4238,"1, 1, 1, 1, 2, 4, 7, 11, 15, 15, 16, 52, 56, 74"
4239,"1, 1, 1, 2, 2, 2, 3, 5, 6, 13, 21, 25, 48, 56, 70"
4240,"1, 1, 2, 3, 5, 7, 8, 11, 27, 31, 36, 54, 70"
4241,"1, 1, 2, 4, 4, 8, 8, 11, 29, 30, 36, 52, 70"
4242,"1, 1, 2, 2, 2, 3, 3, 4, 5, 7, 12, 33, 55, 56, 70"
4243,"1, 1, 1, 1, 1, 2, 3, 10, 11, 12, 16, 31, 49, 52, 65"
4244,"1, 1, 1, 2, 8, 8, 10, 10, 20, 26, 36, 61, 72"
4245,"1, 1, 1, 1, 1, 2, 2, 4, 4, 10, 10, 12, 35, 50, 51, 71"
4246,"1, 1, 2, 2, 3, 3, 9, 11, 11, 12, 32, 50, 51, 68"
4247,"1, 1, 1, 1, 1, 2, 2, 7, 9, 14, 22, 24, 48, 55, 68"
4248,"1, 1, 1, 1, 2, 2, 3, 4, 4, 7, 8, 13, 23, 45, 53, 88"
4249,"1, 1, 1, 2, 2, 3, 5, 12, 15, 20, 41, 48, 50, 55"
4250,"1, 1, 1, 1, 1, 2, 3, 4, 5, 15, 19, 41, 45, 57, 60"
4251,"1, 1, 2, 2, 2, 2, 2, 6, 8, 11, 12, 33, 50, 52, 72"
4252,"1, 1, 1, 1, 2, 2, 7, 10, 14, 16, 16, 45, 56, 84"
4253,"1, 1, 1, 1, 2, 3, 4, 11, 11, 16, 46, 48, 51, 60"
4254,"1, 1, 1, 1, 1, 5, 5, 7, 7, 11, 16, 20, 46, 53, 81"
4255,"1, 1, 1, 2, 2, 2, 7, 10, 12, 19, 23, 24, 70, 82"
4256,"1, 1, 1, 1, 2, 2, 2, 7, 9, 10, 22, 24, 36, 67, 71"
4257,"1, 2, 3, 3, 3, 5, 15, 19, 21, 24, 26, 62, 72"
4258,"1, 1, 1, 1, 2, 3, 5, 7, 9, 12, 20, 25, 34, 65, 70"
4259,"1, 1, 1, 2, 2, 2, 3, 7, 8, 8, 17, 44, 52, 54, 54"
4260,"1, 1, 1, 1, 1, 2, 4, 5, 7, 12, 15, 31, 39, 62, 74"
4261,"1, 1, 1, 1, 2, 2, 2, 6, 6, 11, 19, 27, 50, 59, 68"
4262,"1, 1, 1, 1, 3, 3, 5, 7, 7, 31, 40, 42, 45, 69"
4263,"1, 1, 1, 1, 2, 2, 4, 5, 10, 10, 15, 25, 47, 50, 82"
4264,"1, 1, 1, 1, 3, 3, 5, 9, 9, 29, 42, 47, 52, 53"
4265,"1, 1, 1, 1, 1, 1, 1, 2, 3, 3, 4, 16, 21, 23, 46, 58, 73"
4266,"1, 1, 1, 1, 1, 1, 2, 5, 6, 17, 23, 29, 42, 55, 71"
4267,"1, 1, 1, 1, 2, 3, 9, 11, 13, 19, 33, 36, 58, 68"
4268,"1, 1, 1, 1, 1, 1, 3, 5, 9, 17, 20, 37, 45, 56, 58"
4269,"1, 1, 1, 1, 2, 2, 3, 4, 5, 17, 19, 42, 42, 56, 60"
4270,"1, 1, 1, 1, 2, 3, 3, 6, 9, 12, 19, 26, 50, 55, 67"
4271,"1, 1, 1, 1, 1, 1, 2, 4, 6, 8, 11, 18, 35, 39, 59, 68"
4272,"1, 1, 1, 1, 1, 1, 1, 3, 5, 9, 17, 18, 27, 41, 59, 70"
4273,"1, 1, 1, 2, 2, 2, 5, 6, 7, 12, 14, 18, 45, 56, 84"
4274,"1, 1, 1, 1, 1, 1, 2, 2, 6, 9, 16, 22, 23, 45, 56, 69"
4275,"1, 1, 1, 1, 5, 23, 28, 81, 115"
4276,"1, 1, 1, 1, 2, 5, 7, 14, 15, 21, 26, 31, 64, 67"
4277,"1, 1, 1, 1, 1, 2, 3, 4, 10, 11, 15, 30, 44, 66, 66"
4278,"1, 1, 1, 2, 2, 2, 2, 5, 8, 15, 20, 24, 46, 57, 70"
4279,"1, 1, 1, 1, 2, 2, 3, 6, 11, 12, 13, 18, 50, 55, 80"
4280,"1, 1, 1, 2, 3, 3, 5, 10, 17, 21, 27, 42, 52, 71"
4281,"1, 1, 1, 2, 4, 5, 5, 8, 16, 22, 24, 46, 53, 68"
4282,"1, 1, 1, 1, 2, 2, 8, 14, 14, 15, 33, 47, 48, 69"
4283,"1, 1, 1, 1, 1, 2, 2, 3, 4, 6, 14, 18, 27, 47, 60, 68"
4284,"1, 1, 1, 3, 3, 11, 12, 13, 13, 33, 48, 49, 68"
4285,"1, 1, 1, 1, 2, 2, 3, 5, 10, 14, 17, 44, 48, 52, 55"
4286,"1, 1, 2, 2, 2, 4, 9, 10, 11, 16, 30, 48, 54, 66"
4287,"1, 1, 2, 2, 2, 3, 8, 9, 10, 16, 30, 51, 51, 70"
4288,"1, 1, 1, 2, 3, 4, 4, 7, 18, 24, 35, 44, 54, 58"
4289,"1, 1, 1, 1, 2, 3, 5, 15, 15, 20, 41, 46, 47, 58"
4290,"1, 1, 1, 1, 2, 3, 8, 9, 20, 21, 25, 41, 53, 70"
4291,"1, 1, 1, 1, 2, 3, 4, 6, 9, 14, 19, 26, 47, 54, 68"
4292,"1, 1, 1, 1, 1, 4, 4, 4, 8, 12, 27, 35, 49, 52, 56"
4293,"1, 1, 1, 1, 1, 1, 1, 1, 4, 7, 7, 9, 10, 23, 53, 54, 81"
4294,"1, 1, 1, 1, 1, 1, 1, 3, 5, 7, 18, 23, 23, 43, 57, 70"
4295,"1, 1, 1, 1, 1, 1, 1, 4, 4, 6, 6, 8, 19, 27, 37, 69, 69"
4296,"1, 1, 1, 1, 3, 17, 40, 91, 101"
4297,"1, 1, 1, 1, 3, 4, 4, 6, 8, 14, 15, 16, 45, 53, 84"
4298,"1, 1, 1, 2, 3, 3, 4, 8, 20, 20, 27, 40, 52, 74"
4299,"1, 1, 1, 1, 1, 2, 2, 3, 6, 7, 9, 19, 26, 38, 69, 70"
4300,"1, 1, 1, 1, 2, 2, 6, 8, 15, 17, 30, 42, 61, 69"
4301,"1, 1, 1, 2, 5, 5, 9, 9, 12, 15, 17, 47, 50, 82"
4302,"1, 2, 2, 4, 4, 8, 8, 13, 16, 30, 48, 52, 68"
4303,"1, 1, 1, 1, 1, 2, 3, 4, 6, 13, 13, 32, 49, 57, 72"
4304,"1, 1, 1, 2, 2, 4, 4, 8, 16, 16, 30, 46, 51, 74"
4305,"1, 1, 1, 1, 1, 1, 5, 5, 9, 13, 19, 28, 53, 57, 61"
4306,"1, 2, 2, 2, 3, 3, 4, 5, 16, 19, 30, 42, 55, 72"
4307,"1, 1, 1, 1, 1, 1, 3, 4, 5, 6, 14, 15, 30, 47, 56, 70"
4308,"1, 1, 2, 2, 2, 6, 7, 7, 9, 16, 28, 40, 64, 71"
4309,"1, 1, 1, 1, 1, 1, 2, 2, 8, 9, 9, 10, 22, 52, 52, 84"
4310,"1, 2, 3, 4, 4, 4, 5, 19, 20, 24, 40, 58, 72"
4311,"1, 1, 1, 2, 2, 2, 3, 7, 15, 24, 40, 44, 52, 62"
4312,"1, 1, 1, 1, 2, 8, 8, 10, 14, 15, 16, 48, 48, 83"
4313,"1, 1, 1, 1, 1, 2, 3, 4, 4, 7, 10, 19, 24, 36, 69, 73"
4314,"1, 1, 2, 2, 2, 3, 5, 7, 15, 24, 36, 46, 56, 56"
4315,"1, 1, 1, 1, 3, 3, 3, 5, 10, 13, 15, 32, 35, 61, 72"
4316,"1, 1, 1, 1, 1, 2, 4, 5, 5, 6, 10, 15, 19, 47, 53, 85"
4317,"1, 1, 2, 2, 2, 3, 6, 7, 17, 22, 40, 40, 54, 59"
4318,"1, 1, 2, 2, 2, 4, 8, 10, 13, 20, 26, 32, 67, 68"
4319,"1, 1, 2, 3, 3, 4, 5, 7, 16, 21, 24, 43, 58, 68"
4320,"1, 1, 1, 1, 1, 2, 6, 6, 8, 9, 10, 26, 52, 53, 79"
4321,"1, 1, 1, 1, 3, 3, 4, 5, 6, 15, 19, 25, 47, 53, 72"
4322,"1, 1, 1, 1, 1, 2, 3, 3, 7, 9, 10, 22, 23, 35, 68, 69"
4323,"1, 1, 2, 3, 4, 9, 10, 12, 12, 35, 50, 51, 66"
4324,"1, 1, 1, 2, 2, 3, 3, 3, 5, 14, 23, 29, 44, 53, 72"
4325,"1, 1, 2, 3, 3, 3, 5, 5, 7, 20, 42, 53, 55, 56"
4326,"1, 1, 2, 2, 4, 6, 10, 21, 25, 26, 42, 52, 64"
4327,"1, 1, 3, 5, 21, 25, 83, 117"
4328,"1, 1, 1, 2, 2, 4, 10, 11, 12, 12, 20, 49, 51, 80"
4329,"1, 1, 1, 1, 1, 3, 5, 7, 7, 16, 21, 26, 45, 54, 67"
4330,"1, 1, 1, 3, 4, 5, 7, 8, 9, 21, 23, 38, 67, 68"
4331,"1, 1, 1, 1, 2, 2, 3, 5, 7, 9, 21, 28, 29, 62, 84"
4332,"1, 1, 1, 1, 1, 1, 5, 6, 10, 12, 19, 43, 46, 51, 58"
4333,"1, 1, 1, 1, 2, 4, 5, 5, 7, 10, 12, 38, 50, 50, 69"
4334,"1, 1, 1, 2, 3, 4, 7, 8, 13, 15, 31, 40, 62, 68"
4335,"1, 1, 1, 2, 4, 5, 7, 8, 15, 18, 27, 47, 52, 68"
4336,"1, 1, 2, 3, 4, 8, 9, 17, 22, 24, 46, 51, 68"
4337,"1, 2, 2, 2, 2, 4, 4, 6, 13, 22, 38, 48, 56, 56"
4338,"1, 1, 1, 2, 4, 6, 7, 7, 9, 16, 29, 40, 64, 69"
4339,"1, 1, 1, 2, 2, 3, 4, 5, 14, 17, 39, 46, 58, 63"
4340,"1, 1, 1, 1, 1, 1, 2, 4, 7, 7, 9, 15, 31, 39, 63, 73"
4341,"1, 1, 1, 1, 1, 5, 5, 13, 19, 23, 24, 43, 46, 73"
4342,"1, 1, 3, 3, 4, 10, 11, 11, 17, 28, 50, 51, 66"
4343,"1, 1, 2, 3, 5, 10, 11, 11, 14, 22, 48, 50, 78"
4344,"1, 1, 1, 2, 2, 5, 5, 7, 14, 28, 34, 46, 52, 58"
4345,"1, 1, 2, 3, 3, 3, 4, 5, 17, 18, 28, 42, 57, 72"
4346,"1, 1, 1, 1, 2, 3, 5, 5, 8, 17, 18, 27, 43, 54, 70"
4347,"1, 1, 1, 1, 1, 1, 1, 2, 3, 3, 11, 14, 20, 25, 31, 65, 75"
4348,"1, 1, 1, 2, 2, 3, 3, 6, 21, 23, 37, 40, 56, 60"
4349,"1, 1, 1, 1, 1, 2, 4, 6, 7, 11, 15, 34, 40, 62, 70"
4350,"1, 1, 1, 1, 1, 3, 3, 7, 7, 20, 23, 24, 42, 53, 69"
4351,"1, 1, 1, 1, 2, 2, 2, 3, 8, 14, 24, 38, 48, 53, 58"
4352,"1, 1, 1, 2, 2, 2, 2, 5, 6, 18, 22, 26, 42, 54, 72"
4353,"1, 1, 1, 1, 1, 1, 2, 3, 3, 5, 9, 19, 43, 54, 56, 56"
4354,"1, 1, 1, 2, 4, 4, 5, 6, 14, 20, 23, 48, 53, 74"
4355,"1, 1, 1, 1, 2, 4, 4, 10, 13, 18, 44, 49, 50, 58"
4356,"1, 1, 1, 2, 2, 2, 3, 6, 6, 6, 13, 34, 43, 66, 70"
4357,"1, 1, 1, 3, 5, 7, 11, 15, 16, 32, 39, 62, 63"
4358,"1, 1, 1, 1, 2, 2, 2, 3, 5, 20, 26, 36, 39, 57, 60"
4359,"1, 1, 1, 1, 1, 2, 2, 10, 11, 12, 15, 31, 49, 51, 68"
4360,"1, 1, 1, 2, 2, 2, 4, 4, 6, 17, 18, 28, 40, 58, 72"
4361,"1, 1, 1, 2, 4, 6, 12, 14, 17, 30, 40, 64, 64"
4362,"1, 1, 1, 2, 2, 3, 3, 5, 8, 9, 22, 37, 38, 58, 66"
4363,"1, 1, 1, 1, 1, 1, 1, 4, 7, 12, 13, 14, 18, 49, 55, 77"
4364,"1, 1, 2, 2, 2, 2, 3, 4, 6, 15, 19, 26, 44, 53, 76"
4365,"1, 1, 1, 1, 1, 2, 3, 3, 5, 15, 27, 30, 47, 59, 60"
4366,"1, 1, 1, 2, 2, 3, 3, 5, 8, 13, 14, 30, 40, 63, 70"
4367,"1, 1, 1, 1, 3, 3, 5, 9, 15, 17, 36, 45, 58, 61"
4368,"1, 1, 2, 2, 4, 4, 4, 6, 20, 21, 26, 38, 56, 71"
4369,"1, 1, 1, 2, 5, 9, 13, 15, 18, 28, 44, 49, 70"
4370,"1, 1, 1, 1, 1, 2, 2, 3, 4, 4, 16, 22, 28, 44, 55, 71"
4371,"1, 1, 1, 1, 1, 1, 3, 4, 9, 9, 17, 35, 37, 61, 75"
4372,"1, 1, 1, 1, 1, 2, 5, 7, 9, 11, 13, 33, 47, 52, 72"
4373,"1, 1, 1, 1, 1, 1, 8, 13, 21, 22, 26, 39, 55, 66"
4374,"1, 1, 1, 1, 1, 1, 1, 3, 5, 7, 13, 20, 34, 38, 58, 71"
4375,"1, 1, 1, 2, 2, 3, 5, 5, 12, 15, 34, 43, 60, 72"
4376,"1, 1, 1, 1, 2, 2, 5, 5, 8, 11, 16, 45, 51, 53, 54"
4377,"1, 1, 1, 2, 2, 3, 3, 4, 6, 15, 18, 27, 47, 56, 70"
4378,"1, 1, 1, 1, 2, 2, 2, 6, 9, 12, 12, 35, 49, 52, 71"
4379,"1, 1, 1, 1, 2, 4, 4, 11, 13, 24, 36, 49, 52, 57"
4380,"1, 1, 1, 1, 2, 2, 2, 3, 10, 18, 18, 28, 42, 59, 68"
4381,"1, 1, 1, 2, 2, 3, 5, 5, 8, 10, 10, 20, 49, 53, 86"
4382,"1, 1, 1, 2, 3, 3, 5, 5, 14, 16, 26, 27, 65, 87"
4383,"1, 1, 1, 1, 1, 1, 3, 4, 7, 9, 10, 14, 23, 48, 51, 81"
4384,"1, 1, 1, 2, 3, 3, 3, 5, 15, 22, 28, 42, 56, 74"
4385,"1, 1, 1, 2, 2, 2, 4, 7, 9, 12, 14, 18, 46, 57, 80"
4386,"1, 1, 1, 2, 2, 3, 4, 6, 6, 12, 14, 31, 47, 56, 70"
4387,"1, 1, 1, 1, 1, 1, 2, 3, 3, 7, 20, 20, 25, 43, 57, 70"
4388,"1, 1, 1, 2, 2, 3, 3, 11, 12, 31, 34, 42, 47, 66"
4389,"1, 1, 1, 1, 2, 4, 4, 4, 19, 22, 37, 43, 57, 60"
4390,"1, 1, 2, 2, 4, 4, 7, 8, 10, 20, 25, 38, 66, 68"
4391,"1, 1, 1, 1, 1, 3, 4, 7, 9, 9, 17, 26, 37, 69, 70"
4392,"1, 1, 1, 2, 4, 4, 4, 6, 18, 20, 30, 39, 56, 70"
4393,"1, 1, 1, 2, 2, 3, 4, 11, 16, 21, 28, 42, 50, 74"
4394,"1, 1, 2, 2, 2, 11, 12, 14, 18, 29, 50, 50, 64"
4395,"1, 1, 1, 1, 1, 3, 4, 7, 10, 13, 16, 33, 38, 61, 66"
4396,"1, 1, 1, 1, 2, 2, 7, 11, 13, 18, 44, 48, 51, 56"
4397,"1, 1, 2, 2, 3, 3, 5, 6, 11, 16, 29, 49, 56, 72"
4398,"1, 1, 2, 4, 5, 9, 10, 14, 16, 32, 36, 60, 66"
4399,"1, 1, 1, 1, 2, 2, 3, 4, 9, 9, 16, 45, 51, 54, 57"
4400,"1, 1, 2, 2, 2, 4, 6, 6, 14, 24, 36, 48, 52, 58"
4401,"1, 1, 1, 1, 3, 3, 4, 5, 6, 11, 19, 25, 51, 55, 70"
4402,"1, 1, 1, 2, 3, 6, 8, 9, 9, 19, 26, 38, 65, 68"
4403,"1, 1, 2, 2, 2, 5, 5, 6, 13, 20, 25, 48, 56, 70"
4404,"1, 1, 1, 2, 2, 2, 2, 3, 4, 7, 7, 10, 34, 53, 54, 73"
4405,"1, 1, 1, 1, 1, 4, 5, 7, 8, 13, 16, 17, 45, 52, 84"
4406,"1, 1, 1, 2, 2, 4, 6, 8, 12, 26, 34, 50, 54, 55"
4407,"1, 1, 2, 7, 17, 31, 94, 103"
4408,"1, 1, 1, 1, 3, 3, 3, 3, 5, 11, 25, 35, 51, 55, 58"
4409,"1, 1, 1, 1, 1, 3, 3, 3, 9, 13, 14, 31, 47, 52, 76"
4410,"1, 1, 1, 2, 2, 3, 7, 11, 13, 18, 26, 40, 65, 66"
4411,"1, 1, 1, 3, 3, 5, 5, 9, 13, 21, 21, 34, 67, 72"
4412,"1, 1, 1, 2, 2, 3, 4, 7, 20, 25, 25, 43, 52, 70"
4413,"1, 1, 1, 1, 1, 2, 2, 5, 12, 12, 22, 40, 49, 49, 58"
4414,"1, 1, 2, 2, 3, 5, 5, 5, 7, 20, 42, 53, 54, 56"
4415,"1, 1, 1, 1, 3, 3, 6, 8, 18, 18, 30, 43, 50, 73"
4416,"1, 1, 1, 3, 4, 5, 5, 7, 9, 16, 27, 40, 65, 72"
4417,"1, 1, 1, 1, 1, 1, 2, 2, 3, 5, 12, 22, 38, 44, 58, 64"
4418,"1, 1, 1, 1, 1, 2, 2, 8, 9, 19, 21, 24, 43, 53, 70"
4419,"1, 1, 1, 1, 1, 2, 4, 5, 5, 6, 10, 18, 27, 36, 69, 69"
4420,"1, 1, 1, 2, 3, 3, 3, 13, 13, 24, 34, 37, 58, 63"
4421,"1, 1, 1, 1, 2, 3, 4, 4, 4, 12, 14, 42, 49, 55, 63"
4422,"1, 1, 3, 5, 5, 5, 6, 7, 13, 29, 55, 58, 68"
4423,"1, 1, 1, 1, 1, 1, 3, 3, 5, 9, 10, 19, 43, 51, 52, 55"
4424,"1, 1, 2, 2, 2, 4, 4, 6, 6, 10, 13, 20, 46, 55, 84"
4425,"1, 1, 2, 3, 5, 5, 8, 19, 25, 35, 44, 54, 54"
4426,"1, 1, 1, 1, 2, 2, 4, 9, 16, 18, 37, 45, 58, 61"
4427,"1, 1, 1, 1, 1, 1, 2, 2, 7, 10, 15, 17, 29, 46, 55, 67"
4428,"1, 1, 1, 1, 1, 2, 3, 3, 6, 6, 13, 14, 18, 47, 57, 82"
4429,"1, 1, 1, 3, 8, 12, 28, 95, 107"
4430,"1, 1, 1, 1, 1, 1, 1, 2, 7, 12, 31, 46, 47, 48, 56"
4431,"1, 1, 1, 2, 3, 3, 8, 10, 11, 19, 19, 43, 53, 82"
4432,"1, 1, 1, 1, 1, 2, 2, 6, 7, 19, 22, 24, 42, 56, 71"
4433,"1, 1, 1, 1, 5, 5, 5, 9, 11, 19, 27, 37, 64, 70"
4434,"1, 1, 1, 1, 2, 3, 10, 11, 20, 22, 25, 41, 52, 66"
4435,"1, 1, 1, 2, 3, 3, 5, 5, 22, 23, 24, 40, 54, 72"
4436,"1, 1, 2, 3, 4, 5, 5, 5, 13, 16, 26, 49, 56, 70"
4437,"1, 1, 1, 1, 1, 1, 3, 3, 11, 18, 24, 39, 43, 49, 60"
4438,"1, 1, 1, 1, 2, 3, 4, 6, 7, 13, 22, 23, 49, 54, 69"
4439,"1, 1, 1, 1, 1, 2, 3, 3, 3, 5, 12, 16, 29, 49, 55, 74"
4440,"1, 1, 3, 3, 6, 7, 25, 30, 31, 42, 53, 54"
4441,"1, 1, 1, 1, 2, 2, 3, 7, 7, 14, 21, 31, 40, 56, 69"
4442,"1, 1, 1, 1, 2, 3, 4, 4, 5, 13, 16, 29, 49, 55, 72"
4443,"1, 1, 1, 2, 2, 3, 3, 10, 19, 24, 37, 44, 51, 58"
4444,"1, 1, 1, 1, 1, 2, 2, 2, 6, 10, 16, 22, 23, 30, 67, 71"
4445,"1, 1, 1, 2, 3, 3, 5, 9, 16, 30, 31, 46, 52, 56"
4446,"1, 1, 1, 1, 1, 2, 2, 4, 4, 6, 15, 16, 29, 47, 57, 69"
4447,"1, 1, 1, 2, 2, 4, 5, 8, 18, 23, 26, 42, 55, 68"
4448,"1, 1, 1, 1, 2, 3, 6, 6, 17, 17, 29, 42, 61, 69"
4449,"1, 1, 1, 1, 3, 3, 6, 7, 10, 25, 35, 51, 54, 58"
4450,"1, 1, 1, 1, 2, 2, 6, 6, 8, 14, 20, 26, 32, 67, 69"
4451,"1, 1, 1, 2, 2, 2, 4, 6, 6, 8, 10, 38, 52, 53, 70"
4452,"1, 1, 1, 4, 5, 10, 13, 14, 15, 32, 46, 48, 66"
4453,"1, 1, 1, 1, 2, 3, 3, 7, 9, 13, 19, 26, 34, 67, 69"
4454,"1, 1, 1, 1, 2, 3, 3, 3, 6, 10, 25, 37, 38, 58, 67"
4455,"1, 1, 1, 1, 1, 1, 2, 5, 5, 10, 11, 18, 20, 43, 51, 85"
4456,"1, 1, 1, 1, 1, 1, 3, 3, 5, 21, 23, 27, 42, 55, 71"
4457,"1, 1, 2, 2, 2, 3, 4, 8, 21, 21, 23, 40, 54, 74"
4458,"1, 1, 1, 2, 2, 4, 8, 10, 15, 21, 25, 46, 54, 66"
4459,"1, 1, 1, 1, 3, 5, 9, 10, 11, 13, 37, 49, 49, 66"
4460,"1, 1, 2, 2, 3, 4, 4, 13, 13, 14, 30, 34, 63, 72"
4461,"1, 1, 2, 2, 3, 4, 4, 8, 8, 18, 26, 43, 66, 70"
4462,"1, 1, 1, 3, 3, 4, 4, 5, 12, 17, 19, 45, 56, 85"
4463,"1, 1, 1, 1, 2, 2, 3, 4, 5, 16, 24, 28, 40, 54, 74"
4464,"1, 1, 2, 2, 3, 4, 6, 8, 9, 18, 27, 51, 58, 66"
4465,"1, 1, 1, 1, 2, 3, 5, 5, 7, 14, 16, 30, 47, 52, 71"
4466,"1, 1, 1, 2, 2, 3, 4, 10, 11, 21, 38, 51, 52, 59"
4467,"1, 1, 1, 1, 1, 2, 2, 7, 10, 12, 19, 42, 50, 51, 56"
4468,"1, 1, 1, 3, 5, 7, 15, 15, 16, 31, 32, 61, 68"
4469,"1, 1, 1, 1, 2, 2, 2, 4, 10, 13, 19, 33, 36, 59, 72"
4470,"1, 1, 1, 5, 5, 5, 7, 10, 17, 25, 41, 68, 70"
4471,"1, 1, 1, 1, 2, 3, 3, 4, 4, 16, 21, 29, 40, 56, 74"
4472,"1, 1, 1, 1, 2, 3, 3, 6, 9, 10, 12, 21, 50, 55, 81"
4473,"1, 1, 2, 3, 3, 7, 7, 13, 16, 38, 45, 56, 64"
4474,"1, 1, 1, 1, 2, 3, 4, 6, 12, 12, 21, 23, 33, 64, 72"
4475,"1, 1, 1, 1, 1, 2, 3, 7, 9, 11, 18, 28, 50, 52, 71"
4476,"1, 1, 1, 1, 2, 2, 3, 5, 9, 9, 19, 35, 36, 58, 74"
4477,"1, 1, 1, 1, 1, 2, 2, 2, 4, 8, 9, 18, 37, 38, 57, 74"
4478,"1, 1, 1, 2, 3, 4, 10, 26, 96, 112"
4479,"1, 1, 5, 6, 8, 8, 11, 15, 28, 52, 55, 66"
4480,"1, 1, 1, 3, 3, 5, 6, 8, 14, 17, 28, 47, 50, 72"
4481,"1, 1, 1, 2, 2, 2, 3, 6, 7, 11, 16, 30, 51, 54, 69"
4482,"1, 1, 1, 1, 1, 1, 2, 3, 7, 10, 11, 11, 17, 52, 54, 83"
4483,"1, 1, 1, 1, 2, 3, 3, 3, 9, 11, 11, 33, 50, 52, 75"
4484,"1, 1, 1, 1, 1, 2, 2, 6, 8, 20, 21, 25, 42, 55, 70"
4485,"1, 1, 1, 1, 2, 2, 3, 5, 9, 10, 22, 24, 36, 68, 71"
4486,"1, 1, 1, 2, 2, 3, 5, 5, 8, 12, 14, 18, 45, 54, 85"
4487,"1, 1, 1, 2, 2, 4, 6, 15, 16, 17, 28, 31, 60, 72"
4488,"1, 1, 2, 2, 3, 3, 5, 7, 19, 22, 23, 42, 54, 72"
4489,"1, 1, 1, 3, 4, 8, 9, 12, 26, 34, 49, 52, 56"
4490,"1, 1, 1, 2, 3, 3, 5, 7, 16, 23, 30, 38, 55, 71"
4491,"1, 1, 1, 2, 2, 4, 8, 12, 19, 42, 58, 106"
4492,"1, 1, 1, 1, 2, 2, 2, 3, 7, 15, 23, 36, 47, 55, 60"
4493,"1, 1, 1, 2, 3, 3, 7, 10, 11, 19, 19, 43, 50, 86"
4494,"1, 1, 1, 2, 2, 2, 6, 7, 16, 23, 38, 40, 55, 62"
4495,"1, 1, 1, 1, 2, 3, 8, 9, 9, 25, 37, 52, 53, 54"
4496,"1, 1, 2, 2, 2, 3, 4, 5, 21, 26, 35, 42, 56, 56"
4497,"1, 1, 1, 1, 1, 2, 4, 6, 8, 9, 23, 40, 51, 53, 55"
4498,"1, 1, 1, 1, 1, 3, 4, 5, 8, 11, 11, 41, 50, 51, 67"
4499,"1, 1, 1, 2, 2, 3, 5, 6, 17, 20, 40, 42, 56, 60"
4500,"1, 1, 1, 1, 2, 3, 6, 11, 15, 17, 30, 40, 62, 66"
4501,"1, 1, 1, 1, 1, 3, 3, 9, 13, 13, 14, 33, 47, 48, 68"
4502,"1, 1, 1, 1, 1, 1, 3, 4, 5, 8, 16, 19, 27, 45, 55, 68"
4503,"1, 1, 1, 2, 2, 4, 4, 10, 20, 23, 24, 42, 56, 66"
4504,"1, 1, 1, 1, 2, 2, 3, 6, 9, 13, 14, 32, 48, 51, 72"
4505,"1, 1, 1, 1, 1, 1, 1, 2, 2, 4, 4, 17, 22, 29, 43, 55, 71"
4506,"1, 1, 1, 2, 2, 2, 5, 5, 7, 14, 16, 16, 44, 56, 84"
4507,"1, 1, 1, 2, 3, 3, 5, 9, 17, 29, 29, 36, 48, 72"
4508,"1, 1, 1, 1, 1, 3, 3, 3, 7, 13, 22, 41, 47, 54, 58"
4509,"1, 2, 3, 3, 4, 7, 8, 20, 22, 24, 40, 52, 70"
4510,"1, 1, 1, 2, 4, 4, 9, 9, 21, 42, 50, 52, 60"
4511,"1, 1, 1, 4, 4, 4, 8, 15, 26, 37, 47, 52, 56"
4512,"1, 1, 1, 1, 2, 3, 4, 10, 19, 19, 25, 43, 57, 70"
4513,"1, 1, 2, 3, 3, 3, 7, 7, 11, 12, 33, 50, 53, 70"
4514,"1, 1, 1, 4, 5, 5, 8, 15, 24, 36, 38, 58, 60"
4515,"1, 1, 2, 3, 3, 5, 6, 7, 9, 12, 34, 52, 53, 68"
4516,"1, 1, 1, 1, 1, 1, 2, 4, 14, 14, 17, 28, 46, 61, 64"
4517,"1, 1, 2, 2, 3, 3, 4, 11, 11, 22, 35, 37, 58, 66"
4518,"1, 1, 1, 1, 1, 1, 2, 3, 9, 14, 24, 36, 48, 52, 62"
4519,"1, 1, 1, 3, 3, 7, 10, 10, 15, 37, 37, 61, 70"
4520,"1, 1, 1, 1, 2, 4, 6, 6, 10, 11, 15, 31, 33, 66, 68"
4521,"1, 1, 1, 2, 3, 4, 4, 8, 13, 15, 32, 47, 54, 71"
4522,"1, 1, 1, 1, 1, 2, 2, 5, 6, 6, 14, 14, 15, 25, 75, 87"
4523,"1, 1, 1, 1, 1, 2, 3, 5, 6, 9, 15, 46, 52, 56, 57"
4524,"1, 1, 1, 1, 2, 2, 2, 9, 10, 13, 16, 21, 40, 53, 84"
4525,"1, 1, 1, 1, 2, 3, 3, 5, 5, 10, 16, 30, 51, 56, 71"
4526,"1, 1, 2, 2, 2, 6, 13, 18, 21, 26, 42, 56, 66"
4527,"1, 1, 1, 2, 3, 4, 8, 11, 12, 18, 25, 50, 54, 66"
4528,"1, 1, 1, 1, 1, 1, 2, 2, 2, 3, 10, 12, 20, 25, 32, 67, 75"
4529,"1, 1, 1, 1, 1, 2, 7, 7, 9, 14, 16, 18, 43, 56, 79"
4530,"1, 1, 1, 2, 3, 5, 5, 6, 14, 15, 30, 48, 57, 68"
4531,"1, 1, 2, 2, 2, 2, 6, 8, 10, 15, 24, 46, 51, 86"
4532,"1, 1, 1, 2, 3, 3, 3, 5, 20, 21, 28, 40, 56, 72"
4533,"1, 1, 1, 2, 4, 6, 6, 7, 8, 20, 26, 38, 66, 70"
4534,"1, 1, 2, 3, 5, 8, 9, 18, 20, 25, 44, 50, 70"
4535,"1, 1, 1, 2, 3, 4, 4, 10, 13, 19, 41, 50, 52, 55"
4536,"1, 1, 2, 3, 3, 3, 3, 6, 16, 17, 27, 42, 60, 72"
4537,"1, 1, 1, 2, 2, 2, 4, 4, 8, 14, 16, 17, 45, 56, 83"
4538,"1, 1, 1, 2, 4, 6, 8, 13, 18, 25, 35, 58, 84"
4539,"1, 1, 1, 1, 1, 3, 6, 6, 7, 16, 19, 28, 45, 54, 67"
4540,"1, 1, 1, 2, 3, 4, 7, 8, 12, 14, 17, 46, 54, 86"
4541,"1, 1, 1, 1, 2, 2, 3, 4, 6, 13, 15, 32, 43, 62, 70"
4542,"1, 1, 1, 1, 2, 2, 2, 3, 3, 6, 7, 18, 43, 54, 55, 57"
4543,"1, 1, 1, 2, 3, 3, 5, 7, 11, 22, 39, 52, 53, 56"
4544,"1, 1, 1, 3, 4, 4, 5, 7, 12, 16, 28, 41, 63, 70"
4545,"1, 1, 1, 2, 3, 6, 7, 10, 11, 20, 25, 36, 63, 70"
4546,"1, 1, 1, 2, 4, 9, 11, 12, 26, 36, 48, 51, 54"
4547,"1, 1, 1, 1, 1, 1, 2, 4, 7, 10, 10, 12, 24, 49, 50, 82"
4548,"1, 1, 1, 1, 2, 2, 4, 5, 5, 11, 26, 28, 33, 57, 79"
4549,"1, 1, 1, 1, 2, 2, 2, 2, 4, 4, 14, 22, 38, 47, 56, 59"
4550,"1, 1, 1, 1, 1, 1, 1, 4, 6, 7, 11, 18, 36, 38, 59, 70"
4551,"1, 1, 1, 1, 1, 3, 3, 5, 5, 15, 25, 35, 47, 55, 58"
4552,"1, 1, 1, 1, 2, 2, 2, 3, 8, 11, 18, 28, 51, 57, 70"
4553,"1, 1, 1, 1, 1, 1, 2, 3, 5, 5, 5, 7, 16, 22, 45, 55, 85"
4554,"1, 1, 1, 1, 1, 2, 3, 5, 8, 16, 24, 31, 37, 53, 72"
4555,"1, 1, 1, 2, 2, 4, 5, 5, 6, 7, 18, 27, 40, 68, 69"
4556,"1, 1, 1, 1, 2, 3, 3, 5, 7, 12, 18, 44, 50, 53, 55"
4557,"1, 1, 1, 1, 2, 2, 4, 4, 7, 16, 16, 40, 45, 56, 60"
4558,"1, 1, 1, 2, 3, 3, 3, 9, 17, 24, 37, 46, 51, 58"
4559,"1, 1, 2, 2, 3, 4, 4, 4, 15, 22, 37, 48, 55, 58"
4560,"1, 1, 2, 3, 3, 5, 5, 7, 11, 19, 25, 50, 52, 72"
4561,"1, 1, 1, 2, 5, 5, 6, 12, 12, 16, 29, 34, 62, 70"
4562,"1, 1, 2, 2, 2, 2, 4, 6, 6, 10, 15, 19, 46, 54, 86"
4563,"1, 1, 1, 1, 2, 2, 8, 9, 15, 15, 32, 45, 54, 70"
4564,"1, 2, 4, 4, 6, 14, 14, 15, 34, 46, 48, 68"
4565,"1, 1, 1, 2, 2, 4, 8, 18, 20, 39, 46, 56, 58"
4566,"1, 1, 1, 1, 1, 2, 3, 4, 14, 14, 18, 43, 46, 47, 60"
4567,"1, 1, 1, 2, 2, 5, 6, 7, 19, 21, 25, 42, 56, 68"
4568,"1, 1, 1, 1, 1, 1, 2, 2, 3, 6, 7, 13, 17, 19, 41, 53, 87"
4569,"1, 1, 1, 2, 3, 4, 7, 7, 9, 20, 24, 40, 67, 70"
4570,"1, 1, 1, 4, 5, 6, 15, 15, 18, 30, 31, 59, 70"
4571,"1, 1, 1, 1, 3, 3, 3, 7, 7, 12, 17, 27, 49, 50, 74"
4572,"1, 1, 1, 2, 2, 4, 5, 9, 13, 17, 30, 53, 56, 62"
4573,"1, 1, 1, 1, 2, 2, 2, 6, 8, 16, 22, 39, 40, 54, 61"
4574,"1, 1, 1, 1, 2, 3, 3, 3, 5, 5, 13, 16, 18, 42, 55, 87"
4575,"1, 1, 1, 1, 1, 3, 5, 5, 5, 13, 19, 28, 47, 57, 69"
4576,"1, 1, 1, 2, 3, 4, 6, 11, 14, 22, 23, 32, 66, 70"
4577,"1, 1, 1, 1, 2, 2, 2, 3, 10, 17, 21, 24, 45, 58, 68"
4578,"1, 1, 1, 1, 1, 1, 3, 4, 4, 7, 14, 20, 27, 47, 55, 69"
4579,"1, 1, 2, 2, 3, 3, 7, 8, 14, 20, 25, 46, 54, 70"
4580,"1, 1, 1, 1, 1, 4, 4, 4, 6, 15, 16, 31, 46, 54, 71"
4581,"1, 1, 1, 1, 1, 1, 5, 6, 8, 16, 18, 28, 45, 58, 66"
4582,"1, 1, 1, 1, 1, 1, 3, 5, 13, 27, 35, 48, 55, 64"
4583,"1, 1, 1, 2, 2, 2, 4, 8, 18, 22, 26, 45, 56, 68"
4584,"1, 1, 1, 2, 2, 5, 5, 8, 12, 21, 34, 37, 58, 69"
4585,"1, 1, 1, 1, 1, 1, 2, 4, 7, 8, 15, 16, 18, 42, 55, 83"
4586,"1, 1, 1, 1, 2, 3, 4, 9, 13, 25, 35, 50, 54, 57"
4587,"1, 1, 1, 1, 1, 2, 4, 6, 10, 12, 18, 29, 36, 61, 73"
4588,"1, 2, 2, 3, 3, 6, 9, 17, 20, 25, 42, 58, 68"
4589,"1, 1, 1, 1, 1, 1, 1, 5, 9, 18, 22, 29, 46, 56, 64"
4590,"1, 1, 2, 3, 3, 3, 7, 7, 11, 15, 30, 39, 64, 70"
4591,"1, 1, 1, 1, 1, 2, 3, 4, 9, 9, 18, 44, 52, 53, 57"
4592,"1, 1, 1, 1, 2, 3, 6, 15, 15, 19, 43, 46, 47, 56"
4593,"1, 1, 1, 2, 2, 2, 2, 6, 7, 8, 19, 42, 54, 54, 55"
4594,"1, 1, 1, 1, 2, 3, 5, 7, 9, 9, 13, 32, 37, 67, 68"
4595,"1, 1, 1, 1, 1, 1, 2, 4, 6, 8, 11, 19, 27, 34, 69, 70"
4596,"1, 1, 1, 1, 1, 2, 3, 9, 11, 15, 17, 27, 45, 52, 70"
4597,"1, 1, 1, 2, 2, 6, 6, 8, 17, 20, 25, 46, 56, 65"
4598,"1, 1, 1, 2, 2, 2, 2, 3, 6, 11, 25, 35, 50, 55, 60"
4599,"1, 1, 1, 1, 1, 2, 6, 6, 13, 24, 33, 42, 54, 71"
4600,"1, 1, 2, 4, 4, 4, 4, 8, 9, 12, 30, 38, 68, 71"
4601,"1, 1, 2, 2, 3, 5, 6, 7, 11, 21, 24, 35, 68, 70"
4602,"1, 1, 1, 1, 1, 2, 3, 4, 11, 12, 21, 24, 33, 67, 74"
4603,"1, 1, 1, 1, 2, 2, 4, 6, 11, 12, 20, 21, 39, 49, 86"
4604,"1, 1, 1, 2, 3, 3, 4, 6, 9, 17, 44, 52, 55, 58"
4605,"1, 1, 2, 2, 2, 10, 12, 13, 28, 33, 34, 52, 66"
4606,"1, 1, 1, 3, 6, 6, 9, 10, 17, 22, 46, 50, 84"
4607,"1, 1, 1, 2, 2, 2, 3, 4, 7, 19, 22, 24, 42, 57, 69"
4608,"1, 1, 2, 2, 4, 4, 6, 8, 13, 15, 30, 48, 52, 70"
4609,"1, 1, 2, 2, 5, 5, 5, 5, 15, 20, 26, 46, 54, 69"
4610,"1, 1, 1, 1, 1, 1, 3, 5, 9, 16, 21, 29, 42, 51, 74"
4611,"1, 1, 1, 3, 3, 4, 6, 11, 13, 13, 31, 50, 50, 69"
4612,"1, 1, 1, 2, 2, 6, 9, 9, 12, 15, 18, 47, 56, 77"
4613,"1, 1, 1, 1, 2, 3, 3, 4, 9, 15, 18, 29, 44, 51, 74"
4614,"1, 1, 1, 1, 3, 4, 7, 8, 12, 14, 20, 46, 54, 84"
4615,"1, 1, 1, 1, 1, 2, 2, 9, 10, 10, 13, 21, 50, 52, 82"
4616,"1, 1, 1, 1, 1, 2, 2, 6, 7, 16, 23, 40, 40, 55, 60"
4617,"1, 1, 1, 1, 1, 2, 5, 9, 9, 10, 14, 32, 51, 53, 66"
4618,"1, 1, 1, 1, 2, 3, 4, 8, 11, 12, 12, 18, 50, 51, 81"
4619,"1, 1, 4, 6, 6, 6, 17, 19, 30, 42, 56, 68"
4620,"1, 1, 2, 3, 4, 8, 11, 17, 21, 26, 44, 50, 68"
4621,"1, 1, 1, 1, 2, 3, 3, 5, 8, 20, 21, 23, 42, 54, 71"
4622,"1, 1, 1, 1, 2, 2, 7, 10, 15, 23, 39, 48, 52, 54"
4623,"1, 1, 1, 3, 4, 4, 14, 16, 21, 24, 44, 61, 62"
4624,"1, 1, 1, 2, 3, 3, 7, 10, 11, 21, 39, 51, 52, 54"
4625,"1, 1, 2, 2, 3, 3, 5, 7, 9, 21, 37, 39, 60, 66"
4626,"1, 1, 1, 1, 1, 1, 2, 3, 6, 14, 23, 40, 48, 55, 59"
4627,"1, 1, 1, 1, 2, 5, 7, 11, 12, 17, 20, 44, 55, 79"
4628,"1, 1, 1, 2, 3, 4, 4, 7, 17, 26, 35, 46, 54, 55"
4629,"1, 1, 1, 1, 1, 1, 2, 4, 5, 6, 9, 12, 33, 53, 57, 69"
4630,"1, 1, 1, 2, 2, 5, 5, 8, 13, 18, 30, 48, 53, 69"
4631,"1, 1, 1, 1, 1, 2, 4, 6, 8, 11, 19, 26, 34, 70, 71"
4632,"1, 1, 1, 1, 2, 2, 3, 9, 12, 26, 36, 47, 115"
4633,"1, 1, 1, 2, 2, 3, 5, 9, 11, 21, 34, 36, 56, 74"
4634,"1, 1, 1, 2, 2, 3, 5, 10, 14, 28, 34, 47, 52, 56"
4635,"1, 1, 1, 1, 2, 2, 3, 5, 11, 14, 17, 18, 42, 56, 82"
4636,"1, 1, 1, 2, 3, 3, 8, 9, 12, 29, 31, 34, 54, 68"
4637,"1, 1, 1, 2, 2, 2, 3, 5, 5, 13, 16, 29, 48, 54, 74"
4638,"1, 1, 1, 1, 1, 1, 1, 6, 8, 12, 22, 35, 49, 56, 61"
4639,"1, 2, 3, 4, 10, 11, 14, 14, 31, 50, 52, 64"
4640,"1, 1, 1, 2, 2, 5, 8, 9, 16, 21, 26, 44, 54, 66"
4641,"1, 1, 2, 2, 2, 2, 2, 4, 6, 18, 19, 27, 44, 56, 70"
4642,"1, 1, 1, 2, 4, 6, 6, 7, 8, 20, 24, 40, 66, 70"
4643,"1, 1, 1, 1, 1, 3, 7, 11, 21, 21, 23, 42, 51, 72"
4644,"1, 1, 1, 2, 2, 3, 6, 7, 15, 29, 31, 46, 56, 56"
4645,"1, 1, 1, 1, 2, 5, 10, 11, 16, 16, 20, 41, 52, 79"
4646,"1, 1, 1, 1, 1, 2, 2, 4, 4, 10, 14, 20, 25, 32, 65, 73"
4647,"1, 1, 1, 2, 2, 3, 6, 7, 8, 12, 12, 17, 48, 50, 86"
4648,"1, 1, 1, 3, 3, 4, 6, 11, 14, 19, 26, 32, 66, 69"
4649,"1, 1, 2, 2, 2, 4, 8, 9, 10, 12, 32, 52, 54, 67"
4650,"1, 1, 1, 1, 1, 2, 2, 3, 4, 5, 14, 15, 30, 47, 58, 71"
4651,"1, 1, 2, 2, 3, 3, 4, 5, 7, 18, 43, 53, 56, 58"
4652,"1, 1, 2, 2, 3, 3, 5, 6, 13, 27, 32, 49, 56, 56"
4653,"1, 1, 2, 3, 3, 5, 5, 5, 9, 19, 26, 40, 67, 70"
4654,"1, 1, 2, 3, 5, 5, 13, 14, 20, 42, 46, 48, 56"
4655,"1, 1, 1, 2, 2, 2, 2, 4, 8, 9, 18, 42, 53, 54, 57"
4656,"1, 1, 1, 2, 2, 2, 3, 4, 8, 10, 17, 42, 52, 52, 59"
4657,"1, 1, 1, 2, 4, 4, 8, 10, 14, 21, 22, 32, 68, 68"
4658,"1, 1, 1, 1, 2, 2, 3, 7, 10, 14, 14, 32, 48, 50, 70"
4659,"1, 1, 1, 3, 5, 5, 12, 12, 13, 20, 49, 56, 78"
4660,"1, 1, 1, 1, 1, 1, 4, 8, 11, 11, 19, 28, 35, 67, 67"
4661,"1, 2, 2, 3, 4, 6, 6, 15, 27, 32, 48, 54, 56"
4662,"1, 1, 1, 2, 4, 4, 8, 14, 18, 48, 50, 105"
4663,"1, 1, 1, 3, 4, 4, 6, 7, 15, 20, 23, 47, 54, 70"
4664,"1, 1, 2, 2, 3, 3, 5, 7, 12, 19, 26, 41, 66, 68"
4665,"1, 1, 1, 2, 3, 3, 7, 9, 16, 17, 32, 38, 59, 67"
4666,"1, 1, 1, 2, 2, 3, 5, 11, 20, 21, 26, 40, 57, 66"
4667,"1, 1, 2, 2, 3, 4, 5, 6, 9, 30, 30, 36, 55, 72"
4668,"1, 1, 1, 1, 1, 3, 4, 6, 9, 10, 14, 33, 51, 52, 69"
4669,"1, 1, 1, 1, 2, 3, 3, 5, 7, 16, 18, 38, 43, 56, 61"
4670,"1, 1, 2, 2, 2, 3, 3, 3, 23, 23, 36, 41, 56, 60"
4671,"1, 1, 1, 2, 3, 4, 7, 8, 11, 20, 41, 52, 52, 53"
4672,"1, 1, 1, 1, 1, 3, 5, 5, 5, 13, 17, 41, 45, 56, 61"
4673,"1, 1, 1, 2, 2, 4, 4, 4, 6, 11, 15, 30, 50, 55, 70"
4674,"1, 1, 1, 2, 4, 5, 5, 6, 13, 14, 32, 50, 52, 70"
4675,"1, 1, 1, 1, 2, 4, 4, 5, 7, 8, 16, 26, 45, 52, 83"
4676,"1, 1, 1, 1, 3, 3, 6, 9, 18, 21, 23, 44, 57, 68"
4677,"1, 1, 1, 1, 1, 1, 4, 4, 5, 8, 13, 32, 58, 58, 68"
4678,"1, 1, 1, 1, 1, 2, 4, 4, 6, 16, 24, 29, 41, 53, 72"
4679,"1, 1, 2, 2, 2, 3, 6, 7, 16, 22, 30, 38, 54, 72"
4680,"1, 1, 1, 2, 3, 3, 7, 9, 11, 15, 31, 50, 52, 70"
4681,"1, 1, 1, 1, 4, 4, 8, 10, 13, 15, 32, 49, 50, 67"
4682,"1, 1, 1, 1, 1, 3, 4, 6, 7, 17, 21, 23, 45, 56, 69"
4683,"1, 1, 1, 1, 2, 5, 6, 9, 13, 16, 19, 43, 57, 82"
4684,"1, 1, 1, 2, 2, 6, 6, 8, 10, 12, 20, 50, 56, 81"
4685,"1, 1, 1, 1, 1, 1, 3, 7, 9, 17, 19, 28, 45, 53, 69"
4686,"1, 1, 1, 1, 3, 3, 5, 9, 19, 23, 24, 43, 55, 68"
4687,"1, 1, 1, 1, 1, 2, 2, 2, 8, 8, 14, 14, 17, 46, 53, 85"
4688,"1, 1, 1, 1, 2, 4, 7, 10, 15, 16, 31, 40, 59, 68"
4689,"1, 1, 1, 1, 1, 3, 4, 5, 6, 17, 19, 26, 45, 57, 69"
4690,"1, 1, 1, 1, 2, 5, 6, 8, 19, 22, 24, 44, 57, 65"
4691,"1, 1, 1, 1, 2, 3, 4, 6, 10, 12, 22, 23, 33, 65, 72"
4692,"1, 1, 1, 1, 2, 4, 6, 6, 16, 25, 36, 46, 51, 60"
4693,"1, 1, 1, 1, 2, 2, 4, 6, 6, 12, 23, 38, 49, 52, 58"
4694,"1, 1, 1, 1, 2, 5, 7, 11, 15, 16, 34, 44, 46, 72"
4695,"1, 1, 2, 2, 3, 5, 7, 7, 15, 16, 28, 47, 54, 68"
4696,"1, 1, 2, 5, 7, 12, 15, 22, 26, 32, 66, 67"
4697,"1, 1, 1, 1, 1, 3, 4, 7, 7, 11, 18, 26, 51, 55, 69"
4698,"1, 1, 1, 1, 1, 3, 3, 3, 5, 13, 23, 35, 49, 56, 61"
4699,"1, 1, 2, 2, 2, 3, 6, 8, 13, 18, 28, 47, 55, 70"
4700,"1, 1, 1, 1, 3, 3, 7, 8, 11, 19, 25, 51, 56, 69"
4701,"1, 1, 2, 2, 2, 5, 7, 9, 10, 14, 32, 38, 66, 67"
4702,"1, 1, 1, 1, 2, 2, 3, 7, 7, 14, 15, 31, 40, 59, 72"
4703,"1, 1, 1, 2, 3, 4, 6, 13, 16, 22, 24, 30, 64, 69"
4704,"1, 1, 1, 1, 3, 5, 5, 9, 13, 19, 44, 50, 51, 53"
4705,"1, 1, 1, 1, 1, 1, 1, 1, 2, 3, 8, 10, 17, 29, 37, 66, 76"
4706,"1, 1, 2, 2, 2, 4, 5, 11, 15, 16, 30, 42, 61, 64"
4707,"1, 1, 1, 1, 1, 5, 5, 5, 7, 12, 21, 22, 33, 70, 71"
4708,"1, 1, 1, 1, 3, 5, 5, 11, 13, 17, 29, 35, 62, 72"
4709,"1, 1, 1, 1, 2, 3, 4, 6, 9, 12, 13, 33, 50, 51, 69"
4710,"1, 1, 1, 1, 3, 5, 7, 9, 13, 17, 26, 49, 53, 70"
4711,"1, 1, 1, 1, 1, 1, 4, 4, 5, 7, 12, 19, 27, 49, 56, 67"
4712,"1, 1, 2, 2, 4, 5, 11, 14, 23, 36, 36, 58, 63"
4713,"1, 1, 1, 1, 1, 3, 3, 4, 6, 17, 21, 24, 44, 59, 70"
4714,"1, 1, 1, 1, 1, 1, 2, 2, 2, 2, 4, 15, 20, 31, 43, 56, 73"
4715,"1, 1, 1, 1, 1, 1, 2, 2, 6, 9, 13, 22, 22, 33, 69, 72"
4716,"1, 1, 1, 1, 1, 3, 11, 35, 97, 105"
4717,"1, 1, 1, 1, 2, 3, 4, 10, 14, 23, 38, 48, 53, 57"
4718,"1, 1, 2, 2, 4, 4, 6, 8, 14, 16, 18, 44, 52, 84"
4719,"1, 1, 1, 1, 2, 3, 3, 7, 9, 12, 15, 29, 38, 65, 69"
4720,"1, 1, 1, 2, 4, 5, 5, 7, 15, 18, 25, 46, 56, 70"
4721,"1, 1, 3, 3, 10, 11, 12, 19, 26, 50, 54, 66"
4722,"1, 1, 1, 2, 3, 3, 9, 11, 11, 18, 28, 51, 51, 66"
4723,"1, 1, 2, 3, 3, 4, 7, 13, 16, 31, 48, 54, 73"
4724,"1, 1, 2, 2, 3, 3, 6, 9, 12, 19, 40, 50, 52, 56"
4725,"1, 1, 1, 1, 1, 3, 6, 7, 8, 9, 17, 23, 45, 52, 81"
4726,"1, 1, 1, 1, 1, 2, 2, 3, 4, 10, 14, 15, 32, 35, 61, 73"
4727,"1, 1, 1, 2, 2, 3, 4, 4, 5, 8, 16, 31, 50, 56, 72"
4728,"1, 1, 1, 1, 2, 4, 8, 10, 17, 18, 29, 45, 50, 69"
4729,"1, 1, 1, 1, 2, 5, 5, 7, 17, 18, 29, 46, 55, 68"
4730,"1, 1, 1, 1, 1, 2, 2, 3, 3, 4, 14, 19, 41, 43, 58, 62"
4731,"1, 1, 1, 2, 2, 2, 4, 4, 4, 15, 16, 30, 42, 58, 74"
4732,"1, 1, 2, 3, 3, 4, 7, 8, 10, 15, 30, 36, 66, 70"
4733,"1, 1, 1, 1, 2, 2, 3, 9, 12, 14, 14, 31, 47, 50, 68"
4734,"1, 1, 1, 1, 2, 8, 8, 8, 12, 20, 26, 33, 63, 72"
4735,"1, 1, 2, 2, 3, 4, 5, 9, 10, 24, 36, 37, 56, 66"
4736,"1, 1, 1, 1, 1, 1, 3, 3, 3, 10, 11, 23, 35, 39, 58, 65"
4737,"1, 1, 1, 1, 2, 4, 9, 10, 20, 22, 24, 41, 54, 66"
4738,"1, 1, 1, 1, 2, 3, 4, 4, 5, 17, 22, 27, 42, 54, 72"
4739,"1, 1, 2, 3, 4, 9, 14, 16, 16, 30, 46, 46, 68"
4740,"1, 1, 1, 1, 1, 2, 2, 3, 3, 6, 18, 21, 23, 43, 58, 72"
4741,"1, 1, 1, 1, 2, 2, 3, 7, 7, 9, 17, 29, 40, 66, 70"
4742,"1, 1, 1, 1, 2, 3, 5, 7, 7, 16, 18, 27, 45, 54, 68"
4743,"1, 1, 1, 1, 2, 3, 4, 4, 5, 15, 21, 40, 47, 55, 56"
4744,"1, 1, 2, 3, 3, 4, 7, 17, 23, 38, 42, 54, 61"
4745,"1, 1, 1, 1, 1, 1, 4, 7, 8, 12, 18, 35, 36, 58, 72"
4746,"1, 2, 2, 2, 4, 8, 10, 14, 17, 34, 38, 58, 66"
4747,"1, 2, 2, 2, 3, 4, 4, 4, 7, 24, 36, 53, 56, 58"
4748,"1, 1, 1, 1, 1, 1, 2, 2, 7, 8, 12, 23, 23, 34, 69, 70"
4749,"1, 1, 1, 1, 1, 1, 2, 3, 7, 13, 24, 37, 49, 56, 59"
4750,"1, 1, 1, 1, 2, 3, 8, 9, 14, 15, 33, 38, 61, 69"
4751,"1, 1, 1, 1, 3, 3, 7, 9, 16, 23, 38, 46, 53, 54"
4752,"1, 1, 1, 1, 1, 1, 2, 3, 5, 9, 11, 15, 31, 51, 51, 72"
4753,"1, 1, 1, 2, 2, 2, 3, 5, 8, 13, 14, 30, 41, 64, 69"
4754,"1, 1, 1, 2, 2, 3, 3, 5, 6, 7, 19, 41, 54, 55, 56"
4755,"1, 1, 1, 2, 2, 4, 4, 5, 9, 13, 14, 16, 47, 56, 81"
4756,"1, 1, 2, 2, 3, 7, 7, 7, 11, 17, 18, 42, 56, 82"
4757,"1, 1, 1, 1, 2, 3, 4, 6, 10, 11, 18, 29, 34, 66, 69"
4758,"1, 1, 1, 3, 3, 5, 5, 11, 11, 17, 28, 35, 63, 72"
4759,"1, 1, 1, 1, 1, 4, 5, 6, 11, 15, 15, 16, 46, 54, 79"
4760,"1, 1, 1, 1, 1, 2, 3, 6, 7, 10, 17, 28, 51, 58, 69"
4761,"1, 1, 2, 3, 3, 7, 11, 13, 24, 36, 37, 58, 60"
4762,"1, 1, 1, 1, 2, 3, 4, 5, 6, 13, 18, 27, 47, 57, 70"
4763,"1, 1, 2, 2, 3, 4, 6, 20, 21, 23, 42, 58, 73"
4764,"1, 1, 1, 1, 2, 2, 3, 8, 10, 11, 14, 19, 48, 52, 83"
4765,"1, 1, 1, 1, 1, 2, 2, 2, 7, 10, 12, 14, 18, 47, 51, 86"
4766,"1, 1, 1, 2, 2, 3, 6, 9, 15, 20, 28, 46, 50, 72"
4767,"1, 1, 2, 2, 2, 2, 2, 4, 6, 18, 19, 26, 42, 57, 72"
4768,"1, 1, 1, 2, 2, 3, 7, 7, 15, 28, 33, 46, 54, 56"
4769,"1, 1, 1, 2, 3, 3, 3, 4, 4, 15, 20, 28, 42, 57, 72"
4770,"1, 1, 1, 5, 7, 8, 9, 14, 17, 18, 22, 72, 81"
4771,"1, 1, 1, 3, 3, 5, 7, 9, 9, 19, 25, 38, 67, 68"
4772,"1, 1, 1, 1, 3, 4, 7, 8, 20, 20, 25, 42, 56, 67"
4773,"1, 1, 1, 1, 2, 2, 4, 5, 5, 13, 23, 38, 49, 53, 58"
4774,"1, 1, 1, 2, 3, 4, 7, 10, 14, 16, 17, 44, 54, 82"
4775,"1, 1, 1, 2, 5, 7, 11, 15, 22, 24, 40, 59, 68"
4776,"1, 1, 1, 1, 2, 2, 4, 5, 9, 15, 17, 28, 47, 57, 66"
4777,"1, 1, 1, 1, 2, 2, 8, 11, 13, 26, 36, 49, 52, 53"
4778,"1, 1, 1, 2, 2, 3, 4, 4, 6, 10, 18, 28, 49, 58, 69"
4779,"1, 1, 2, 2, 5, 5, 6, 6, 11, 14, 30, 51, 54, 68"
4780,"1, 1, 1, 1, 1, 2, 3, 7, 14, 15, 16, 29, 45, 48, 72"
4781,"1, 1, 3, 4, 6, 8, 9, 10, 21, 24, 37, 66, 66"
4782,"1, 1, 1, 1, 2, 2, 3, 5, 5, 22, 22, 24, 40, 56, 71"
4783,"1, 1, 1, 2, 3, 3, 4, 7, 17, 23, 37, 46, 54, 57"
4784,"1, 1, 2, 2, 3, 4, 4, 8, 15, 17, 28, 46, 53, 72"
4785,"1, 1, 1, 1, 3, 5, 5, 7, 11, 17, 29, 49, 58, 68"
4786,"1, 1, 1, 1, 1, 3, 3, 6, 18, 31, 41, 44, 47, 58"
4787,"1, 1, 2, 3, 3, 3, 5, 7, 7, 21, 38, 53, 56, 56"
4788,"1, 1, 1, 2, 2, 5, 7, 7, 9, 20, 41, 50, 54, 56"
4789,"1, 1, 1, 1, 1, 1, 3, 5, 8, 13, 17, 29, 49, 55, 71"
4790,"1, 1, 1, 2, 2, 2, 2, 3, 6, 13, 22, 38, 48, 56, 59"
4791,"1, 1, 1, 1, 1, 2, 3, 5, 7, 12, 18, 35, 43, 60, 66"
4792,"1, 1, 1, 1, 1, 1, 3, 6, 9, 10, 14, 22, 47, 60, 79"
4793,"1, 1, 1, 1, 1, 1, 1, 4, 5, 6, 13, 14, 33, 47, 57, 70"
4794,"1, 1, 1, 2, 2, 7, 7, 10, 11, 20, 26, 35, 65, 68"
4795,"1, 1, 1, 1, 1, 4, 4, 6, 10, 11, 17, 29, 36, 64, 70"
4796,"1, 1, 1, 2, 5, 5, 7, 7, 8, 13, 23, 47, 52, 84"
4797,"1, 1, 1, 2, 3, 3, 4, 5, 11, 19, 42, 51, 55, 58"
4798,"1, 2, 2, 5, 10, 11, 13, 18, 30, 50, 52, 62"
4799,"1, 1, 1, 2, 2, 2, 4, 6, 15, 16, 32, 44, 54, 76"
4800,"1, 1, 1, 1, 1, 2, 2, 2, 7, 18, 24, 37, 44, 55, 60"
4801,"1, 1, 2, 4, 4, 6, 6, 9, 24, 36, 53, 54, 56"
4802,"1, 1, 2, 2, 2, 2, 4, 6, 6, 10, 20, 26, 34, 70, 70"
4803,"1, 1, 1, 1, 2, 4, 5, 6, 7, 14, 14, 18, 43, 55, 84"
4804,"1, 1, 2, 2, 5, 5, 5, 7, 11, 16, 29, 38, 64, 70"
4805,"1, 1, 1, 1, 2, 3, 3, 3, 5, 13, 19, 41, 42, 57, 64"
4806,"1, 1, 1, 2, 3, 3, 9, 10, 11, 18, 27, 35, 67, 68"
4807,"1, 1, 1, 3, 4, 4, 8, 15, 16, 44, 45, 51, 63"
4808,"1, 1, 1, 1, 1, 2, 2, 3, 4, 7, 9, 13, 34, 51, 53, 73"
4809,"1, 1, 1, 1, 1, 3, 5, 10, 13, 23, 39, 49, 54, 55"
4810,"1, 1, 1, 1, 1, 1, 2, 6, 9, 17, 21, 26, 44, 53, 72"
4811,"1, 1, 1, 1, 1, 2, 3, 7, 9, 13, 17, 26, 50, 55, 69"
4812,"1, 1, 1, 2, 2, 2, 2, 6, 9, 9, 16, 29, 52, 54, 70"
4813,"1, 1, 1, 2, 2, 2, 3, 9, 10, 10, 14, 31, 50, 52, 68"
4814,"1, 1, 1, 2, 3, 5, 5, 11, 12, 12, 35, 48, 50, 70"
4815,"1, 1, 1, 1, 1, 1, 2, 4, 4, 6, 13, 16, 31, 47, 56, 71"
4816,"1, 1, 1, 1, 2, 4, 4, 4, 6, 12, 17, 30, 46, 55, 72"
4817,"1, 1, 1, 1, 1, 1, 2, 3, 5, 9, 10, 10, 37, 51, 51, 72"
4818,"1, 1, 2, 3, 4, 6, 10, 15, 15, 29, 42, 62, 66"
4819,"1, 1, 1, 1, 1, 2, 3, 3, 3, 5, 14, 26, 35, 47, 56, 57"
4820,"1, 1, 1, 1, 1, 1, 4, 5, 10, 15, 21, 25, 46, 58, 66"
4821,"1, 1, 1, 1, 1, 3, 5, 11, 13, 24, 37, 47, 111"
4822,"1, 1, 1, 1, 2, 2, 2, 5, 6, 6, 11, 13, 16, 24, 79, 86"
4823,"1, 1, 2, 2, 3, 3, 5, 8, 10, 21, 22, 40, 52, 86"
4824,"1, 1, 1, 2, 2, 2, 2, 4, 4, 20, 23, 38, 42, 56, 58"
4825,"1, 1, 1, 1, 2, 3, 3, 4, 10, 15, 16, 29, 47, 49, 74"
4826,"1, 1, 1, 1, 1, 5, 5, 6, 7, 8, 19, 28, 39, 65, 69"
4827,"1, 1, 1, 1, 1, 1, 1, 2, 5, 10, 13, 14, 32, 49, 51, 73"
4828,"1, 1, 1, 1, 1, 1, 2, 3, 7, 8, 19, 20, 27, 41, 53, 70"
4829,"1, 1, 1, 2, 2, 5, 7, 8, 11, 14, 33, 48, 54, 69"
4830,"1, 1, 1, 1, 1, 3, 3, 3, 5, 16, 21, 38, 44, 56, 62"
4831,"1, 1, 1, 1, 3, 3, 5, 8, 12, 18, 20, 27, 69, 87"
4832,"1, 1, 1, 1, 1, 2, 3, 5, 9, 13, 15, 36, 45, 48, 75"
4833,"1, 1, 2, 3, 3, 7, 7, 13, 24, 38, 47, 54, 56"
4834,"1, 1, 1, 2, 2, 2, 3, 4, 5, 12, 19, 40, 42, 58, 64"
4835,"1, 1, 1, 1, 1, 3, 3, 6, 9, 14, 15, 31, 37, 59, 74"
4836,"1, 1, 1, 1, 1, 2, 2, 4, 4, 4, 12, 25, 37, 48, 55, 58"
4837,"1, 1, 2, 2, 2, 4, 6, 6, 11, 24, 36, 51, 52, 58"
4838,"1, 1, 1, 1, 4, 5, 6, 9, 13, 19, 23, 34, 69, 70"
4839,"1, 1, 2, 2, 3, 5, 5, 10, 11, 13, 20, 48, 55, 80"
4840,"1, 1, 2, 2, 2, 2, 3, 5, 6, 13, 18, 26, 48, 55, 72"
4841,"1, 1, 1, 2, 3, 5, 5, 9, 9, 10, 35, 52, 53, 70"
4842,"1, 1, 2, 2, 4, 8, 10, 11, 20, 24, 50, 54, 69"
4843,"1, 1, 1, 1, 2, 3, 6, 6, 10, 11, 12, 19, 47, 56, 80"
4844,"1, 1, 3, 4, 6, 8, 10, 14, 15, 18, 44, 48, 84"
4845,"1, 1, 1, 1, 1, 1, 2, 4, 6, 6, 15, 16, 31, 46, 51, 73"
4846,"1, 1, 2, 2, 2, 2, 6, 11, 12, 20, 41, 50, 50, 56"
4847,"1, 1, 1, 2, 3, 4, 8, 9, 13, 16, 34, 36, 60, 68"
4848,"1, 1, 1, 1, 4, 5, 9, 9, 10, 11, 16, 53, 53, 82"
4849,"1, 1, 2, 2, 3, 3, 3, 5, 5, 12, 17, 26, 48, 56, 72"
4850,"1, 1, 1, 1, 2, 2, 3, 7, 9, 9, 15, 31, 52, 54, 68"
4851,"1, 1, 1, 1, 2, 3, 3, 7, 7, 13, 16, 29, 49, 49, 74"
4852,"1, 1, 1, 1, 1, 4, 5, 7, 8, 9, 9, 21, 51, 54, 83"
4853,"1, 1, 2, 2, 2, 4, 8, 10, 11, 14, 18, 52, 54, 77"
4854,"1, 1, 1, 1, 2, 3, 5, 12, 16, 25, 36, 46, 50, 57"
4855,"1, 1, 2, 2, 2, 3, 7, 10, 11, 26, 34, 35, 54, 68"
4856,"1, 1, 2, 2, 3, 3, 3, 4, 23, 24, 36, 42, 54, 58"
4857,"1, 2, 2, 2, 3, 4, 8, 8, 9, 15, 22, 46, 50, 84"
4858,"1, 1, 1, 1, 1, 2, 2, 3, 6, 18, 29, 31, 44, 56, 60"
4859,"1, 1, 1, 1, 1, 4, 5, 6, 12, 31, 40, 42, 47, 64"
4860,"1, 1, 2, 2, 2, 3, 6, 10, 17, 19, 26, 40, 59, 68"
4861,"1, 1, 1, 1, 1, 1, 1, 2, 5, 9, 14, 21, 37, 41, 57, 63"
4862,"1, 1, 1, 1, 1, 3, 3, 7, 11, 11, 20, 34, 35, 57, 70"
4863,"1, 1, 1, 2, 3, 4, 7, 8, 10, 11, 24, 48, 52, 84"
4864,"1, 1, 1, 1, 1, 1, 2, 3, 7, 7, 12, 16, 20, 42, 56, 85"
4865,"1, 1, 1, 1, 1, 5, 5, 7, 7, 9, 18, 22, 44, 51, 83"
4866,"1, 1, 1, 1, 1, 1, 1, 2, 3, 9, 15, 15, 30, 46, 53, 76"
4867,"1, 2, 2, 7, 17, 29, 94, 104"
4868,"1, 1, 1, 1, 2, 3, 11, 11, 12, 14, 33, 49, 51, 66"
4869,"1, 1, 1, 3, 4, 4, 8, 9, 9, 21, 22, 37, 68, 68"
4870,"1, 1, 1, 1, 1, 2, 6, 7, 8, 12, 15, 18, 45, 56, 82"
4871,"1, 1, 1, 2, 2, 2, 3, 7, 8, 13, 20, 25, 33, 68, 70"
4872,"1, 1, 1, 2, 2, 5, 6, 13, 13, 15, 16, 48, 55, 78"
4873,"1, 1, 1, 1, 2, 2, 3, 4, 9, 9, 21, 37, 38, 58, 69"
4874,"1, 1, 1, 1, 1, 2, 4, 4, 6, 6, 10, 16, 20, 45, 53, 85"
4875,"1, 2, 2, 4, 5, 5, 11, 12, 20, 24, 34, 66, 70"
4876,"1, 1, 1, 1, 1, 1, 2, 2, 3, 5, 22, 25, 37, 40, 55, 59"
4877,"1, 1, 1, 1, 3, 3, 4, 4, 5, 7, 8, 27, 53, 55, 83"
4878,"1, 1, 1, 1, 1, 2, 4, 6, 7, 13, 19, 27, 46, 55, 72"
4879,"1, 1, 1, 1, 2, 2, 6, 8, 18, 22, 39, 40, 56, 59"
4880,"1, 1, 1, 2, 4, 4, 6, 10, 11, 17, 18, 45, 54, 82"
4881,"1, 1, 1, 1, 1, 2, 5, 5, 7, 17, 22, 29, 42, 54, 68"
4882,"1, 1, 1, 1, 1, 1, 1, 4, 4, 4, 7, 17, 44, 55, 56, 58"
4883,"1, 1, 2, 3, 4, 4, 4, 21, 25, 35, 44, 56, 56"
4884,"1, 1, 1, 1, 1, 3, 4, 5, 10, 16, 16, 31, 45, 49, 72"
4885,"1, 1, 1, 1, 2, 2, 2, 4, 8, 17, 21, 40, 45, 51, 60"
4886,"1, 1, 1, 1, 2, 2, 2, 2, 3, 4, 9, 15, 36, 42, 62, 73"
4887,"1, 1, 2, 3, 4, 4, 5, 6, 17, 20, 23, 44, 56, 70"
4888,"1, 1, 1, 2, 2, 2, 3, 3, 4, 4, 5, 7, 26, 54, 55, 86"
4889,"1, 1, 1, 1, 1, 2, 3, 7, 13, 16, 16, 29, 46, 48, 71"
4890,"1, 1, 1, 1, 2, 2, 2, 2, 2, 8, 18, 20, 25, 43, 54, 74"
4891,"1, 1, 1, 3, 3, 5, 6, 8, 9, 22, 23, 38, 65, 71"
4892,"1, 1, 1, 2, 2, 3, 5, 10, 17, 17, 34, 44, 45, 74"
4893,"1, 1, 1, 1, 1, 2, 5, 6, 9, 11, 16, 19, 46, 55, 82"
4894,"1, 1, 1, 1, 1, 2, 2, 3, 5, 5, 13, 18, 27, 48, 56, 72"
4895,"1, 1, 3, 3, 3, 5, 13, 15, 27, 32, 33, 56, 64"
4896,"1, 1, 1, 1, 2, 3, 4, 7, 8, 12, 16, 29, 53, 54, 64"
4897,"1, 1, 1, 1, 2, 2, 3, 4, 5, 15, 25, 30, 40, 52, 74"
4898,"1, 1, 1, 2, 3, 4, 5, 8, 15, 16, 29, 47, 52, 72"
4899,"1, 1, 2, 2, 2, 3, 7, 10, 10, 22, 40, 50, 52, 54"
4900,"1, 1, 1, 3, 5, 5, 5, 5, 16, 19, 26, 46, 53, 70"
4901,"1, 1, 1, 1, 1, 1, 2, 2, 4, 4, 4, 15, 16, 30, 45, 57, 71"
4902,"1, 1, 1, 1, 2, 2, 3, 5, 6, 13, 19, 30, 44, 55, 73"
4903,"1, 1, 1, 1, 1, 3, 4, 8, 9, 9, 21, 26, 37, 66, 68"
4904,"1, 1, 1, 2, 3, 3, 5, 9, 17, 22, 23, 44, 54, 71"
4905,"1, 2, 3, 4, 4, 5, 8, 17, 20, 24, 44, 56, 68"
4906,"1, 1, 2, 2, 6, 16, 24, 84, 120"
4907,"1, 1, 1, 1, 2, 4, 14, 31, 93, 108"
4908,"1, 1, 2, 2, 2, 2, 2, 6, 6, 17, 22, 24, 42, 55, 72"
4909,"1, 1, 2, 2, 3, 4, 6, 8, 11, 20, 22, 38, 54, 84"
4910,"1, 1, 1, 2, 2, 3, 4, 6, 6, 8, 11, 25, 52, 52, 82"
4911,"1, 1, 1, 1, 2, 2, 3, 4, 8, 14, 23, 37, 42, 54, 63"
4912,"1, 1, 1, 1, 1, 2, 3, 6, 8, 14, 15, 31, 39, 61, 72"
4913,"1, 1, 1, 1, 2, 3, 3, 5, 7, 12, 15, 30, 44, 64, 67"
4914,"1, 1, 1, 1, 1, 1, 1, 2, 4, 6, 21, 25, 26, 43, 51, 71"
4915,"1, 1, 1, 2, 2, 2, 4, 6, 10, 14, 16, 18, 42, 52, 85"
4916,"1, 1, 1, 1, 2, 5, 5, 6, 14, 15, 31, 47, 57, 70"
4917,"1, 1, 1, 1, 1, 1, 2, 3, 4, 18, 18, 43, 45, 58, 59"
4918,"1, 1, 1, 1, 2, 3, 3, 3, 3, 3, 13, 17, 26, 49, 57, 73"
4919,"1, 1, 2, 2, 3, 4, 7, 8, 10, 15, 29, 40, 64, 70"
4920,"1, 1, 1, 1, 1, 1, 3, 4, 5, 5, 6, 7, 27, 55, 55, 83"
4921,"1, 2, 2, 3, 3, 4, 12, 15, 15, 43, 48, 50, 58"
4922,"1, 1, 1, 3, 4, 4, 6, 6, 6, 13, 22, 50, 53, 86"
4923,"1, 1, 2, 2, 2, 3, 4, 5, 11, 22, 28, 37, 58, 80"
4924,"1, 1, 1, 2, 4, 4, 6, 8, 16, 20, 26, 46, 55, 66"
4925,"1, 1, 1, 2, 3, 19, 32, 92, 105"
4926,"1, 1, 2, 2, 2, 2, 4, 10, 13, 19, 44, 48, 50, 58"
4927,"1, 1, 1, 1, 2, 3, 3, 7, 11, 12, 17, 17, 45, 49, 86"
4928,"1, 1, 1, 2, 2, 2, 4, 4, 5, 16, 23, 29, 42, 52, 72"
4929,"1, 1, 1, 1, 1, 2, 2, 10, 12, 15, 15, 31, 47, 49, 68"
4930,"1, 1, 2, 3, 3, 6, 6, 21, 23, 30, 42, 46, 72"
4931,"1, 1, 1, 1, 2, 3, 3, 3, 10, 11, 19, 41, 51, 52, 57"
4932,"1, 1, 1, 1, 1, 2, 4, 4, 6, 16, 25, 31, 39, 53, 71"
4933,"1, 1, 1, 1, 2, 2, 8, 12, 21, 21, 25, 42, 49, 70"
4934,"1, 1, 1, 1, 1, 2, 5, 6, 9, 14, 18, 25, 31, 69, 72"
4935,"1, 1, 1, 1, 2, 5, 5, 5, 8, 9, 16, 29, 38, 65, 70"
4936,"1, 1, 1, 1, 3, 3, 5, 7, 16, 23, 31, 39, 53, 72"
4937,"1, 1, 1, 1, 2, 2, 3, 3, 5, 5, 12, 16, 29, 48, 56, 71"
4938,"1, 1, 1, 2, 2, 3, 4, 4, 5, 16, 17, 29, 45, 54, 72"
4939,"1, 1, 2, 2, 2, 5, 7, 9, 10, 22, 22, 38, 67, 68"
4940,"1, 1, 1, 1, 1, 2, 3, 5, 7, 17, 28, 33, 45, 53, 58"
4941,"1, 1, 1, 1, 1, 1, 1, 2, 2, 3, 5, 18, 22, 23, 43, 57, 74"
4942,"1, 1, 1, 1, 1, 4, 5, 5, 9, 11, 20, 23, 35, 69, 70"
4943,"1, 1, 1, 2, 3, 5, 5, 13, 13, 20, 26, 33, 64, 69"
4944,"1, 1, 1, 1, 1, 2, 3, 5, 9, 20, 22, 25, 39, 52, 74"
4945,"1, 1, 1, 1, 2, 2, 3, 6, 6, 9, 16, 36, 44, 62, 66"
4946,"1, 1, 1, 1, 1, 6, 8, 9, 13, 23, 23, 34, 65, 70"
4947,"1, 1, 1, 2, 2, 2, 4, 6, 8, 9, 11, 37, 50, 52, 70"
4948,"1, 1, 1, 1, 1, 3, 5, 5, 7, 16, 19, 28, 46, 53, 69"
4949,"1, 1, 1, 2, 4, 4, 6, 10, 15, 20, 30, 42, 50, 70"
4950,"1, 1, 1, 1, 1, 1, 1, 2, 2, 6, 10, 11, 19, 20, 41, 50, 88"
4951,"1, 1, 1, 2, 2, 5, 7, 7, 18, 21, 28, 40, 56, 67"
4952,"1, 1, 1, 2, 2, 2, 3, 4, 4, 14, 23, 31, 42, 53, 73"
4953,"1, 1, 1, 1, 1, 1, 4, 4, 4, 8, 10, 16, 31, 37, 65, 71"
4954,"1, 1, 1, 1, 2, 2, 4, 5, 9, 10, 16, 29, 37, 66, 72"
4955,"1, 1, 1, 2, 2, 4, 5, 5, 13, 20, 38, 42, 58, 64"
4956,"1, 1, 1, 1, 2, 2, 2, 3, 5, 5, 12, 12, 33, 40, 65, 71"
4957,"1, 1, 1, 1, 2, 3, 3, 4, 9, 18, 19, 26, 43, 52, 73"
4958,"1, 1, 2, 2, 4, 4, 12, 17, 18, 28, 42, 61, 64"
4959,"1, 1, 2, 2, 2, 7, 11, 12, 15, 36, 42, 51, 74"
4960,"1, 2, 2, 2, 2, 3, 4, 6, 19, 25, 34, 42, 56, 58"
4961,"1, 1, 1, 2, 2, 2, 3, 5, 8, 17, 21, 24, 44, 56, 69"
4962,"1, 1, 1, 2, 2, 2, 7, 8, 14, 20, 32, 40, 58, 68"
4963,"1, 1, 1, 2, 2, 5, 5, 5, 7, 8, 10, 22, 50, 54, 83"
4964,"1, 1, 1, 2, 2, 4, 8, 8, 10, 12, 20, 50, 54, 83"
4965,"1, 1, 1, 1, 1, 5, 7, 8, 13, 21, 22, 49, 55, 71"
4966,"1, 1, 1, 1, 2, 3, 3, 7, 7, 13, 21, 25, 48, 54, 69"
4967,"1, 1, 1, 1, 3, 5, 7, 11, 19, 20, 28, 41, 50, 68"
4968,"1, 1, 1, 1, 1, 2, 2, 2, 4, 5, 14, 18, 18, 41, 57, 88"
4969,"1, 1, 1, 1, 2, 3, 4, 4, 8, 9, 10, 35, 52, 53, 72"
4970,"1, 1, 1, 2, 2, 2, 2, 2, 5, 18, 21, 28, 42, 58, 71"
4971,"1, 1, 1, 1, 1, 2, 5, 7, 8, 16, 19, 28, 45, 53, 68"
4972,"1, 1, 1, 2, 3, 3, 4, 7, 9, 18, 43, 54, 54, 56"
4973,"1, 1, 1, 1, 3, 4, 4, 6, 6, 10, 19, 25, 51, 54, 70"
4974,"1, 1, 1, 2, 2, 2, 9, 10, 11, 22, 38, 51, 52, 54"
4975,"1, 1, 1, 4, 5, 10, 12, 13, 19, 19, 43, 46, 82"
4976,"1, 1, 1, 1, 1, 2, 5, 6, 7, 14, 27, 35, 47, 52, 56"
4977,"1, 1, 1, 1, 1, 3, 5, 5, 9, 9, 11, 25, 52, 52, 80"
4978,"1, 1, 1, 1, 2, 2, 3, 8, 9, 13, 16, 33, 38, 60, 68"
4979,"1, 1, 1, 1, 2, 2, 5, 8, 10, 11, 11, 20, 51, 53, 79"
4980,"1, 1, 2, 3, 4, 4, 4, 8, 14, 16, 27, 48, 56, 68"
4981,"1, 1, 2, 3, 5, 7, 11, 13, 23, 24, 48, 54, 64"
4982,"1, 1, 1, 1, 1, 2, 2, 4, 4, 7, 10, 16, 29, 39, 65, 73"
4983,"1, 1, 2, 2, 2, 2, 2, 6, 8, 15, 16, 19, 40, 54, 86"
4984,"1, 1, 1, 2, 4, 5, 9, 13, 20, 40, 50, 54, 56"
4985,"1, 1, 1, 1, 1, 2, 2, 3, 10, 18, 20, 35, 43, 58, 60"
4986,"1, 1, 1, 1, 1, 1, 2, 2, 5, 12, 13, 21, 25, 32, 65, 73"
4987,"1, 1, 1, 1, 2, 2, 2, 10, 10, 14, 18, 27, 48, 52, 67"
4988,"1, 1, 1, 1, 1, 2, 2, 2, 6, 10, 11, 13, 33, 50, 51, 71"
4989,"1, 1, 1, 2, 2, 3, 4, 7, 20, 24, 26, 44, 52, 69"
4990,"1, 1, 1, 1, 2, 2, 4, 4, 4, 17, 22, 30, 42, 53, 72"
4991,"1, 1, 1, 2, 2, 2, 4, 4, 6, 15, 20, 30, 42, 56, 70"
4992,"1, 1, 1, 2, 2, 3, 3, 4, 8, 10, 12, 19, 48, 60, 82"
4993,"1, 1, 1, 1, 1, 2, 2, 8, 10, 14, 23, 39, 48, 52, 53"
4994,"1, 1, 1, 1, 1, 2, 2, 2, 5, 8, 10, 28, 32, 35, 57, 70"
4995,"1, 1, 1, 1, 1, 2, 2, 3, 5, 6, 12, 21, 26, 34, 69, 71"
4996,"1, 2, 2, 3, 12, 46, 82, 108"
4997,"1, 1, 1, 1, 1, 1, 1, 2, 3, 7, 18, 29, 33, 43, 56, 58"
4998,"1, 1, 1, 2, 3, 6, 12, 15, 25, 35, 48, 50, 57"
4999,"1, 1, 1, 1, 1, 1, 3, 5, 9, 17, 25, 29, 37, 53, 72"
5000,"1, 1, 1, 1, 1, 1, 3, 9, 14, 15, 15, 17, 48, 54, 75"
5001,"1, 1, 1, 2, 3, 4, 4, 8, 17, 25, 35, 45, 54, 56"
5002,"1, 1, 1, 2, 3, 9, 13, 13, 16, 29, 50, 54, 64"
5003,"1, 1, 1, 1, 2, 3, 3, 5, 6, 9, 17, 43, 54, 55, 55"
5004,"1, 1, 1, 1, 1, 1, 3, 9, 11, 21, 22, 25, 39, 52, 68"
5005,"1, 1, 1, 1, 1, 2, 3, 3, 4, 5, 10, 19, 26, 49, 58, 72"
5006,"1, 1, 1, 2, 2, 2, 3, 6, 12, 30, 31, 44, 50, 71"
5007,"1, 1, 1, 1, 2, 3, 3, 9, 16, 17, 31, 44, 61, 66"
5008,"1, 1, 1, 1, 1, 1, 1, 4, 4, 5, 12, 17, 30, 49, 56, 72"
5009,"1, 1, 1, 1, 3, 3, 4, 5, 5, 6, 15, 30, 41, 69, 71"
5010,"1, 1, 1, 2, 2, 14, 35, 96, 104"
5011,"1, 1, 2, 4, 6, 7, 9, 16, 16, 30, 46, 48, 70"
5012,"1, 1, 1, 1, 2, 3, 5, 7, 9, 12, 16, 18, 45, 51, 84"
5013,"1, 1, 1, 1, 1, 2, 2, 6, 12, 14, 23, 24, 31, 66, 71"
5014,"1, 1, 2, 2, 3, 3, 4, 5, 15, 16, 29, 40, 64, 71"
5015,"1, 1, 2, 2, 2, 4, 6, 10, 15, 17, 30, 44, 52, 70"
5016,"1, 1, 1, 1, 2, 2, 3, 6, 8, 15, 20, 32, 39, 55, 70"
5017,"1, 1, 1, 1, 2, 2, 4, 4, 6, 16, 24, 27, 40, 53, 74"
5018,"1, 1, 1, 2, 2, 8, 10, 16, 16, 24, 45, 46, 84"
5019,"1, 1, 1, 1, 1, 2, 4, 6, 12, 13, 14, 34, 48, 49, 69"
5020,"1, 1, 2, 2, 2, 3, 8, 9, 9, 14, 32, 53, 54, 66"
5021,"1, 1, 1, 2, 2, 4, 14, 18, 18, 27, 44, 60, 64"
5022,"1, 1, 2, 2, 2, 2, 3, 5, 8, 14, 15, 16, 45, 56, 84"
5023,"1, 1, 1, 2, 3, 4, 8, 11, 14, 16, 30, 48, 50, 67"
5024,"1, 1, 1, 2, 3, 4, 7, 8, 11, 13, 24, 50, 50, 81"
5025,"1, 1, 1, 1, 1, 2, 3, 3, 3, 9, 10, 11, 33, 51, 53, 73"
5026,"1, 1, 1, 2, 2, 3, 6, 7, 17, 27, 32, 45, 56, 56"
5027,"1, 1, 2, 4, 4, 5, 7, 13, 16, 28, 48, 51, 76"
5028,"1, 2, 2, 2, 2, 4, 5, 9, 14, 15, 32, 44, 50, 74"
5029,"1, 1, 2, 2, 2, 3, 8, 8, 21, 21, 23, 40, 54, 70"
5030,"1, 1, 1, 2, 2, 4, 4, 5, 5, 12, 14, 18, 48, 56, 83"
5031,"1, 1, 3, 7, 21, 22, 85, 116"
5032,"1, 1, 1, 1, 2, 6, 8, 12, 12, 18, 30, 33, 65, 66"
5033,"1, 1, 1, 2, 4, 7, 10, 21, 28, 35, 40, 50, 56"
5034,"1, 1, 1, 1, 1, 2, 3, 3, 9, 20, 24, 26, 36, 52, 76"
5035,"1, 1, 2, 2, 3, 5, 6, 8, 13, 16, 28, 49, 50, 72"
5036,"1, 1, 1, 1, 1, 3, 5, 7, 11, 15, 15, 15, 47, 51, 82"
5037,"1, 1, 1, 1, 2, 3, 4, 7, 8, 11, 14, 31, 52, 53, 67"
5038,"1, 1, 2, 3, 3, 4, 4, 26, 29, 32, 44, 49, 58"
5039,"1, 1, 1, 1, 1, 1, 2, 3, 11, 23, 25, 35, 37, 52, 62"
5040,"1, 1, 1, 2, 5, 6, 9, 17, 21, 24, 45, 58, 66"
5041,"1, 1, 1, 1, 2, 2, 2, 6, 8, 16, 22, 39, 40, 54, 61"
5042,"1, 1, 1, 2, 2, 4, 4, 12, 14, 19, 44, 46, 48, 58"
5043,"1, 1, 1, 1, 2, 2, 5, 6, 12, 12, 13, 18, 50, 55, 77"
5044,"1, 1, 1, 1, 2, 2, 2, 2, 6, 8, 8, 15, 31, 38, 68, 70"
5045,"1, 1, 1, 1, 2, 2, 2, 7, 8, 14, 16, 31, 39, 61, 70"
5046,"1, 1, 1, 2, 2, 2, 5, 5, 5, 9, 12, 32, 56, 58, 65"
5047,"1, 1, 1, 1, 1, 1, 4, 7, 16, 29, 34, 46, 55, 59"
5048,"1, 1, 1, 1, 2, 4, 8, 8, 15, 16, 17, 44, 52, 86"
5049,"1, 1, 2, 3, 4, 6, 8, 15, 21, 23, 48, 50, 74"
5050,"1, 1, 1, 1, 1, 2, 3, 7, 10, 18, 18, 29, 43, 51, 70"
5051,"1, 1, 1, 1, 2, 2, 2, 8, 8, 13, 19, 22, 42, 48, 86"
5052,"1, 1, 1, 1, 1, 1, 1, 3, 3, 13, 13, 17, 30, 33, 62, 75"
5053,"1, 1, 1, 1, 1, 2, 3, 5, 9, 15, 17, 28, 53, 57, 62"
5054,"1, 1, 1, 1, 2, 3, 6, 10, 14, 16, 31, 42, 61, 67"
5055,"1, 1, 2, 2, 3, 4, 6, 7, 11, 16, 44, 52, 53, 54"
5056,"1, 1, 1, 2, 3, 4, 6, 9, 14, 16, 32, 38, 62, 67"
5057,"1, 1, 1, 1, 1, 3, 4, 9, 12, 12, 13, 33, 48, 49, 68"
5058,"1, 1, 1, 4, 6, 8, 9, 10, 12, 36, 52, 54, 62"
5059,"1, 1, 1, 1, 2, 3, 3, 3, 6, 15, 21, 39, 47, 56, 57"
5060,"1, 1, 1, 2, 2, 3, 3, 7, 8, 9, 13, 31, 52, 53, 70"
5061,"1, 1, 3, 4, 5, 7, 8, 11, 18, 25, 36, 68, 69"
5062,"1, 1, 1, 1, 1, 2, 2, 3, 4, 5, 16, 22, 29, 40, 55, 73"
5063,"1, 1, 1, 1, 1, 1, 2, 2, 6, 10, 13, 13, 33, 50, 50, 71"
5064,"1, 1, 1, 1, 3, 3, 3, 5, 11, 14, 21, 23, 32, 66, 71"
5065,"1, 1, 1, 1, 2, 4, 6, 12, 15, 16, 18, 44, 57, 78"
5066,"1, 1, 1, 2, 3, 4, 4, 8, 13, 15, 31, 43, 62, 68"
5067,"1, 1, 1, 2, 2, 2, 4, 4, 8, 15, 18, 28, 45, 58, 67"
5068,"1, 1, 1, 1, 1, 2, 4, 8, 11, 12, 15, 31, 51, 53, 64"
5069,"1, 1, 1, 3, 4, 4, 5, 7, 13, 15, 31, 48, 55, 68"
5070,"1, 1, 3, 4, 4, 4, 12, 16, 16, 32, 43, 48, 72"
5071,"1, 1, 1, 1, 1, 3, 3, 5, 11, 15, 18, 31, 44, 47, 74"
5072,"1, 1, 1, 2, 2, 4, 6, 6, 10, 24, 36, 50, 56, 57"
5073,"1, 1, 1, 1, 1, 2, 3, 7, 8, 12, 27, 33, 34, 55, 70"
5074,"1, 1, 1, 2, 2, 2, 3, 7, 10, 12, 14, 32, 48, 52, 69"
5075,"1, 2, 2, 2, 2, 3, 4, 6, 11, 24, 36, 49, 56, 58"
5076,"1, 1, 1, 1, 2, 2, 2, 4, 8, 11, 12, 39, 48, 49, 75"
5077,"1, 1, 1, 1, 1, 1, 5, 7, 9, 13, 18, 24, 37, 54, 83"
5078,"1, 1, 1, 1, 1, 1, 5, 9, 11, 12, 13, 22, 49, 51, 78"
5079,"1, 1, 1, 2, 2, 3, 4, 9, 13, 28, 34, 49, 51, 58"
5080,"1, 1, 2, 2, 3, 4, 5, 17, 18, 28, 45, 56, 74"
5081,"1, 1, 1, 2, 2, 7, 10, 16, 19, 32, 36, 59, 70"
5082,"1, 1, 2, 3, 3, 3, 7, 13, 33, 44, 44, 48, 54"
5083,"1, 1, 1, 1, 1, 2, 2, 4, 4, 9, 10, 15, 30, 37, 67, 71"
5084,"1, 1, 1, 1, 1, 1, 1, 2, 3, 3, 7, 10, 17, 45, 50, 55, 57"
5085,"1, 1, 1, 1, 2, 3, 3, 5, 7, 12, 18, 29, 47, 56, 70"
5086,"1, 1, 1, 1, 2, 2, 4, 4, 8, 15, 20, 24, 47, 52, 74"
5087,"1, 1, 1, 1, 2, 2, 2, 3, 5, 6, 12, 22, 24, 33, 70, 71"
5088,"1, 1, 1, 1, 1, 6, 6, 8, 8, 20, 39, 39, 58, 67"
5089,"1, 1, 1, 1, 2, 2, 3, 5, 6, 10, 19, 40, 50, 57, 58"
5090,"1, 1, 1, 1, 2, 3, 4, 6, 10, 11, 20, 26, 35, 65, 70"
5091,"1, 1, 1, 1, 2, 2, 4, 7, 7, 8, 12, 34, 51, 54, 71"
5092,"1, 1, 1, 2, 2, 6, 7, 11, 12, 12, 20, 48, 55, 78"
5093,"1, 1, 1, 1, 2, 3, 8, 11, 11, 14, 32, 49, 52, 70"
5094,"1, 1, 2, 2, 3, 3, 7, 9, 10, 14, 32, 51, 51, 70"
5095,"1, 2, 2, 4, 4, 4, 8, 16, 17, 30, 46, 52, 70"
5096,"1, 1, 1, 1, 1, 1, 5, 7, 8, 11, 13, 23, 50, 56, 77"
5097,"1, 1, 1, 2, 2, 3, 10, 12, 14, 18, 27, 31, 66, 68"
5098,"1, 1, 1, 1, 2, 3, 5, 7, 9, 12, 20, 25, 34, 65, 70"
5099,"1, 1, 1, 1, 2, 2, 5, 11, 16, 19, 28, 42, 59, 68"
5100,"1, 1, 1, 2, 2, 3, 7, 8, 11, 22, 40, 52, 52, 54"
5101,"1, 1, 1, 1, 2, 5, 7, 12, 13, 13, 34, 49, 50, 67"
5102,"1, 1, 1, 1, 1, 1, 2, 7, 7, 19, 19, 39, 42, 56, 59"
5103,"1, 1, 1, 2, 2, 4, 6, 7, 15, 23, 30, 40, 54, 70"
5104,"1, 1, 1, 2, 2, 6, 6, 7, 10, 25, 36, 39, 56, 64"
5105,"1, 1, 1, 1, 1, 2, 2, 7, 9, 14, 15, 30, 39, 63, 70"
5106,"1, 1, 1, 2, 2, 4, 4, 12, 13, 17, 30, 34, 63, 72"
5107,"1, 1, 1, 2, 2, 4, 8, 10, 17, 22, 23, 45, 54, 66"
5108,"1, 1, 1, 1, 3, 3, 7, 9, 21, 21, 23, 42, 55, 68"
5109,"1, 1, 1, 1, 1, 2, 4, 8, 10, 12, 15, 32, 48, 50, 70"
5110,"1, 1, 1, 1, 1, 3, 4, 6, 9, 19, 20, 27, 42, 52, 69"
5111,"1, 1, 1, 1, 2, 2, 3, 3, 3, 8, 9, 10, 36, 50, 52, 74"
5112,"1, 1, 1, 1, 2, 2, 3, 9, 10, 11, 13, 33, 50, 51, 68"
5113,"1, 1, 1, 2, 2, 2, 3, 4, 11, 15, 16, 29, 42, 61, 66"
5114,"1, 1, 1, 1, 2, 2, 2, 8, 9, 10, 18, 28, 52, 53, 68"
5115,"1, 1, 1, 1, 1, 2, 3, 5, 6, 19, 21, 27, 41, 55, 72"
5116,"1, 1, 1, 3, 4, 4, 6, 11, 11, 12, 33, 48, 51, 70"
5117,"1, 1, 1, 1, 2, 2, 2, 2, 4, 10, 12, 18, 28, 32, 67, 73"
5118,"1, 1, 1, 1, 4, 5, 6, 10, 13, 14, 25, 46, 48, 81"
5119,"1, 1, 1, 2, 2, 3, 4, 6, 7, 7, 13, 30, 38, 70, 71"
5120,"1, 1, 1, 1, 1, 1, 3, 9, 11, 13, 19, 28, 49, 53, 65"
5121,"1, 1, 4, 4, 6, 6, 8, 9, 22, 22, 38, 66, 69"
5122,"1, 2, 4, 4, 6, 6, 16, 19, 30, 42, 56, 70"
5123,"1, 1, 1, 3, 3, 7, 11, 13, 23, 39, 50, 50, 54"
5124,"1, 1, 1, 1, 2, 2, 7, 7, 12, 15, 35, 46, 56, 70"
5125,"1, 1, 1, 2, 2, 4, 10, 12, 13, 14, 32, 48, 48, 68"
5126,"1, 1, 1, 2, 3, 4, 6, 8, 12, 17, 27, 50, 52, 72"
5127,"1, 1, 1, 2, 2, 2, 3, 5, 8, 12, 21, 34, 37, 55, 72"
5128,"1, 1, 3, 3, 3, 7, 11, 11, 23, 38, 50, 51, 54"
5129,"1, 1, 1, 1, 2, 2, 3, 4, 10, 21, 22, 23, 40, 52, 73"
5130,"1, 1, 1, 2, 3, 4, 8, 10, 10, 21, 24, 52, 52, 67"
5131,"1, 1, 1, 1, 2, 3, 6, 13, 18, 21, 39, 44, 50, 56"
5132,"1, 1, 2, 3, 3, 4, 6, 6, 14, 16, 26, 48, 52, 74"
5133,"1, 1, 1, 1, 1, 1, 1, 1, 4, 23, 27, 39, 42, 51, 62"
5134,"1, 1, 1, 1, 1, 2, 3, 6, 9, 18, 19, 36, 43, 56, 59"
5135,"1, 1, 1, 2, 3, 3, 4, 11, 15, 16, 28, 44, 61, 66"
5136,"1, 1, 1, 1, 1, 1, 3, 5, 6, 8, 12, 13, 18, 49, 55, 81"
5137,"1, 1, 1, 1, 2, 3, 4, 7, 10, 15, 19, 27, 30, 65, 70"
5138,"1, 1, 1, 2, 2, 2, 3, 4, 4, 14, 19, 32, 43, 58, 70"
5139,"1, 1, 1, 1, 1, 1, 2, 4, 12, 18, 23, 39, 42, 48, 62"
5140,"1, 1, 1, 1, 2, 4, 7, 9, 11, 20, 26, 30, 63, 80"
5141,"1, 1, 1, 1, 1, 2, 2, 3, 4, 7, 18, 18, 28, 43, 53, 73"
5142,"1, 1, 3, 3, 3, 3, 7, 9, 9, 9, 33, 52, 53, 70"
5143,"1, 1, 1, 1, 1, 1, 2, 6, 8, 9, 17, 29, 54, 56, 69"
5144,"1, 1, 1, 3, 3, 5, 5, 9, 11, 22, 23, 36, 65, 71"
5145,"1, 1, 1, 2, 4, 4, 6, 8, 12, 16, 17, 43, 60, 81"
5146,"1, 1, 1, 1, 1, 1, 2, 3, 9, 10, 29, 33, 36, 58, 70"
5147,"1, 1, 1, 1, 1, 1, 2, 9, 10, 12, 22, 24, 34, 67, 70"
5148,"1, 1, 1, 1, 1, 1, 3, 9, 11, 14, 14, 33, 48, 48, 70"
5149,"1, 1, 1, 2, 2, 3, 3, 5, 10, 11, 13, 34, 47, 52, 71"
5150,"1, 1, 1, 1, 1, 2, 4, 4, 13, 14, 19, 27, 34, 61, 73"
5151,"1, 1, 1, 1, 1, 1, 3, 3, 5, 5, 13, 15, 31, 47, 57, 71"
5152,"1, 1, 1, 1, 3, 5, 9, 13, 13, 14, 22, 47, 48, 78"
5153,"1, 1, 1, 2, 3, 4, 6, 12, 13, 19, 25, 34, 65, 70"
5154,"1, 1, 1, 1, 1, 1, 2, 2, 4, 5, 16, 22, 24, 45, 58, 72"
5155,"1, 1, 1, 2, 2, 4, 4, 12, 16, 17, 28, 43, 49, 76"
5156,"1, 1, 1, 1, 1, 2, 2, 4, 5, 14, 25, 41, 43, 53, 62"
5157,"1, 1, 1, 2, 2, 2, 2, 4, 6, 13, 24, 36, 49, 55, 58"
5158,"1, 1, 1, 1, 1, 1, 1, 2, 2, 4, 8, 15, 16, 31, 45, 53, 73"
5159,"1, 1, 1, 1, 1, 1, 3, 3, 3, 3, 5, 13, 31, 59, 59, 71"
5160,"1, 1, 1, 1, 4, 5, 9, 10, 15, 16, 17, 45, 50, 81"
5161,"1, 1, 1, 2, 2, 2, 3, 4, 6, 17, 17, 29, 44, 57, 70"
5162,"1, 1, 1, 1, 1, 2, 3, 8, 12, 20, 42, 49, 56, 59"
5163,"1, 1, 1, 1, 2, 3, 4, 5, 5, 14, 19, 29, 42, 58, 71"
5164,"1, 1, 1, 1, 3, 3, 5, 9, 19, 27, 33, 43, 54, 56"
5165,"1, 1, 1, 1, 1, 4, 13, 13, 14, 18, 18, 44, 45, 82"
5166,"1, 1, 1, 2, 2, 2, 3, 6, 7, 7, 20, 25, 42, 65, 72"
5167,"1, 1, 1, 1, 2, 2, 4, 4, 6, 15, 18, 25, 46, 54, 76"
5168,"1, 1, 1, 2, 2, 2, 4, 5, 7, 11, 11, 18, 50, 58, 83"
5169,"1, 1, 2, 2, 4, 4, 5, 6, 8, 22, 22, 40, 66, 73"
5170,"1, 1, 1, 1, 2, 3, 3, 5, 9, 11, 22, 35, 39, 56, 67"
5171,"1, 1, 1, 2, 2, 3, 4, 5, 19, 20, 41, 42, 56, 59"
5172,"1, 1, 2, 3, 4, 4, 10, 17, 29, 32, 45, 50, 58"
5173,"1, 1, 1, 1, 2, 2, 8, 10, 12, 19, 28, 52, 53, 66"
5174,"1, 1, 1, 1, 1, 1, 2, 2, 10, 11, 12, 16, 20, 45, 49, 83"
5175,"1, 1, 1, 2, 3, 3, 9, 13, 14, 22, 24, 31, 64, 68"
5176,"1, 1, 1, 1, 1, 1, 2, 4, 5, 7, 15, 18, 31, 44, 51, 73"
5177,"1, 1, 1, 2, 2, 3, 3, 5, 6, 16, 21, 24, 44, 55, 72"
5178,"1, 1, 1, 1, 1, 3, 4, 7, 8, 11, 17, 35, 35, 61, 70"
5179,"1, 1, 1, 2, 2, 5, 6, 9, 11, 17, 29, 54, 56, 62"
5180,"1, 1, 2, 4, 18, 40, 90, 100"
5181,"1, 1, 1, 2, 2, 5, 7, 9, 19, 22, 24, 41, 56, 66"
5182,"1, 1, 1, 1, 1, 2, 2, 2, 4, 8, 16, 19, 26, 44, 54, 74"
5183,"1, 1, 2, 2, 2, 2, 5, 5, 17, 19, 40, 42, 58, 60"
5184,"1, 1, 1, 2, 3, 3, 3, 6, 19, 25, 26, 40, 52, 74"
5185,"1, 1, 1, 1, 1, 2, 3, 5, 5, 8, 10, 19, 25, 35, 69, 70"
5186,"1, 1, 1, 1, 2, 3, 3, 7, 7, 13, 21, 25, 45, 54, 72"
5187,"1, 1, 1, 1, 1, 2, 3, 3, 4, 7, 7, 8, 25, 52, 55, 85"
5188,"1, 1, 1, 1, 2, 4, 4, 6, 8, 9, 15, 30, 38, 66, 70"
5189,"1, 1, 1, 2, 3, 5, 7, 11, 12, 22, 24, 34, 64, 69"
5190,"1, 1, 2, 2, 4, 4, 4, 25, 30, 30, 44, 51, 58"
5191,"1, 1, 1, 1, 1, 2, 3, 5, 7, 11, 17, 43, 52, 111"
5192,"1, 1, 1, 2, 2, 2, 4, 10, 17, 18, 29, 46, 50, 73"
5193,"1, 1, 1, 1, 2, 3, 3, 5, 5, 20, 24, 25, 40, 51, 74"
5194,"1, 1, 1, 1, 1, 4, 4, 11, 19, 25, 38, 43, 51, 56"
5195,"1, 1, 1, 1, 2, 3, 8, 8, 10, 17, 27, 52, 56, 69"
5196,"1, 1, 1, 1, 1, 1, 2, 2, 6, 7, 12, 15, 31, 50, 55, 70"
5197,"1, 1, 1, 1, 1, 2, 2, 2, 3, 9, 16, 20, 29, 40, 52, 76"
5198,"1, 1, 2, 2, 3, 3, 8, 9, 10, 15, 20, 45, 53, 84"
5199,"1, 1, 1, 1, 1, 2, 3, 3, 5, 9, 9, 19, 20, 43, 51, 87"
5200,"1, 1, 1, 1, 1, 1, 2, 3, 5, 7, 14, 16, 30, 42, 61, 70"
5201,"1, 1, 2, 4, 5, 9, 9, 13, 14, 16, 46, 54, 82"
5202,"1, 1, 1, 1, 1, 2, 3, 8, 10, 14, 14, 15, 47, 60, 78"
5203,"1, 1, 1, 1, 2, 3, 7, 7, 21, 23, 23, 40, 54, 72"
5204,"1, 1, 1, 1, 2, 3, 7, 8, 13, 14, 32, 40, 63, 70"
5205,"1, 1, 1, 3, 3, 3, 9, 9, 12, 16, 17, 43, 54, 84"
5206,"1, 1, 1, 1, 1, 1, 3, 5, 9, 11, 20, 28, 30, 63, 81"
5207,"1, 1, 1, 2, 2, 6, 6, 8, 14, 14, 32, 48, 52, 69"
5208,"1, 1, 1, 2, 2, 3, 5, 10, 17, 25, 37, 44, 52, 56"
5209,"1, 1, 1, 1, 1, 2, 2, 3, 4, 11, 13, 20, 25, 33, 65, 73"
5210,"1, 1, 2, 2, 3, 5, 7, 7, 10, 13, 35, 50, 52, 68"
5211,"1, 1, 1, 2, 2, 4, 6, 9, 11, 20, 24, 51, 54, 70"
5212,"1, 1, 3, 4, 4, 4, 10, 11, 21, 40, 50, 52, 55"
5213,"1, 1, 1, 2, 3, 4, 6, 7, 13, 21, 24, 34, 69, 70"
5214,"1, 1, 1, 1, 1, 1, 2, 4, 6, 6, 14, 17, 18, 43, 55, 85"
5215,"1, 1, 1, 1, 1, 1, 1, 3, 9, 10, 11, 12, 20, 49, 50, 85"
5216,"1, 1, 1, 2, 3, 5, 7, 7, 14, 16, 27, 48, 50, 74"
5217,"1, 1, 1, 1, 1, 2, 5, 8, 9, 15, 15, 19, 44, 49, 85"
5218,"1, 1, 1, 2, 2, 2, 3, 3, 7, 13, 20, 41, 44, 54, 62"
5219,"1, 1, 1, 1, 1, 2, 5, 8, 9, 13, 15, 16, 47, 50, 86"
5220,"1, 1, 1, 2, 7, 8, 9, 18, 18, 30, 44, 53, 64"
5221,"1, 1, 2, 2, 4, 6, 12, 13, 18, 46, 48, 49, 54"
5222,"1, 1, 1, 2, 3, 5, 5, 5, 13, 21, 22, 48, 58, 71"
5223,"1, 1, 1, 1, 2, 2, 3, 7, 9, 9, 12, 31, 52, 55, 70"
5224,"1, 1, 1, 1, 2, 3, 4, 4, 7, 18, 19, 26, 42, 55, 72"
5225,"1, 1, 1, 1, 2, 2, 2, 4, 5, 22, 22, 25, 42, 52, 74"
5226,"1, 1, 2, 2, 2, 2, 3, 5, 6, 13, 18, 26, 48, 56, 71"
5227,"1, 1, 1, 1, 2, 2, 8, 10, 11, 23, 38, 51, 51, 56"
5228,"1, 1, 1, 2, 3, 3, 7, 9, 13, 17, 27, 50, 54, 68"
5229,"1, 1, 1, 1, 2, 5, 5, 7, 8, 9, 18, 27, 37, 66, 68"
5230,"1, 1, 1, 2, 2, 4, 4, 10, 14, 15, 30, 44, 63, 65"
5231,"1, 1, 1, 2, 2, 4, 8, 10, 11, 18, 28, 36, 64, 70"
5232,"1, 1, 1, 1, 2, 3, 7, 12, 20, 22, 25, 39, 50, 72"
5233,"1, 1, 1, 2, 3, 3, 6, 7, 14, 16, 32, 41, 59, 70"
5234,"1, 1, 1, 2, 3, 4, 6, 8, 13, 18, 29, 47, 55, 68"
5235,"1, 1, 1, 1, 1, 2, 2, 4, 7, 8, 12, 14, 17, 46, 55, 84"
5236,"1, 1, 1, 1, 2, 2, 6, 12, 12, 20, 28, 32, 66, 72"
5237,"1, 1, 1, 1, 1, 2, 2, 3, 4, 7, 11, 15, 34, 41, 63, 69"
5238,"1, 1, 1, 3, 3, 4, 4, 11, 11, 17, 43, 50, 51, 56"
5239,"1, 1, 1, 1, 1, 2, 3, 3, 9, 20, 22, 27, 43, 54, 68"
5240,"1, 1, 2, 2, 3, 4, 4, 6, 18, 18, 38, 43, 58, 58"
5241,"1, 1, 1, 1, 1, 1, 2, 3, 6, 8, 9, 19, 26, 53, 56, 68"
5242,"1, 1, 1, 1, 1, 1, 2, 2, 3, 7, 18, 27, 33, 43, 56, 59"
5243,"1, 1, 1, 1, 1, 1, 2, 6, 7, 12, 23, 37, 50, 56, 57"
5244,"1, 1, 1, 1, 2, 2, 4, 7, 8, 10, 15, 32, 50, 50, 72"
5245,"1, 1, 2, 2, 5, 5, 9, 13, 22, 38, 42, 54, 62"
5246,"1, 2, 2, 2, 3, 3, 5, 5, 17, 22, 24, 44, 56, 70"
5247,"1, 1, 1, 1, 1, 1, 2, 5, 8, 23, 24, 26, 42, 50, 70"
5248,"1, 1, 1, 2, 3, 5, 5, 9, 11, 16, 30, 38, 63, 71"
5249,"1, 1, 1, 2, 4, 4, 8, 10, 12, 20, 24, 33, 68, 68"
5250,"1, 1, 1, 1, 2, 2, 4, 6, 6, 13, 18, 26, 49, 58, 68"
5251,"1, 1, 1, 2, 2, 3, 5, 8, 11, 21, 36, 52, 54, 59"
5252,"1, 1, 1, 1, 1, 2, 5, 6, 7, 17, 17, 30, 45, 55, 67"
5253,"1, 1, 1, 1, 2, 2, 2, 4, 10, 17, 19, 28, 44, 50, 74"
5254,"1, 1, 1, 4, 4, 4, 4, 10, 14, 14, 20, 42, 50, 87"
5255,"1, 1, 1, 1, 1, 2, 4, 6, 8, 19, 21, 27, 42, 53, 69"
5256,"1, 1, 1, 1, 3, 3, 6, 11, 17, 18, 27, 42, 59, 66"
5257,"1, 1, 2, 2, 2, 4, 7, 9, 13, 14, 16, 49, 58, 78"
5258,"1, 1, 2, 2, 2, 3, 3, 5, 7, 9, 20, 25, 36, 70, 70"
5259,"1, 1, 1, 1, 1, 2, 2, 3, 5, 6, 7, 22, 39, 39, 55, 71"
5260,"1, 1, 1, 1, 2, 5, 5, 6, 7, 7, 12, 24, 49, 54, 81"
5261,"1, 1, 1, 1, 4, 5, 6, 8, 8, 18, 30, 37, 68, 68"
5262,"1, 1, 1, 1, 1, 1, 1, 2, 2, 7, 8, 12, 13, 32, 49, 55, 69"
5263,"1, 1, 1, 2, 3, 4, 6, 6, 12, 17, 28, 49, 56, 70"
5264,"1, 1, 1, 2, 2, 2, 10, 10, 17, 18, 30, 36, 58, 68"
5265,"1, 1, 2, 2, 2, 3, 7, 11, 12, 16, 28, 40, 65, 66"
5266,"1, 1, 1, 1, 1, 1, 5, 5, 8, 9, 11, 25, 53, 54, 80"
5267,"1, 1, 1, 1, 2, 2, 2, 3, 6, 8, 8, 15, 29, 52, 54, 71"
5268,"1, 1, 2, 2, 2, 6, 9, 13, 17, 43, 56, 104"
5269,"1, 1, 1, 1, 2, 2, 4, 6, 8, 12, 14, 19, 48, 57, 80"
5270,"1, 1, 1, 1, 2, 3, 6, 7, 17, 19, 37, 42, 58, 61"
5271,"1, 1, 1, 1, 2, 2, 5, 7, 8, 9, 9, 21, 50, 54, 85"
5272,"1, 1, 1, 1, 1, 1, 3, 4, 6, 7, 12, 19, 27, 49, 53, 70"
5273,"1, 1, 1, 1, 1, 1, 1, 1, 2, 2, 5, 18, 25, 37, 44, 56, 59"
5274,"1, 1, 1, 1, 1, 1, 2, 2, 3, 5, 16, 20, 30, 44, 57, 71"
5275,"1, 1, 1, 1, 2, 2, 4, 4, 10, 11, 23, 35, 38, 58, 65"
5276,"1, 1, 1, 2, 4, 4, 4, 9, 13, 14, 29, 50, 54, 70"
5277,"1, 1, 1, 2, 4, 5, 5, 10, 13, 20, 24, 33, 67, 70"
5278,"1, 1, 1, 1, 2, 2, 4, 8, 10, 10, 11, 19, 51, 53, 82"
5279,"1, 1, 1, 1, 2, 4, 6, 9, 13, 20, 40, 50, 54, 54"
5280,"1, 1, 1, 1, 3, 3, 5, 9, 20, 29, 32, 41, 54, 56"
5281,"1, 1, 1, 3, 3, 3, 5, 5, 7, 23, 38, 54, 55, 57"
5282,"1, 1, 1, 1, 3, 3, 4, 4, 11, 11, 19, 25, 35, 66, 71"
5283,"1, 1, 1, 2, 3, 3, 5, 8, 16, 23, 37, 40, 54, 62"
5284,"1, 1, 2, 2, 4, 7, 10, 13, 18, 22, 42, 44, 90"
5285,"1, 1, 1, 2, 2, 3, 4, 4, 8, 14, 16, 29, 45, 52, 74"
5286,"1, 1, 1, 1, 4, 5, 8, 9, 16, 21, 26, 45, 52, 66"
5287,"1, 1, 1, 1, 2, 2, 4, 6, 8, 15, 18, 30, 44, 49, 74"
5288,"1, 1, 1, 1, 1, 2, 3, 4, 13, 14, 17, 30, 42, 63, 63"
5289,"1, 1, 2, 2, 2, 6, 8, 19, 25, 38, 40, 52, 60"
5290,"1, 1, 1, 2, 2, 5, 5, 14, 15, 20, 26, 31, 64, 69"
5291,"1, 1, 1, 1, 4, 5, 7, 9, 12, 19, 28, 37, 63, 68"
5292,"1, 1, 1, 1, 1, 3, 4, 4, 5, 16, 17, 40, 44, 56, 62"
5293,"1, 2, 3, 3, 4, 8, 11, 13, 19, 24, 34, 66, 68"
5294,"1, 1, 1, 2, 4, 4, 6, 8, 20, 20, 26, 42, 51, 70"
5295,"1, 1, 1, 2, 3, 5, 6, 11, 14, 14, 31, 35, 60, 72"
5296,"1, 1, 1, 2, 3, 5, 7, 13, 13, 18, 27, 33, 64, 68"
5297,"1, 1, 1, 1, 3, 3, 11, 11, 12, 22, 26, 33, 65, 66"
5298,"1, 1, 1, 1, 3, 3, 7, 9, 15, 20, 27, 45, 55, 68"
5299,"1, 1, 1, 1, 1, 2, 4, 7, 8, 13, 15, 33, 48, 54, 67"
5300,"1, 1, 2, 2, 2, 6, 10, 14, 19, 32, 36, 59, 72"
5301,"1, 1, 1, 1, 2, 3, 4, 5, 8, 16, 16, 30, 45, 52, 71"
5302,"1, 1, 1, 1, 1, 2, 4, 4, 6, 6, 12, 15, 17, 47, 53, 85"
5303,"1, 1, 2, 2, 2, 2, 2, 3, 7, 7, 18, 42, 54, 55, 58"
5304,"1, 1, 2, 2, 3, 6, 6, 6, 12, 18, 28, 47, 56, 68"
5305,"1, 1, 1, 1, 2, 2, 2, 4, 6, 14, 22, 39, 46, 55, 60"
5306,"1, 1, 1, 1, 3, 9, 15, 17, 23, 39, 46, 46, 54"
5307,"1, 1, 1, 1, 1, 2, 7, 11, 16, 17, 31, 36, 61, 70"
5308,"1, 1, 1, 1, 2, 3, 4, 6, 9, 12, 13, 33, 50, 51, 69"
5309,"1, 1, 1, 1, 1, 2, 2, 4, 4, 8, 10, 20, 23, 40, 51, 87"
5310,"1, 1, 2, 2, 2, 7, 11, 12, 22, 24, 50, 54, 68"
5311,"1, 1, 1, 1, 2, 3, 3, 9, 19, 22, 39, 43, 54, 58"
5312,"1, 1, 1, 1, 1, 3, 5, 5, 5, 15, 16, 31, 46, 53, 72"
5313,"1, 1, 1, 1, 1, 2, 4, 4, 8, 12, 22, 37, 49, 53, 60"
5314,"1, 1, 2, 3, 4, 11, 12, 13, 21, 24, 34, 64, 66"
5315,"1, 1, 1, 1, 3, 3, 3, 4, 10, 11, 21, 24, 35, 65, 73"
5316,"1, 2, 3, 4, 5, 5, 6, 11, 12, 34, 48, 55, 70"
5317,"1, 1, 1, 1, 1, 4, 7, 8, 15, 16, 32, 40, 62, 67"
5318,"1, 1, 1, 1, 1, 2, 2, 2, 6, 8, 14, 18, 31, 38, 59, 71"
5319,"1, 1, 2, 3, 3, 3, 3, 9, 13, 15, 44, 50, 51, 58"
5320,"1, 1, 1, 1, 2, 3, 6, 9, 15, 19, 27, 52, 57, 62"
5321,"1, 1, 1, 1, 2, 2, 3, 7, 8, 8, 17, 30, 53, 53, 69"
5322,"1, 1, 1, 1, 1, 2, 3, 5, 7, 15, 16, 31, 47, 55, 70"
5323,"1, 1, 1, 1, 3, 4, 5, 9, 11, 20, 24, 52, 58, 66"
5324,"1, 1, 1, 1, 1, 2, 2, 2, 3, 8, 9, 20, 23, 28, 69, 85"
5325,"1, 1, 1, 2, 2, 4, 8, 10, 17, 19, 27, 44, 52, 68"
5326,"1, 1, 1, 1, 1, 3, 5, 7, 7, 9, 21, 23, 39, 63, 74"
5327,"1, 1, 1, 2, 2, 3, 6, 11, 13, 22, 40, 49, 49, 56"
5328,"1, 1, 1, 1, 2, 5, 7, 9, 12, 12, 18, 50, 57, 80"
5329,"1, 1, 1, 2, 3, 4, 4, 13, 13, 16, 27, 34, 63, 74"
5330,"1, 1, 1, 1, 1, 2, 2, 2, 4, 9, 11, 20, 23, 34, 69, 75"
5331,"1, 1, 1, 2, 3, 19, 32, 92, 105"
5332,"1, 1, 1, 2, 3, 9, 9, 21, 21, 24, 42, 54, 68"
5333,"1, 1, 1, 2, 2, 3, 7, 8, 11, 18, 28, 49, 55, 70"
5334,"1, 1, 1, 1, 1, 2, 2, 2, 5, 24, 29, 42, 44, 48, 53"
5335,"1, 1, 1, 1, 2, 2, 3, 4, 8, 8, 11, 24, 50, 58, 82"
5336,"1, 1, 1, 1, 1, 2, 2, 6, 7, 11, 24, 36, 52, 55, 56"
5337,"1, 1, 3, 3, 4, 4, 9, 13, 27, 33, 34, 56, 68"
5338,"1, 1, 1, 2, 3, 4, 6, 10, 18, 21, 23, 44, 56, 66"
5339,"1, 1, 1, 2, 3, 4, 7, 10, 15, 17, 32, 38, 59, 66"
5340,"1, 1, 2, 2, 2, 3, 3, 6, 6, 11, 16, 29, 48, 58, 68"
5341,"1, 1, 2, 3, 3, 4, 5, 11, 12, 13, 30, 35, 64, 72"
5342,"1, 1, 1, 1, 2, 2, 2, 3, 9, 15, 25, 37, 46, 52, 59"
5343,"1, 1, 1, 1, 1, 1, 2, 2, 4, 8, 15, 16, 31, 43, 60, 69"
5344,"1, 1, 1, 1, 3, 3, 4, 6, 17, 19, 41, 44, 54, 61"
5345,"1, 1, 1, 1, 3, 3, 5, 5, 7, 11, 13, 16, 49, 56, 84"
5346,"1, 1, 1, 1, 1, 1, 2, 5, 6, 7, 11, 15, 19, 46, 51, 88"
5347,"1, 1, 2, 2, 2, 2, 3, 4, 4, 13, 15, 30, 47, 56, 74"
5348,"1, 1, 1, 2, 2, 3, 4, 6, 22, 23, 26, 42, 51, 72"
5349,"1, 1, 2, 2, 3, 3, 4, 4, 17, 30, 30, 44, 57, 58"
5350,"1, 1, 1, 1, 3, 4, 5, 10, 20, 21, 25, 42, 50, 72"
5351,"1, 1, 2, 2, 2, 2, 4, 6, 23, 24, 36, 40, 55, 58"
5352,"1, 1, 1, 1, 1, 1, 2, 4, 4, 5, 14, 28, 33, 47, 55, 58"
5353,"1, 1, 1, 1, 1, 1, 1, 3, 3, 11, 18, 21, 26, 43, 49, 75"
5354,"1, 1, 1, 1, 1, 2, 4, 5, 6, 19, 27, 28, 41, 49, 70"
5355,"1, 1, 1, 1, 1, 2, 4, 4, 4, 6, 14, 15, 30, 47, 54, 71"
5356,"1, 1, 2, 2, 3, 3, 5, 7, 13, 22, 39, 48, 54, 56"
5357,"1, 1, 1, 1, 1, 3, 3, 6, 6, 12, 15, 31, 39, 62, 74"
5358,"1, 1, 1, 1, 1, 1, 2, 3, 5, 8, 16, 19, 27, 43, 53, 74"
5359,"1, 1, 1, 2, 4, 4, 6, 8, 12, 15, 20, 45, 53, 84"
5360,"1, 1, 1, 1, 2, 2, 3, 5, 8, 12, 15, 38, 47, 49, 71"
5361,"1, 1, 1, 1, 1, 1, 7, 7, 7, 11, 19, 19, 43, 55, 82"
5362,"1, 1, 1, 1, 1, 2, 3, 9, 11, 16, 16, 29, 46, 53, 66"
5363,"1, 1, 1, 3, 3, 5, 5, 9, 9, 21, 22, 37, 65, 74"
5364,"1, 1, 1, 1, 1, 2, 9, 11, 20, 24, 26, 37, 54, 68"
5365,"1, 1, 1, 1, 1, 1, 2, 3, 6, 11, 12, 14, 35, 47, 49, 71"
5366,"1, 1, 1, 1, 1, 3, 4, 8, 9, 10, 19, 25, 52, 52, 69"
5367,"1, 1, 1, 4, 15, 37, 95, 102"
5368,"1, 1, 1, 1, 1, 3, 5, 5, 7, 12, 15, 31, 49, 54, 70"
5369,"1, 1, 1, 1, 1, 2, 3, 5, 7, 17, 19, 25, 45, 56, 72"
5370,"1, 1, 2, 2, 2, 2, 4, 10, 17, 22, 39, 44, 52, 58"
5371,"1, 1, 1, 3, 3, 3, 5, 7, 16, 25, 35, 46, 52, 58"
5372,"1, 1, 1, 1, 1, 1, 2, 7, 8, 15, 17, 32, 37, 60, 72"
5373,"1, 1, 1, 2, 2, 3, 5, 5, 7, 8, 15, 28, 39, 69, 70"
5374,"1, 1, 1, 1, 1, 3, 9, 11, 12, 30, 33, 34, 54, 65"
5375,"1, 1, 1, 1, 2, 2, 3, 5, 10, 11, 21, 24, 35, 68, 71"
5376,"1, 1, 1, 1, 1, 2, 3, 7, 11, 18, 21, 24, 43, 56, 66"
5377,"1, 1, 1, 1, 1, 1, 4, 5, 7, 12, 19, 40, 43, 58, 62"
5378,"1, 1, 1, 1, 2, 3, 11, 14, 14, 16, 17, 47, 52, 76"
5379,"1, 1, 1, 2, 2, 2, 3, 5, 6, 14, 16, 31, 46, 56, 70"
5380,"1, 1, 1, 4, 4, 6, 10, 12, 15, 32, 42, 62, 66"
5381,"1, 1, 1, 1, 2, 2, 3, 5, 8, 8, 22, 37, 40, 58, 67"
5382,"1, 1, 1, 1, 3, 4, 9, 9, 11, 16, 20, 52, 53, 75"
5383,"1, 1, 1, 1, 1, 1, 2, 3, 3, 4, 8, 10, 18, 19, 43, 51, 89"
5384,"1, 1, 1, 1, 2, 2, 2, 7, 8, 17, 22, 25, 42, 56, 69"
5385,"1, 1, 2, 2, 3, 4, 6, 7, 18, 20, 26, 40, 56, 70"
5386,"1, 1, 1, 1, 2, 2, 4, 8, 15, 15, 31, 48, 51, 76"
5387,"1, 1, 1, 1, 1, 2, 9, 10, 11, 16, 30, 50, 53, 70"
5388,"1, 1, 2, 2, 2, 3, 6, 9, 19, 20, 26, 42, 56, 67"
5389,"1, 1, 2, 2, 2, 3, 7, 10, 12, 17, 33, 36, 60, 70"
5390,"1, 1, 1, 1, 1, 3, 4, 8, 9, 9, 13, 32, 52, 53, 68"
5391,"1, 1, 1, 1, 1, 2, 2, 3, 4, 6, 17, 21, 23, 45, 55, 73"
5392,"1, 1, 1, 2, 2, 4, 4, 6, 9, 20, 41, 54, 54, 57"
5393,"1, 1, 1, 2, 2, 3, 4, 7, 17, 29, 32, 44, 55, 58"
5394,"1, 1, 2, 2, 2, 3, 7, 10, 12, 17, 34, 38, 59, 68"
5395,"1, 1, 1, 1, 2, 3, 5, 7, 22, 25, 25, 42, 51, 70"
5396,"1, 1, 1, 2, 2, 2, 4, 4, 7, 8, 23, 38, 38, 58, 67"
5397,"1, 1, 1, 1, 2, 4, 4, 6, 10, 10, 14, 35, 48, 49, 70"
5398,"1, 1, 1, 1, 1, 2, 3, 7, 10, 13, 15, 31, 49, 51, 70"
5399,"1, 1, 1, 1, 1, 1, 2, 2, 3, 7, 19, 22, 27, 44, 54, 70"
5400,"1, 1, 1, 2, 2, 4, 8, 10, 17, 19, 27, 44, 52, 68"
5401,"1, 1, 1, 1, 1, 2, 2, 2, 2, 6, 10, 17, 28, 52, 58, 72"
5402,"1, 1, 1, 2, 2, 3, 4, 4, 10, 14, 15, 16, 44, 50, 89"
5403,"1, 1, 1, 1, 1, 2, 3, 4, 6, 22, 26, 35, 44, 54, 55"
5404,"1, 1, 1, 1, 1, 2, 6, 6, 12, 13, 17, 20, 42, 46, 87"
5405,"1, 1, 1, 1, 1, 2, 2, 2, 3, 10, 14, 16, 30, 47, 51, 74"
5406,"1, 1, 1, 1, 2, 3, 4, 4, 5, 17, 19, 28, 40, 59, 71"
5407,"1, 1, 1, 2, 2, 3, 9, 10, 16, 20, 20, 42, 46, 83"
5408,"1, 1, 1, 3, 5, 9, 9, 15, 20, 28, 47, 50, 67"
5409,"1, 1, 1, 2, 2, 3, 3, 3, 8, 9, 11, 36, 51, 52, 73"
5410,"1, 1, 1, 1, 2, 3, 4, 8, 9, 10, 13, 34, 50, 51, 68"
5411,"1, 1, 1, 1, 1, 4, 5, 5, 5, 18, 20, 23, 44, 58, 69"
5412,"1, 1, 1, 1, 2, 2, 5, 5, 5, 12, 14, 33, 42, 62, 70"
5413,"1, 1, 2, 2, 3, 6, 9, 15, 22, 39, 42, 52, 62"
5414,"1, 1, 1, 1, 1, 2, 3, 3, 7, 13, 24, 38, 49, 55, 57"
5415,"1, 1, 2, 3, 5, 5, 11, 13, 20, 42, 50, 50, 53"
5416,"1, 1, 1, 1, 2, 2, 5, 5, 23, 24, 37, 38, 54, 62"
5417,"1, 1, 1, 1, 2, 2, 3, 3, 4, 6, 9, 11, 19, 52, 53, 88"
5418,"1, 1, 1, 1, 1, 1, 3, 5, 7, 7, 9, 18, 21, 44, 52, 84"
5419,"1, 1, 2, 2, 5, 6, 13, 22, 22, 24, 40, 46, 72"
5420,"1, 1, 1, 1, 2, 3, 7, 9, 17, 22, 39, 40, 52, 61"
5421,"1, 1, 1, 1, 2, 2, 3, 6, 11, 11, 20, 25, 33, 67, 72"
5422,"1, 1, 1, 1, 1, 3, 3, 5, 9, 11, 17, 27, 51, 54, 71"
5423,"1, 1, 1, 1, 1, 1, 2, 3, 3, 11, 12, 16, 45, 49, 50, 59"
5424,"1, 1, 1, 1, 1, 2, 4, 6, 12, 15, 16, 31, 40, 61, 64"
5425,"1, 1, 1, 1, 1, 4, 9, 27, 31, 32, 43, 52, 53"
5426,"1, 1, 1, 1, 1, 1, 5, 7, 11, 12, 23, 24, 34, 61, 73"
5427,"1, 1, 1, 1, 1, 2, 3, 5, 10, 16, 17, 29, 45, 52, 72"
5428,"1, 1, 1, 1, 1, 2, 4, 9, 10, 10, 13, 33, 50, 53, 67"
5429,"1, 1, 1, 2, 2, 2, 8, 10, 19, 21, 28, 38, 56, 67"
5430,"1, 1, 3, 3, 5, 5, 11, 11, 19, 33, 36, 56, 72"
5431,"1, 1, 1, 1, 1, 1, 1, 2, 5, 6, 7, 9, 16, 21, 45, 54, 84"
5432,"1, 1, 2, 2, 3, 3, 4, 5, 13, 25, 36, 48, 56, 57"
5433,"1, 1, 2, 2, 4, 4, 4, 10, 12, 22, 22, 34, 64, 74"
5434,"1, 1, 1, 1, 1, 3, 3, 5, 7, 9, 19, 39, 53, 56, 57"
5435,"1, 2, 2, 3, 3, 8, 9, 22, 22, 24, 38, 52, 70"
5436,"1, 1, 2, 3, 4, 6, 8, 17, 29, 31, 46, 52, 56"
5437,"1, 1, 1, 2, 2, 3, 9, 9, 13, 15, 30, 52, 54, 64"
5438,"1, 1, 1, 1, 2, 3, 6, 6, 9, 9, 18, 27, 37, 67, 68"
5439,"1, 1, 2, 3, 3, 3, 3, 7, 19, 22, 26, 38, 54, 74"
5440,"1, 1, 1, 1, 2, 3, 3, 11, 21, 24, 37, 42, 51, 58"
5441,"1, 1, 1, 1, 1, 2, 4, 4, 4, 6, 10, 18, 27, 51, 55, 70"
5442,"1, 1, 1, 2, 3, 5, 5, 7, 14, 15, 17, 26, 75, 84"
5443,"1, 1, 1, 1, 1, 1, 1, 2, 3, 5, 9, 10, 12, 37, 49, 50, 72"
5444,"1, 1, 1, 1, 1, 3, 4, 4, 5, 20, 25, 37, 40, 56, 57"
5445,"1, 1, 1, 1, 1, 3, 4, 6, 11, 13, 17, 17, 46, 53, 81"
5446,"1, 1, 1, 1, 2, 2, 3, 4, 7, 17, 18, 25, 46, 52, 76"
5447,"1, 1, 1, 2, 2, 2, 3, 7, 10, 11, 12, 32, 50, 50, 72"
5448,"1, 1, 1, 1, 1, 1, 2, 2, 2, 11, 14, 15, 36, 46, 47, 75"
5449,"1, 1, 1, 1, 1, 1, 3, 3, 7, 7, 9, 13, 21, 54, 55, 78"
5450,"1, 1, 1, 1, 1, 1, 3, 7, 9, 11, 21, 41, 52, 52, 54"
5451,"1, 1, 1, 1, 3, 3, 7, 7, 10, 31, 40, 45, 52, 54"
5452,"1, 1, 1, 2, 2, 2, 8, 12, 12, 13, 23, 47, 50, 82"
5453,"1, 1, 1, 1, 1, 1, 1, 3, 5, 5, 7, 9, 14, 21, 47, 54, 84"
5454,"1, 1, 1, 2, 2, 5, 9, 9, 14, 15, 16, 46, 53, 82"
5455,"1, 1, 1, 3, 5, 6, 6, 17, 25, 38, 45, 52, 56"
5456,"1, 1, 1, 2, 4, 4, 6, 8, 15, 19, 26, 48, 54, 67"
5457,"1, 1, 2, 2, 4, 6, 8, 16, 23, 30, 42, 56, 65"
5458,"1, 1, 1, 1, 2, 3, 5, 5, 9, 12, 19, 27, 34, 68, 68"
5459,"1, 1, 1, 1, 2, 3, 9, 11, 14, 17, 29, 52, 52, 63"
5460,"1, 1, 1, 1, 1, 2, 5, 5, 7, 9, 27, 35, 38, 58, 65"
5461,"1, 1, 1, 1, 2, 2, 4, 10, 12, 14, 18, 50, 58, 82"
5462,"1, 1, 2, 2, 5, 7, 8, 10, 19, 20, 44, 55, 82"
5463,"1, 1, 1, 2, 3, 4, 5, 5, 15, 27, 34, 47, 54, 57"
5464,"1, 1, 1, 1, 2, 2, 3, 4, 6, 7, 18, 44, 52, 55, 59"
5465,"1, 1, 1, 1, 1, 1, 1, 1, 4, 5, 16, 23, 38, 44, 57, 61"
5466,"1, 1, 1, 2, 2, 3, 3, 3, 11, 12, 14, 46, 49, 50, 58"
5467,"1, 1, 1, 1, 2, 3, 6, 7, 15, 28, 36, 47, 52, 56"
5468,"1, 1, 2, 2, 3, 3, 5, 9, 15, 18, 28, 46, 52, 71"
5469,"1, 1, 1, 1, 2, 4, 5, 7, 19, 21, 27, 44, 56, 67"
5470,"1, 1, 1, 2, 3, 5, 5, 9, 12, 14, 34, 36, 62, 71"
5471,"1, 1, 2, 3, 4, 4, 13, 18, 21, 28, 42, 47, 72"
5472,"1, 1, 1, 1, 2, 2, 4, 4, 4, 10, 15, 33, 44, 63, 71"
5473,"1, 1, 1, 2, 2, 4, 8, 10, 13, 20, 25, 32, 68, 69"
5474,"1, 1, 1, 1, 1, 1, 5, 6, 10, 17, 19, 27, 45, 57, 64"
5475,"1, 1, 1, 1, 2, 3, 5, 5, 5, 12, 15, 27, 48, 56, 74"
5476,"1, 1, 1, 1, 1, 2, 7, 11, 15, 16, 30, 40, 62, 68"
5477,"1, 1, 1, 2, 2, 2, 2, 4, 7, 16, 24, 28, 40, 52, 74"
5478,"1, 1, 1, 1, 1, 2, 3, 3, 4, 11, 18, 42, 43, 60, 65"
5479,"1, 1, 1, 4, 5, 7, 10, 13, 16, 32, 33, 66, 67"
5480,"1, 1, 1, 1, 3, 3, 5, 5, 6, 13, 13, 32, 39, 64, 69"
5481,"1, 1, 2, 2, 3, 3, 4, 8, 12, 14, 18, 28, 79, 81"
5482,"1, 1, 1, 1, 1, 1, 1, 1, 2, 6, 7, 18, 23, 23, 43, 55, 71"
5483,"1, 1, 1, 3, 5, 9, 11, 13, 22, 23, 34, 66, 67"
5484,"1, 1, 1, 3, 3, 4, 7, 8, 16, 22, 23, 45, 54, 68"
5485,"1, 1, 2, 3, 5, 6, 11, 15, 20, 30, 32, 58, 72"
5486,"1, 1, 1, 2, 2, 3, 8, 11, 11, 12, 24, 48, 50, 82"
5487,"1, 1, 1, 1, 2, 2, 3, 4, 7, 18, 21, 24, 44, 57, 70"
5488,"1, 1, 1, 2, 2, 5, 7, 7, 18, 19, 26, 44, 56, 67"
5489,"1, 1, 1, 2, 2, 16, 32, 92, 109"
5490,"1, 1, 1, 1, 2, 2, 6, 10, 17, 19, 28, 41, 60, 67"
5491,"1, 1, 1, 2, 3, 3, 8, 9, 11, 20, 25, 36, 66, 70"
5492,"1, 1, 1, 1, 1, 2, 3, 4, 5, 6, 7, 9, 25, 51, 54, 85"
5493,"1, 1, 1, 1, 2, 3, 3, 7, 9, 14, 16, 31, 38, 61, 68"
5494,"1, 1, 1, 2, 3, 3, 3, 6, 14, 28, 34, 45, 57, 58"
5495,"1, 1, 1, 1, 1, 1, 2, 2, 2, 6, 16, 29, 33, 45, 56, 59"
5496,"1, 1, 1, 1, 2, 2, 4, 4, 4, 12, 24, 27, 35, 56, 82"
5497,"1, 1, 1, 1, 2, 3, 5, 7, 22, 25, 39, 40, 53, 56"
5498,"1, 1, 1, 1, 2, 3, 3, 8, 9, 12, 17, 27, 50, 54, 67"
5499,"1, 1, 1, 1, 1, 1, 4, 6, 8, 13, 18, 34, 40, 59, 68"
5500,"1, 1, 1, 3, 5, 5, 9, 18, 21, 29, 42, 51, 70"
5501,"1, 1, 1, 1, 2, 4, 5, 6, 16, 23, 35, 44, 56, 61"
5502,"1, 1, 1, 1, 2, 2, 3, 5, 5, 7, 7, 14, 22, 46, 54, 85"
5503,"1, 1, 2, 3, 6, 9, 10, 11, 16, 30, 47, 52, 68"
5504,"1, 1, 1, 1, 2, 2, 2, 2, 4, 5, 8, 20, 41, 41, 57, 68"
5505,"1, 1, 2, 3, 3, 3, 4, 6, 13, 23, 36, 49, 54, 58"
5506,"1, 1, 1, 1, 2, 2, 2, 3, 5, 6, 12, 17, 19, 43, 54, 87"
5507,"1, 1, 1, 2, 2, 2, 6, 6, 13, 20, 41, 41, 56, 64"
5508,"1, 1, 1, 2, 2, 5, 5, 8, 11, 25, 34, 49, 54, 58"
5509,"1, 1, 2, 2, 2, 3, 8, 9, 15, 19, 26, 46, 54, 68"
5510,"1, 1, 1, 1, 2, 2, 4, 8, 8, 11, 23, 24, 34, 66, 70"
5511,"1, 1, 1, 3, 3, 4, 13, 13, 21, 34, 39, 60, 63"
5512,"1, 1, 1, 1, 1, 1, 2, 4, 8, 16, 26, 35, 45, 54, 60"
5513,"1, 1, 1, 2, 2, 3, 4, 4, 17, 21, 28, 45, 58, 69"
5514,"1, 1, 1, 1, 2, 3, 3, 3, 4, 19, 19, 26, 42, 57, 74"
5515,"1, 1, 1, 2, 2, 3, 4, 11, 15, 18, 30, 44, 50, 74"
5516,"1, 1, 2, 2, 5, 8, 9, 17, 20, 28, 44, 53, 66"
5517,"1, 1, 2, 3, 3, 6, 7, 15, 21, 39, 42, 54, 62"
5518,"1, 1, 1, 1, 2, 2, 5, 10, 19, 24, 38, 43, 52, 57"
5519,"1, 1, 2, 4, 18, 32, 94, 104"
5520,"1, 1, 1, 1, 2, 2, 4, 6, 10, 12, 22, 22, 34, 66, 72"
5521,"1, 1, 1, 2, 2, 4, 4, 6, 17, 21, 28, 42, 57, 70"
5522,"1, 1, 1, 2, 2, 2, 2, 4, 4, 17, 28, 31, 44, 58, 59"
5523,"1, 1, 1, 2, 3, 4, 8, 9, 10, 13, 23, 49, 50, 82"
5524,"1, 1, 1, 1, 2, 3, 4, 10, 18, 22, 26, 44, 49, 74"
5525,"1, 1, 1, 2, 3, 3, 7, 9, 18, 22, 24, 44, 54, 67"
5526,"1, 1, 1, 2, 3, 4, 6, 6, 15, 27, 33, 47, 54, 56"
5527,"1, 1, 1, 3, 10, 11, 15, 30, 31, 48, 51, 54"
5528,"1, 1, 1, 1, 2, 2, 3, 8, 18, 28, 35, 42, 56, 58"
5529,"1, 1, 1, 1, 1, 2, 3, 3, 4, 7, 8, 15, 45, 53, 54, 57"
5530,"1, 1, 1, 1, 2, 2, 2, 2, 2, 4, 16, 22, 38, 46, 56, 60"
5531,"1, 1, 1, 1, 1, 2, 3, 9, 10, 13, 17, 27, 49, 53, 68"
5532,"1, 1, 1, 1, 2, 2, 2, 6, 7, 15, 29, 33, 44, 56, 56"
5533,"1, 1, 1, 2, 2, 2, 4, 6, 7, 7, 11, 34, 54, 56, 68"
5534,"1, 1, 2, 2, 2, 4, 4, 4, 23, 26, 36, 42, 53, 56"
5535,"1, 1, 1, 1, 1, 4, 4, 4, 6, 15, 16, 30, 47, 53, 72"
5536,"1, 1, 1, 1, 1, 1, 1, 3, 7, 9, 13, 20, 33, 39, 57, 68"
5537,"1, 1, 1, 1, 1, 2, 2, 5, 7, 7, 8, 16, 22, 45, 53, 84"
5538,"1, 1, 1, 1, 1, 2, 4, 7, 10, 12, 17, 29, 40, 63, 67"
5539,"1, 1, 2, 2, 3, 6, 11, 22, 30, 32, 40, 50, 56"
5540,"1, 1, 1, 1, 2, 3, 3, 5, 12, 13, 18, 24, 35, 50, 87"
5541,"1, 1, 1, 1, 1, 1, 3, 5, 9, 17, 18, 28, 45, 53, 72"
5542,"1, 1, 1, 2, 2, 3, 4, 7, 17, 29, 32, 44, 55, 58"
5543,"1, 1, 1, 1, 2, 4, 6, 11, 15, 28, 32, 33, 53, 68"
5544,"1, 1, 1, 3, 4, 5, 5, 9, 9, 18, 26, 37, 65, 72"
5545,"1, 1, 2, 2, 2, 3, 4, 9, 17, 24, 36, 45, 52, 58"
5546,"1, 1, 1, 2, 4, 4, 6, 6, 17, 18, 30, 44, 50, 72"
5547,"1, 1, 1, 1, 1, 4, 8, 8, 19, 21, 25, 44, 55, 67"
5548,"1, 1, 2, 2, 2, 5, 8, 11, 13, 14, 31, 48, 48, 70"
5549,"1, 1, 1, 2, 2, 2, 3, 7, 9, 12, 15, 18, 46, 55, 82"
5550,"1, 1, 1, 2, 3, 4, 8, 9, 13, 16, 18, 46, 50, 84"
5551,"1, 1, 1, 1, 1, 1, 2, 5, 10, 15, 18, 32, 44, 51, 73"
5552,"1, 1, 1, 1, 3, 4, 4, 5, 16, 18, 39, 44, 58, 61"
5553,"1, 1, 1, 1, 1, 3, 9, 9, 12, 17, 21, 46, 50, 84"
5554,"1, 1, 1, 2, 2, 2, 3, 4, 9, 12, 14, 30, 36, 64, 75"
5555,"1, 1, 2, 3, 4, 4, 5, 7, 30, 42, 44, 45, 68"
5556,"1, 1, 1, 1, 2, 2, 2, 3, 3, 4, 7, 14, 38, 40, 61, 76"
5557,"1, 1, 1, 1, 2, 2, 4, 5, 7, 15, 22, 30, 42, 55, 68"
5558,"1, 1, 1, 1, 1, 1, 2, 4, 9, 15, 18, 28, 43, 61, 70"
5559,"1, 1, 2, 2, 5, 8, 11, 13, 23, 40, 48, 48, 54"
5560,"1, 1, 1, 2, 2, 2, 4, 6, 8, 12, 14, 31, 38, 66, 68"
5561,"1, 1, 1, 1, 1, 2, 2, 3, 3, 9, 11, 11, 34, 51, 51, 74"
5562,"1, 1, 1, 1, 1, 2, 11, 40, 97, 101"
5563,"1, 1, 1, 1, 2, 2, 3, 5, 5, 18, 23, 26, 42, 55, 71"
5564,"1, 1, 1, 2, 2, 2, 8, 12, 14, 15, 22, 47, 48, 81"
5565,"1, 1, 1, 1, 1, 1, 2, 3, 4, 5, 18, 27, 33, 43, 57, 58"
5566,"1, 1, 1, 1, 2, 2, 3, 3, 5, 22, 24, 36, 44, 55, 56"
5567,"1, 1, 1, 2, 2, 3, 6, 8, 10, 11, 39, 51, 52, 69"
5568,"1, 1, 1, 1, 1, 2, 3, 4, 4, 5, 12, 21, 23, 34, 70, 73"
5569,"1, 1, 1, 1, 2, 6, 7, 7, 11, 16, 32, 40, 60, 71"
5570,"1, 1, 1, 1, 2, 3, 3, 3, 7, 13, 25, 36, 49, 54, 57"
5571,"1, 1, 1, 1, 1, 1, 1, 3, 5, 9, 14, 17, 30, 41, 63, 67"
5572,"1, 1, 1, 2, 3, 4, 8, 9, 17, 17, 28, 45, 52, 68"
5573,"1, 1, 1, 1, 2, 2, 4, 6, 10, 12, 12, 18, 49, 57, 80"
5574,"1, 1, 1, 2, 3, 4, 6, 8, 18, 20, 25, 44, 56, 67"
5575,"1, 1, 1, 1, 2, 3, 3, 7, 8, 9, 22, 24, 38, 67, 69"
5576,"1, 1, 1, 1, 2, 3, 4, 7, 8, 11, 14, 31, 52, 53, 67"
5577,"1, 1, 1, 1, 2, 3, 10, 11, 17, 20, 30, 36, 57, 66"
5578,"1, 1, 1, 2, 2, 3, 5, 5, 7, 12, 14, 31, 48, 52, 72"
5579,"1, 1, 1, 1, 1, 1, 2, 4, 6, 10, 11, 17, 19, 45, 51, 85"
5580,"1, 1, 2, 2, 6, 8, 12, 15, 22, 24, 32, 65, 66"
5581,"1, 1, 1, 1, 1, 1, 1, 2, 3, 3, 7, 9, 11, 38, 51, 52, 73"
5582,"1, 1, 1, 1, 3, 6, 7, 11, 11, 14, 35, 44, 51, 70"
5583,"1, 1, 1, 2, 4, 5, 5, 7, 10, 19, 27, 38, 66, 70"
5584,"1, 1, 1, 1, 1, 2, 3, 4, 4, 7, 13, 13, 33, 47, 56, 69"
5585,"1, 1, 1, 1, 2, 2, 3, 3, 7, 17, 24, 36, 45, 56, 57"
5586,"1, 1, 1, 1, 2, 3, 5, 9, 13, 19, 32, 36, 60, 73"
5587,"1, 1, 1, 1, 2, 2, 3, 6, 8, 12, 23, 37, 50, 54, 55"
5588,"1, 1, 1, 1, 1, 2, 3, 3, 10, 14, 15, 31, 45, 52, 76"
5589,"1, 1, 1, 1, 2, 2, 2, 5, 6, 15, 20, 41, 41, 56, 62"
5590,"1, 1, 1, 1, 2, 2, 4, 5, 8, 14, 16, 28, 42, 61, 70"
5591,"1, 1, 1, 1, 2, 2, 3, 4, 7, 16, 23, 38, 46, 53, 58"
5592,"1, 1, 1, 2, 2, 4, 4, 9, 18, 26, 28, 38, 50, 72"
5593,"1, 1, 1, 1, 1, 3, 3, 5, 7, 16, 17, 29, 46, 53, 72"
5594,"1, 1, 1, 1, 2, 3, 4, 5, 8, 15, 17, 28, 47, 55, 68"
5595,"1, 1, 1, 1, 2, 3, 4, 9, 17, 21, 36, 41, 58, 61"
5596,"1, 1, 1, 1, 1, 1, 2, 2, 3, 4, 18, 20, 25, 43, 60, 73"
5597,"1, 1, 1, 1, 1, 1, 3, 4, 5, 15, 24, 37, 47, 55, 60"
5598,"1, 1, 2, 2, 3, 4, 6, 8, 17, 17, 26, 45, 54, 70"
5599,"1, 1, 1, 1, 2, 3, 4, 6, 6, 11, 16, 34, 40, 61, 69"
5600,"1, 1, 1, 1, 2, 2, 2, 3, 8, 15, 17, 38, 44, 59, 62"
5601,"1, 1, 2, 2, 2, 4, 4, 5, 14, 23, 30, 40, 54, 74"
5602,"1, 1, 1, 2, 3, 5, 5, 8, 9, 25, 35, 38, 54, 69"
5603,"1, 1, 1, 2, 2, 3, 4, 4, 5, 14, 22, 38, 47, 56, 56"
5604,"1, 1, 1, 1, 1, 1, 2, 7, 9, 9, 20, 42, 53, 53, 55"
5605,"1, 1, 1, 1, 1, 1, 2, 2, 10, 11, 11, 14, 19, 47, 52, 82"
5606,"1, 4, 5, 10, 13, 14, 21, 34, 34, 54, 66"
5607,"1, 1, 1, 1, 1, 1, 5, 5, 8, 9, 18, 28, 37, 69, 71"
5608,"1, 1, 1, 1, 1, 3, 6, 6, 9, 11, 15, 20, 47, 51, 83"
5609,"1, 1, 1, 2, 2, 3, 6, 9, 11, 14, 32, 51, 51, 72"
5610,"1, 1, 1, 1, 4, 5, 7, 8, 11, 16, 30, 36, 67, 68"
5611,"1, 1, 1, 1, 1, 2, 2, 3, 4, 9, 14, 16, 29, 42, 63, 67"
5612,"1, 1, 2, 2, 3, 5, 7, 7, 10, 17, 19, 46, 54, 82"
5613,"1, 1, 1, 2, 2, 4, 5, 6, 7, 8, 18, 20, 44, 51, 86"
5614,"1, 1, 2, 3, 5, 7, 15, 15, 20, 25, 32, 60, 70"
5615,"1, 1, 1, 1, 2, 3, 7, 8, 8, 12, 12, 17, 48, 49, 86"
5616,"1, 1, 1, 1, 1, 2, 2, 3, 8, 22, 23, 25, 44, 52, 70"
5617,"1, 1, 1, 1, 1, 5, 7, 11, 19, 19, 28, 43, 51, 68"
5618,"1, 1, 1, 1, 3, 3, 3, 3, 11, 12, 17, 43, 49, 50, 58"
5619,"1, 1, 1, 2, 5, 6, 13, 18, 18, 28, 42, 59, 62"
5620,"1, 1, 1, 1, 1, 1, 2, 3, 7, 8, 11, 13, 33, 52, 52, 69"
5621,"1, 1, 1, 1, 2, 3, 3, 4, 6, 11, 15, 30, 51, 53, 74"
5622,"1, 1, 1, 1, 2, 3, 3, 4, 10, 16, 19, 29, 43, 49, 74"
5623,"1, 1, 1, 1, 2, 2, 4, 6, 10, 14, 16, 31, 40, 61, 66"
5624,"1, 1, 1, 1, 1, 2, 2, 3, 5, 11, 33, 44, 46, 49, 56"
5625,"1, 1, 1, 1, 1, 1, 3, 5, 8, 12, 23, 35, 49, 56, 59"
5626,"1, 1, 1, 1, 2, 2, 7, 12, 13, 23, 38, 50, 50, 55"
5627,"1, 1, 1, 1, 2, 5, 6, 7, 13, 17, 34, 41, 60, 67"
5628,"1, 2, 2, 3, 3, 11, 11, 13, 14, 30, 50, 50, 66"
5629,"1, 1, 1, 2, 2, 2, 3, 3, 8, 15, 25, 31, 38, 50, 74"
5630,"1, 1, 1, 1, 2, 2, 5, 14, 15, 21, 32, 42, 46, 73"
5631,"1, 1, 1, 1, 1, 1, 2, 2, 8, 10, 10, 14, 33, 51, 51, 69"
5632,"1, 1, 1, 1, 1, 1, 6, 7, 9, 10, 21, 25, 38, 62, 72"
5633,"1, 1, 1, 1, 2, 2, 4, 6, 8, 20, 20, 25, 42, 54, 69"
5634,"1, 1, 1, 1, 1, 2, 2, 5, 9, 10, 15, 36, 37, 62, 73"
5635,"1, 1, 1, 2, 3, 3, 6, 9, 9, 21, 39, 51, 54, 56"
5636,"1, 1, 1, 1, 2, 2, 6, 6, 20, 26, 27, 42, 49, 72"
5637,"1, 1, 1, 2, 3, 3, 9, 12, 13, 19, 26, 34, 64, 68"
5638,"1, 1, 1, 4, 4, 6, 10, 16, 17, 27, 42, 61, 66"
5639,"1, 1, 2, 3, 4, 6, 6, 13, 17, 18, 46, 56, 83"
5640,"1, 1, 1, 1, 1, 3, 5, 5, 7, 18, 21, 24, 43, 57, 68"
5641,"1, 1, 1, 2, 3, 3, 9, 9, 13, 15, 32, 49, 50, 68"
5642,"1, 1, 1, 2, 2, 3, 3, 4, 6, 13, 16, 29, 49, 52, 74"
5643,"1, 1, 1, 1, 2, 3, 5, 7, 7, 11, 12, 33, 52, 53, 67"
5644,"1, 1, 1, 1, 2, 2, 5, 6, 7, 8, 9, 22, 50, 55, 86"
5645,"1, 1, 1, 2, 2, 6, 8, 10, 12, 18, 20, 42, 52, 81"
5646,"1, 1, 1, 1, 1, 1, 2, 2, 7, 8, 11, 16, 28, 39, 67, 70"
5647,"1, 1, 2, 2, 3, 5, 6, 6, 8, 22, 23, 40, 65, 72"
5648,"1, 1, 1, 1, 1, 1, 2, 10, 11, 17, 20, 29, 36, 57, 68"
5649,"1, 1, 1, 1, 1, 1, 2, 3, 5, 9, 10, 20, 22, 40, 52, 87"
5650,"1, 1, 1, 2, 3, 3, 9, 9, 11, 20, 34, 36, 58, 68"
5651,"1, 1, 1, 2, 2, 2, 6, 7, 16, 17, 30, 46, 53, 72"
5652,"1, 1, 1, 1, 1, 2, 2, 2, 4, 6, 9, 21, 26, 36, 69, 74"
5653,"1, 1, 1, 1, 2, 3, 3, 6, 7, 14, 21, 26, 45, 53, 72"
5654,"1, 1, 1, 2, 2, 7, 8, 11, 15, 16, 17, 43, 46, 86"
5655,"1, 1, 1, 1, 1, 2, 2, 3, 4, 10, 11, 14, 18, 47, 58, 82"
5656,"1, 1, 1, 1, 1, 1, 1, 2, 6, 11, 11, 20, 35, 35, 57, 72"
5657,"1, 1, 1, 1, 1, 1, 1, 1, 3, 5, 9, 11, 11, 35, 51, 52, 71"
5658,"1, 1, 2, 2, 2, 3, 4, 8, 17, 21, 24, 42, 55, 74"
5659,"1, 1, 1, 1, 1, 3, 4, 5, 5, 17, 18, 29, 42, 56, 72"
5660,"1, 1, 1, 2, 2, 2, 2, 4, 6, 8, 20, 38, 40, 58, 71"
5661,"1, 1, 1, 1, 1, 1, 2, 3, 4, 7, 15, 17, 31, 44, 54, 73"
5662,"1, 1, 1, 3, 3, 9, 11, 12, 17, 20, 46, 51, 81"
5663,"1, 1, 1, 1, 2, 3, 4, 6, 9, 9, 10, 37, 51, 52, 69"
5664,"1, 1, 1, 1, 2, 2, 2, 5, 8, 16, 17, 29, 38, 61, 72"
5665,"1, 1, 1, 1, 2, 2, 4, 6, 8, 11, 20, 26, 34, 69, 70"
5666,"1, 1, 1, 1, 1, 1, 1, 1, 2, 4, 5, 15, 18, 30, 41, 60, 73"
5667,"1, 1, 1, 2, 2, 4, 4, 8, 8, 12, 14, 17, 46, 52, 84"
5668,"1, 1, 2, 2, 4, 4, 6, 6, 7, 22, 38, 40, 56, 67"
5669,"1, 1, 3, 5, 19, 30, 93, 104"
5670,"1, 1, 1, 2, 3, 4, 6, 8, 21, 22, 26, 38, 51, 72"
5671,"1, 1, 1, 3, 3, 4, 6, 17, 21, 30, 42, 53, 74"
5672,"1, 1, 1, 1, 1, 2, 3, 4, 6, 8, 9, 10, 37, 51, 52, 69"
5673,"1, 1, 1, 2, 2, 2, 2, 4, 10, 14, 14, 30, 41, 64, 68"
5674,"1, 1, 1, 1, 1, 1, 2, 4, 6, 9, 10, 19, 21, 43, 50, 86"
5675,"1, 1, 1, 2, 2, 3, 5, 12, 13, 18, 43, 49, 50, 56"
5676,"1, 1, 1, 1, 3, 3, 5, 12, 13, 22, 32, 36, 55, 71"
5677,"1, 1, 1, 1, 3, 3, 5, 7, 12, 18, 36, 40, 59, 69"
5678,"1, 1, 2, 2, 2, 2, 2, 8, 8, 9, 20, 24, 36, 69, 70"
5679,"1, 1, 1, 1, 2, 2, 3, 7, 8, 18, 22, 24, 43, 54, 69"
5680,"1, 1, 1, 1, 1, 2, 3, 9, 9, 13, 15, 31, 49, 50, 70"
5681,"1, 1, 1, 2, 2, 3, 4, 4, 6, 18, 20, 25, 42, 55, 72"
5682,"1, 1, 1, 2, 2, 3, 6, 10, 13, 20, 25, 32, 69, 71"
5683,"1, 1, 1, 3, 4, 5, 7, 9, 26, 34, 42, 60, 63"
5684,"1, 1, 2, 2, 2, 2, 6, 10, 20, 21, 28, 38, 51, 72"
5685,"1, 1, 1, 2, 2, 3, 3, 5, 5, 16, 21, 29, 42, 55, 70"
5686,"1, 1, 2, 2, 2, 2, 4, 4, 6, 13, 16, 28, 48, 57, 70"
5687,"1, 1, 1, 1, 2, 4, 4, 6, 8, 14, 16, 20, 42, 51, 85"
5688,"1, 1, 1, 2, 3, 3, 5, 8, 9, 27, 40, 49, 53, 54"
5689,"1, 1, 2, 3, 4, 6, 8, 21, 24, 24, 42, 54, 66"
5690,"1, 1, 1, 1, 1, 2, 3, 3, 4, 7, 14, 15, 29, 47, 53, 74"
5691,"1, 1, 1, 2, 2, 3, 3, 3, 4, 20, 24, 26, 42, 51, 73"
5692,"1, 1, 1, 1, 1, 1, 4, 5, 12, 14, 22, 26, 32, 62, 73"
5693,"1, 1, 1, 2, 3, 3, 5, 9, 18, 20, 36, 43, 56, 58"
5694,"1, 1, 2, 2, 2, 4, 6, 6, 20, 22, 24, 38, 56, 72"
5695,"1, 2, 2, 4, 8, 12, 13, 16, 32, 46, 48, 72"
5696,"1, 1, 1, 1, 1, 2, 4, 5, 8, 10, 13, 34, 37, 64, 74"
5697,"1, 1, 1, 2, 2, 2, 3, 4, 7, 12, 28, 33, 34, 58, 68"
5698,"1, 1, 1, 2, 2, 3, 6, 11, 14, 15, 16, 51, 56, 77"
5699,"1, 1, 1, 2, 2, 5, 5, 7, 16, 23, 31, 42, 52, 68"
5700,"1, 1, 1, 3, 4, 4, 4, 8, 11, 25, 35, 36, 56, 67"
5701,"1, 1, 1, 2, 8, 15, 18, 79, 131"
5702,"1, 1, 1, 3, 3, 5, 5, 9, 13, 21, 24, 34, 67, 69"
5703,"1, 1, 1, 1, 2, 3, 4, 6, 7, 14, 18, 18, 43, 53, 84"
5704,"1, 1, 2, 4, 5, 6, 9, 11, 20, 42, 49, 52, 54"
5705,"1, 1, 1, 1, 5, 6, 7, 9, 10, 19, 27, 38, 64, 67"
5706,"1, 1, 2, 4, 4, 8, 10, 16, 17, 30, 45, 50, 68"
5707,"1, 1, 1, 1, 2, 3, 3, 7, 7, 11, 18, 34, 38, 60, 69"
5708,"1, 1, 1, 1, 2, 2, 5, 8, 9, 10, 13, 32, 50, 53, 68"
5709,"1, 1, 1, 2, 2, 2, 3, 5, 8, 8, 19, 26, 41, 68, 69"
5710,"1, 1, 1, 1, 2, 2, 3, 5, 5, 17, 30, 31, 44, 56, 57"
5711,"1, 1, 2, 3, 3, 4, 4, 5, 11, 22, 22, 35, 69, 74"
5712,"1, 1, 1, 2, 2, 2, 6, 9, 11, 22, 40, 51, 52, 56"
5713,"1, 1, 1, 2, 4, 4, 8, 8, 12, 18, 28, 49, 56, 64"
5714,"1, 1, 1, 1, 2, 3, 3, 7, 8, 9, 12, 24, 48, 57, 79"
5715,"1, 1, 1, 1, 1, 2, 3, 7, 7, 18, 20, 40, 41, 54, 59"
5716,"1, 1, 1, 4, 5, 7, 12, 13, 21, 25, 34, 64, 68"
5717,"1, 1, 1, 1, 4, 5, 5, 5, 18, 23, 25, 42, 55, 70"
5718,"1, 1, 2, 2, 3, 3, 7, 7, 13, 18, 26, 47, 56, 70"
5719,"1, 1, 2, 2, 3, 5, 6, 8, 11, 17, 20, 44, 56, 80"
5720,"1, 1, 1, 1, 2, 2, 5, 5, 10, 10, 16, 22, 44, 51, 85"
5721,"1, 1, 1, 3, 5, 5, 5, 5, 9, 10, 22, 50, 54, 85"
5722,"1, 1, 1, 2, 3, 5, 7, 11, 13, 13, 17, 50, 56, 76"
5723,"1, 1, 1, 2, 2, 3, 8, 15, 16, 22, 24, 29, 62, 70"
5724,"1, 1, 1, 1, 2, 2, 4, 4, 6, 13, 16, 29, 49, 58, 69"
5725,"1, 1, 1, 1, 2, 5, 5, 6, 6, 12, 16, 29, 49, 52, 70"
5726,"1, 1, 1, 2, 4, 6, 7, 7, 11, 11, 20, 50, 51, 84"
5727,"1, 1, 1, 1, 1, 2, 3, 4, 5, 8, 13, 18, 19, 41, 51, 87"
5728,"1, 1, 1, 1, 1, 1, 3, 5, 9, 16, 18, 30, 42, 60, 67"
5729,"1, 1, 1, 1, 1, 1, 3, 4, 5, 10, 12, 21, 26, 33, 65, 71"
5730,"1, 1, 1, 1, 2, 2, 2, 8, 9, 13, 19, 32, 38, 57, 70"
5731,"1, 1, 1, 1, 2, 2, 3, 4, 9, 15, 21, 30, 38, 55, 73"
5732,"1, 1, 1, 1, 1, 2, 3, 3, 4, 16, 25, 35, 44, 57, 62"
5733,"1, 1, 2, 2, 2, 3, 4, 8, 14, 16, 29, 46, 54, 74"
5734,"1, 1, 1, 1, 3, 3, 4, 5, 5, 9, 13, 33, 38, 67, 72"
5735,"1, 1, 1, 1, 1, 1, 1, 1, 3, 3, 7, 10, 27, 34, 35, 59, 70"
5736,"1, 1, 2, 2, 3, 4, 7, 10, 15, 21, 22, 30, 68, 70"
5737,"1, 1, 1, 1, 2, 2, 2, 4, 7, 15, 21, 40, 46, 56, 57"
5738,"1, 1, 1, 2, 4, 6, 8, 8, 10, 22, 22, 35, 66, 70"
5739,"1, 1, 1, 1, 2, 2, 3, 8, 11, 14, 21, 24, 32, 66, 69"
5740,"1, 1, 1, 1, 2, 3, 3, 4, 5, 15, 21, 29, 42, 57, 71"
5741,"1, 1, 1, 3, 5, 7, 13, 16, 17, 31, 33, 56, 72"
5742,"1, 1, 1, 1, 2, 2, 3, 3, 5, 7, 11, 13, 18, 48, 55, 85"
5743,"1, 1, 1, 1, 1, 2, 4, 7, 10, 18, 22, 23, 43, 56, 66"
5744,"1, 1, 1, 2, 4, 4, 4, 6, 13, 17, 34, 37, 62, 70"
5745,"1, 1, 1, 1, 2, 2, 2, 10, 10, 14, 18, 28, 47, 51, 68"
5746,"1, 1, 1, 2, 3, 3, 7, 8, 9, 19, 39, 53, 54, 56"
5747,"1, 1, 1, 2, 2, 2, 2, 4, 7, 19, 24, 36, 41, 56, 58"
5748,"1, 1, 1, 1, 2, 2, 3, 6, 9, 20, 22, 24, 41, 51, 72"
5749,"1, 1, 1, 2, 2, 2, 8, 9, 20, 23, 24, 40, 53, 70"
5750,"1, 1, 1, 1, 1, 2, 3, 9, 9, 14, 17, 30, 37, 63, 67"
5751,"1, 1, 2, 3, 3, 4, 5, 8, 13, 19, 24, 49, 56, 68"
5752,"1, 1, 1, 1, 1, 2, 3, 4, 5, 18, 18, 40, 45, 57, 59"
5753,"1, 1, 1, 1, 1, 2, 2, 7, 8, 13, 18, 27, 49, 54, 71"
5754,"1, 1, 1, 2, 3, 3, 4, 6, 7, 11, 17, 18, 43, 54, 85"
5755,"1, 1, 1, 1, 2, 5, 6, 8, 19, 22, 28, 42, 54, 66"
5756,"1, 1, 1, 2, 2, 3, 3, 4, 6, 15, 21, 31, 38, 54, 74"
5757,"1, 1, 1, 1, 1, 2, 2, 3, 4, 4, 15, 23, 30, 44, 53, 71"
5758,"1, 1, 1, 2, 2, 4, 5, 5, 10, 26, 36, 49, 56, 58"
5759,"1, 1, 1, 2, 3, 4, 4, 7, 19, 19, 24, 42, 60, 69"
5760,"1, 1, 1, 1, 2, 4, 6, 6, 10, 12, 14, 17, 47, 54, 80"
5761,"1, 1, 1, 1, 2, 3, 4, 6, 7, 14, 18, 29, 46, 54, 69"
5762,"1, 1, 1, 1, 1, 3, 5, 5, 9, 17, 17, 29, 45, 52, 69"
5763,"1, 1, 1, 2, 2, 4, 4, 8, 14, 17, 30, 46, 54, 72"
5764,"1, 1, 1, 1, 1, 1, 1, 2, 2, 4, 8, 9, 11, 34, 52, 53, 74"
5765,"1, 1, 1, 3, 4, 4, 4, 8, 13, 17, 31, 46, 52, 71"
5766,"1, 1, 1, 1, 2, 3, 6, 8, 12, 12, 47, 53, 109"
5767,"1, 1, 1, 1, 3, 3, 4, 7, 10, 13, 15, 16, 45, 54, 82"
5768,"1, 1, 1, 1, 3, 3, 3, 3, 5, 16, 21, 39, 46, 56, 57"
5769,"1, 1, 1, 1, 2, 3, 3, 3, 9, 16, 23, 39, 44, 52, 58"
5770,"1, 1, 1, 1, 1, 2, 4, 5, 6, 14, 21, 42, 42, 53, 62"
5771,"1, 1, 1, 1, 2, 4, 8, 10, 15, 16, 23, 39, 53, 82"
5772,"1, 1, 2, 2, 2, 5, 6, 9, 13, 17, 28, 48, 50, 72"
5773,"1, 1, 1, 1, 2, 2, 2, 3, 5, 20, 22, 38, 40, 56, 62"
5774,"1, 1, 1, 1, 2, 2, 2, 6, 6, 13, 17, 34, 39, 59, 72"
5775,"1, 2, 2, 2, 6, 8, 8, 11, 22, 24, 36, 64, 70"
5776,"1, 1, 1, 2, 2, 5, 6, 7, 15, 22, 23, 39, 60, 72"
5777,"1, 1, 1, 1, 1, 2, 4, 5, 6, 18, 28, 34, 43, 54, 57"
5778,"1, 1, 1, 1, 1, 3, 5, 7, 9, 11, 11, 19, 49, 58, 79"
5779,"1, 1, 1, 1, 1, 2, 2, 3, 7, 8, 9, 13, 33, 52, 53, 69"
5780,"1, 1, 1, 1, 2, 4, 4, 6, 20, 24, 26, 44, 52, 70"
5781,"1, 1, 1, 2, 3, 4, 8, 9, 11, 15, 30, 50, 53, 68"
5782,"1, 1, 1, 1, 1, 3, 5, 7, 7, 9, 17, 22, 46, 52, 83"
5783,"1, 1, 1, 1, 2, 2, 4, 4, 8, 17, 18, 28, 45, 54, 70"
5784,"1, 1, 1, 2, 2, 4, 6, 9, 10, 16, 29, 54, 57, 64"
5785,"1, 1, 1, 2, 2, 3, 6, 9, 17, 23, 38, 44, 53, 56"
5786,"1, 1, 1, 2, 2, 3, 5, 6, 6, 7, 18, 27, 40, 67, 70"
5787,"1, 1, 1, 1, 2, 2, 5, 6, 9, 11, 22, 23, 36, 65, 71"
5788,"1, 1, 1, 1, 2, 3, 3, 10, 15, 25, 38, 45, 52, 59"
5789,"1, 1, 1, 1, 2, 2, 3, 6, 9, 13, 21, 33, 36, 56, 71"
5790,"1, 1, 1, 1, 1, 3, 3, 5, 13, 13, 15, 31, 34, 60, 74"
5791,"1, 1, 1, 1, 1, 2, 3, 4, 5, 6, 14, 17, 28, 47, 56, 69"
5792,"1, 1, 2, 2, 4, 4, 7, 8, 10, 12, 34, 40, 63, 68"
5793,"1, 1, 1, 1, 3, 4, 4, 4, 9, 10, 12, 22, 47, 49, 88"
5794,"1, 1, 1, 1, 1, 3, 3, 4, 12, 13, 19, 26, 34, 64, 73"
5795,"1, 2, 2, 6, 18, 31, 92, 104"
5796,"1, 1, 1, 1, 2, 3, 3, 3, 5, 14, 19, 31, 43, 57, 72"
5797,"1, 1, 1, 1, 1, 1, 1, 3, 4, 10, 13, 21, 24, 34, 65, 75"
5798,"1, 1, 2, 2, 4, 4, 7, 8, 10, 17, 28, 38, 66, 68"
5799,"1, 1, 1, 1, 2, 2, 2, 8, 10, 14, 17, 28, 51, 54, 64"
5800,"1, 1, 1, 1, 2, 2, 2, 6, 6, 14, 20, 43, 46, 55, 56"
5801,"1, 1, 1, 2, 4, 9, 13, 14, 21, 22, 50, 54, 64"
5802,"1, 1, 2, 2, 3, 3, 4, 10, 16, 19, 28, 44, 50, 73"
5803,"1, 1, 1, 1, 1, 1, 3, 3, 9, 9, 10, 15, 31, 51, 52, 67"
5804,"1, 1, 1, 1, 1, 3, 4, 7, 11, 12, 13, 35, 47, 49, 70"
5805,"1, 1, 1, 1, 2, 4, 4, 10, 17, 25, 30, 35, 53, 72"
5806,"1, 1, 1, 1, 1, 1, 3, 3, 5, 7, 14, 18, 29, 47, 57, 67"
5807,"1, 1, 1, 1, 1, 2, 3, 5, 11, 12, 13, 18, 51, 59, 77"
5808,"1, 1, 1, 1, 1, 2, 4, 6, 8, 13, 16, 20, 41, 56, 85"
5809,"1, 1, 1, 1, 1, 2, 5, 7, 7, 16, 18, 29, 44, 56, 67"
5810,"1, 1, 1, 1, 2, 2, 4, 4, 6, 18, 22, 23, 44, 56, 71"
5811,"1, 1, 1, 2, 2, 4, 6, 7, 8, 16, 26, 39, 70, 73"
5812,"1, 1, 1, 3, 3, 3, 5, 9, 20, 22, 23, 42, 52, 71"
5813,"1, 1, 1, 1, 2, 2, 5, 7, 8, 9, 16, 30, 37, 68, 68"
5814,"1, 1, 1, 2, 3, 3, 7, 9, 9, 20, 25, 38, 68, 69"
5815,"1, 1, 1, 2, 2, 2, 3, 4, 8, 10, 20, 36, 40, 60, 66"
5816,"1, 1, 1, 1, 3, 3, 3, 3, 5, 11, 13, 30, 49, 58, 74"
5817,"1, 1, 1, 1, 2, 3, 4, 7, 7, 24, 44, 51, 55, 55"
5818,"1, 1, 1, 1, 2, 3, 4, 6, 7, 17, 18, 27, 45, 53, 70"
5819,"1, 1, 1, 1, 1, 3, 3, 5, 5, 9, 17, 34, 42, 62, 71"
5820,"1, 1, 4, 5, 6, 6, 8, 9, 19, 23, 38, 68, 68"
5821,"1, 1, 1, 1, 1, 1, 1, 3, 5, 7, 13, 21, 24, 49, 60, 67"
5822,"1, 1, 1, 1, 1, 3, 3, 11, 11, 11, 13, 19, 50, 51, 79"
5823,"1, 1, 2, 3, 3, 5, 5, 5, 11, 12, 19, 50, 56, 83"
5824,"1, 1, 2, 2, 2, 3, 9, 10, 11, 13, 32, 52, 52, 66"
5825,"1, 1, 2, 2, 2, 3, 7, 9, 9, 18, 42, 52, 54, 54"
5826,"1, 1, 1, 1, 1, 3, 3, 5, 7, 16, 22, 31, 41, 55, 68"
5827,"1, 1, 1, 1, 2, 2, 3, 5, 6, 16, 23, 31, 39, 53, 72"
5828,"1, 1, 2, 3, 4, 4, 5, 7, 13, 17, 28, 47, 56, 68"
5829,"1, 1, 1, 1, 1, 1, 3, 5, 8, 15, 19, 28, 45, 55, 72"
5830,"1, 1, 1, 1, 2, 5, 9, 11, 12, 18, 29, 35, 65, 66"
5831,"1, 1, 1, 1, 3, 3, 4, 4, 7, 14, 17, 27, 45, 56, 72"
5832,"1, 1, 1, 1, 1, 3, 4, 6, 7, 15, 17, 29, 46, 54, 70"
5833,"1, 1, 2, 2, 3, 4, 8, 13, 28, 34, 47, 55, 58"
5834,"1, 1, 2, 3, 5, 7, 9, 15, 20, 26, 45, 54, 68"
5835,"1, 1, 1, 1, 1, 1, 1, 1, 5, 5, 7, 11, 13, 19, 47, 58, 83"
5836,"1, 1, 1, 2, 3, 4, 4, 6, 9, 15, 37, 42, 61, 70"
5837,"1, 1, 1, 1, 1, 5, 8, 8, 11, 12, 25, 52, 55, 75"
5838,"1, 1, 1, 2, 2, 3, 3, 7, 7, 9, 11, 34, 53, 54, 68"
5839,"1, 1, 1, 2, 4, 4, 5, 6, 10, 22, 37, 42, 56, 65"
5840,"1, 1, 1, 1, 2, 5, 6, 7, 17, 19, 25, 44, 55, 72"
5841,"1, 1, 1, 3, 3, 4, 7, 8, 9, 20, 23, 38, 68, 70"
5842,"1, 1, 1, 1, 1, 2, 2, 10, 12, 13, 17, 29, 49, 51, 66"
5843,"1, 1, 1, 1, 1, 1, 1, 1, 5, 9, 19, 23, 24, 43, 52, 73"
5844,"1, 1, 1, 1, 2, 6, 6, 11, 27, 35, 50, 51, 64"
5845,"1, 1, 1, 2, 2, 3, 4, 6, 19, 27, 33, 42, 57, 58"
5846,"1, 1, 1, 3, 4, 7, 9, 10, 29, 38, 50, 50, 53"
5847,"1, 1, 1, 1, 2, 3, 3, 5, 9, 13, 17, 32, 45, 52, 71"
5848,"1, 1, 1, 2, 2, 2, 4, 6, 6, 15, 18, 26, 47, 53, 72"
5849,"1, 3, 3, 6, 6, 8, 15, 19, 26, 45, 56, 68"
5850,"1, 1, 1, 1, 2, 2, 2, 6, 10, 22, 22, 24, 39, 51, 72"
5851,"1, 1, 2, 2, 3, 4, 6, 10, 11, 14, 29, 36, 63, 74"
5852,"1, 1, 1, 1, 1, 2, 2, 4, 4, 6, 14, 16, 29, 48, 53, 73"
5853,"1, 1, 1, 2, 2, 5, 7, 9, 11, 16, 31, 50, 50, 70"
5854,"1, 1, 1, 1, 2, 4, 5, 9, 19, 22, 22, 42, 58, 69"
5855,"1, 1, 1, 2, 2, 3, 3, 11, 14, 15, 33, 42, 62, 66"
5856,"1, 1, 1, 2, 2, 3, 4, 9, 12, 29, 30, 34, 60, 68"
5857,"1, 1, 1, 2, 2, 3, 3, 7, 7, 7, 10, 34, 53, 55, 70"
5858,"1, 1, 1, 1, 1, 1, 2, 2, 2, 7, 14, 22, 39, 48, 55, 59"
5859,"1, 1, 1, 1, 1, 2, 2, 3, 4, 4, 16, 22, 28, 44, 55, 71"
5860,"1, 1, 1, 1, 3, 3, 3, 5, 5, 14, 23, 37, 47, 56, 56"
5861,"1, 1, 1, 1, 1, 2, 2, 5, 11, 14, 19, 39, 47, 52, 60"
5862,"1, 1, 1, 1, 1, 3, 7, 13, 13, 21, 42, 49, 49, 54"
5863,"1, 1, 1, 1, 2, 2, 3, 3, 3, 20, 20, 28, 42, 57, 72"
5864,"1, 1, 2, 2, 2, 2, 2, 6, 6, 17, 18, 26, 44, 55, 72"
5865,"1, 1, 1, 2, 4, 6, 16, 17, 23, 23, 30, 60, 72"
5866,"1, 1, 1, 2, 2, 3, 6, 9, 11, 20, 41, 51, 52, 56"
5867,"1, 1, 1, 1, 1, 3, 3, 7, 8, 9, 15, 21, 45, 54, 86"
5868,"1, 1, 1, 2, 2, 3, 4, 6, 6, 11, 19, 25, 35, 70, 70"
5869,"1, 1, 1, 2, 3, 4, 6, 10, 12, 19, 20, 42, 55, 80"
5870,"1, 1, 1, 1, 1, 2, 2, 2, 8, 8, 9, 11, 34, 52, 53, 70"
5871,"1, 1, 1, 2, 2, 4, 7, 9, 10, 14, 32, 50, 54, 69"
5872,"1, 1, 2, 2, 3, 4, 4, 10, 13, 27, 32, 33, 58, 66"
5873,"1, 1, 1, 2, 5, 11, 31, 94, 110"
5874,"1, 1, 2, 2, 4, 5, 5, 5, 15, 20, 24, 44, 58, 70"
5875,"1, 1, 1, 1, 2, 3, 3, 4, 10, 13, 14, 30, 44, 63, 66"
5876,"1, 1, 1, 1, 2, 2, 2, 4, 4, 5, 10, 15, 35, 42, 60, 71"
5877,"1, 1, 1, 1, 2, 3, 4, 5, 5, 10, 13, 34, 42, 63, 71"
5878,"1, 1, 1, 2, 2, 3, 3, 4, 9, 10, 19, 26, 49, 58, 68"
5879,"1, 1, 1, 1, 1, 1, 1, 2, 4, 9, 11, 18, 45, 51, 52, 57"
5880,"1, 1, 1, 1, 1, 2, 3, 3, 5, 9, 10, 16, 30, 35, 66, 72"
5881,"1, 1, 1, 1, 2, 3, 3, 3, 6, 17, 21, 22, 46, 56, 73"
5882,"1, 1, 1, 1, 1, 3, 3, 5, 6, 15, 20, 30, 41, 57, 71"
5883,"1, 1, 1, 1, 2, 2, 2, 4, 10, 18, 24, 37, 43, 50, 60"
5884,"1, 1, 1, 2, 2, 2, 4, 8, 8, 22, 29, 29, 63, 84"
5885,"1, 1, 2, 2, 2, 3, 3, 3, 5, 13, 18, 27, 48, 56, 72"
5886,"1, 1, 1, 1, 1, 1, 2, 2, 3, 5, 17, 28, 32, 43, 58, 60"
5887,"1, 1, 1, 1, 2, 2, 2, 4, 6, 17, 19, 41, 42, 55, 62"
5888,"1, 1, 2, 2, 2, 3, 6, 8, 11, 15, 32, 50, 53, 70"
5889,"1, 1, 1, 1, 1, 1, 2, 2, 3, 9, 13, 17, 31, 45, 53, 75"
5890,"1, 1, 2, 2, 3, 4, 4, 7, 13, 14, 28, 50, 57, 70"
5891,"1, 1, 1, 1, 1, 1, 2, 5, 6, 9, 12, 21, 25, 34, 65, 71"
5892,"1, 1, 1, 2, 3, 4, 8, 9, 10, 16, 32, 51, 52, 66"
5893,"1, 1, 1, 1, 2, 2, 6, 13, 15, 28, 32, 33, 56, 65"
5894,"1, 1, 1, 2, 3, 4, 8, 11, 11, 13, 31, 50, 52, 68"
5895,"1, 1, 1, 1, 2, 2, 4, 7, 9, 10, 12, 20, 50, 57, 79"
5896,"1, 1, 1, 1, 1, 2, 2, 3, 5, 6, 14, 19, 24, 47, 55, 74"
5897,"1, 1, 1, 1, 1, 1, 2, 3, 6, 9, 13, 18, 33, 36, 59, 71"
5898,"1, 1, 2, 2, 3, 4, 4, 8, 21, 21, 24, 40, 54, 71"
5899,"1, 1, 1, 2, 3, 3, 4, 4, 19, 25, 26, 46, 50, 71"
5900,"1, 1, 1, 2, 2, 2, 4, 4, 4, 13, 24, 37, 48, 56, 57"
5901,"1, 1, 2, 4, 6, 6, 6, 13, 16, 32, 47, 54, 68"
5902,"1, 1, 1, 1, 1, 2, 5, 6, 8, 12, 18, 33, 42, 60, 65"
5903,"1, 1, 1, 1, 3, 5, 7, 8, 11, 13, 32, 51, 54, 68"
5904,"1, 1, 1, 1, 1, 2, 2, 3, 5, 8, 9, 18, 36, 38, 59, 71"
5905,"1, 1, 1, 1, 2, 3, 3, 5, 7, 17, 20, 25, 43, 58, 69"
5906,"1, 1, 1, 2, 3, 5, 6, 7, 11, 18, 29, 49, 56, 67"
5907,"1, 1, 1, 2, 2, 4, 4, 6, 12, 12, 34, 42, 64, 71"
5908,"1, 1, 1, 1, 3, 4, 8, 11, 14, 22, 23, 32, 67, 68"
5909,"1, 1, 1, 2, 3, 4, 4, 7, 7, 27, 34, 53, 56, 56"
5910,"1, 1, 1, 1, 2, 3, 3, 3, 6, 13, 23, 39, 47, 55, 58"
5911,"1, 1, 2, 2, 2, 4, 6, 7, 20, 21, 22, 40, 56, 72"
5912,"1, 1, 1, 1, 2, 3, 3, 4, 6, 17, 19, 29, 44, 55, 70"
5913,"1, 1, 1, 1, 1, 1, 1, 3, 5, 7, 13, 17, 27, 49, 61, 67"
5914,"1, 1, 1, 2, 3, 5, 8, 9, 12, 17, 20, 42, 54, 81"
5915,"1, 1, 1, 1, 2, 3, 3, 7, 7, 11, 11, 35, 51, 52, 70"
5916,"1, 1, 1, 1, 2, 2, 2, 4, 5, 14, 27, 32, 40, 50, 74"
5917,"1, 1, 1, 2, 2, 3, 5, 12, 13, 19, 40, 49, 50, 58"
5918,"1, 1, 1, 1, 2, 4, 5, 5, 5, 10, 14, 35, 41, 62, 69"
5919,"1, 1, 1, 1, 4, 5, 5, 10, 33, 41, 41, 43, 70"
5920,"1, 1, 1, 2, 2, 4, 5, 9, 20, 21, 25, 42, 57, 66"
5921,"1, 1, 1, 3, 3, 3, 7, 7, 12, 18, 30, 47, 54, 69"
5922,"1, 1, 1, 1, 1, 1, 6, 6, 8, 18, 19, 27, 43, 58, 65"
5923,"1, 1, 1, 1, 1, 5, 5, 5, 5, 7, 21, 25, 41, 68, 69"
5924,"1, 1, 1, 1, 1, 3, 3, 3, 9, 11, 17, 27, 51, 57, 70"
5925,"1, 1, 1, 1, 2, 3, 3, 4, 9, 13, 15, 31, 47, 52, 73"
5926,"1, 1, 1, 1, 2, 2, 4, 8, 11, 12, 12, 19, 50, 54, 78"
5927,"1, 1, 1, 2, 3, 4, 6, 8, 9, 23, 38, 51, 53, 56"
5928,"1, 1, 1, 1, 1, 1, 1, 1, 3, 3, 5, 19, 24, 27, 43, 53, 71"
5929,"1, 1, 2, 2, 2, 4, 4, 8, 15, 15, 30, 46, 54, 72"
5930,"1, 1, 1, 1, 1, 2, 3, 8, 11, 15, 16, 19, 43, 48, 86"
5931,"1, 1, 1, 1, 2, 2, 2, 6, 11, 12, 12, 35, 48, 50, 72"
5932,"1, 1, 1, 2, 2, 2, 3, 6, 20, 23, 24, 44, 59, 68"
5933,"1, 1, 1, 2, 2, 2, 3, 3, 10, 15, 18, 28, 41, 61, 68"
5934,"1, 1, 1, 1, 1, 2, 3, 7, 9, 9, 20, 41, 53, 53, 54"
5935,"1, 1, 1, 1, 1, 2, 2, 4, 5, 12, 24, 37, 49, 56, 60"
5936,"1, 1, 1, 1, 2, 5, 9, 10, 19, 19, 27, 43, 52, 66"
5937,"1, 1, 1, 1, 1, 1, 1, 1, 1, 5, 9, 14, 21, 41, 47, 53, 57"
5938,"1, 1, 1, 2, 3, 4, 7, 8, 13, 17, 28, 47, 56, 68"
5939,"1, 1, 1, 1, 2, 2, 4, 8, 8, 16, 19, 27, 44, 54, 68"
5940,"1, 1, 2, 2, 6, 6, 8, 12, 17, 18, 46, 57, 80"
5941,"1, 1, 1, 1, 2, 2, 7, 8, 14, 20, 34, 39, 56, 70"
5942,"1, 1, 1, 2, 3, 3, 5, 6, 22, 23, 26, 40, 52, 71"
5943,"1, 1, 1, 1, 2, 4, 6, 10, 13, 17, 29, 50, 57, 64"
5944,"1, 1, 1, 1, 1, 2, 2, 4, 8, 15, 21, 31, 40, 55, 73"
5945,"1, 1, 1, 1, 1, 1, 2, 4, 6, 7, 9, 11, 36, 52, 54, 69"
5946,"1, 1, 1, 1, 1, 1, 2, 3, 5, 6, 14, 15, 32, 47, 53, 73"
5947,"1, 1, 1, 1, 1, 1, 1, 2, 3, 6, 16, 17, 41, 44, 59, 61"
5948,"1, 1, 2, 2, 4, 4, 6, 8, 11, 18, 26, 50, 53, 70"
5949,"1, 3, 3, 3, 13, 36, 96, 101"
5950,"1, 1, 1, 1, 1, 2, 3, 7, 9, 21, 21, 23, 39, 54, 72"
5951,"1, 1, 1, 2, 2, 3, 4, 5, 5, 8, 13, 24, 49, 56, 82"
5952,"1, 1, 1, 2, 3, 4, 6, 8, 15, 20, 30, 38, 58, 69"
5953,"1, 1, 1, 1, 1, 1, 5, 5, 6, 10, 25, 33, 51, 57, 58"
5954,"1, 1, 1, 2, 2, 4, 4, 10, 19, 23, 40, 41, 50, 58"
5955,"1, 1, 1, 2, 4, 5, 5, 6, 11, 23, 38, 51, 54, 54"
5956,"1, 1, 1, 2, 2, 3, 5, 5, 10, 15, 35, 42, 60, 74"
5957,"1, 1, 1, 1, 1, 2, 3, 3, 7, 14, 25, 37, 46, 54, 60"
5958,"1, 1, 2, 3, 3, 9, 10, 12, 15, 35, 36, 61, 68"
5959,"1, 1, 1, 1, 2, 2, 2, 7, 10, 13, 16, 32, 40, 60, 68"
5960,"1, 1, 2, 2, 2, 4, 4, 8, 16, 26, 28, 36, 52, 74"
5961,"1, 1, 1, 1, 2, 3, 5, 7, 7, 9, 11, 35, 49, 54, 70"
5962,"1, 1, 1, 1, 2, 3, 6, 9, 9, 21, 39, 52, 53, 58"
5963,"1, 2, 2, 2, 2, 3, 4, 6, 11, 18, 28, 49, 56, 72"
5964,"1, 1, 2, 2, 2, 6, 6, 8, 12, 16, 30, 48, 50, 72"
5965,"1, 1, 1, 1, 1, 2, 2, 3, 5, 8, 12, 18, 43, 49, 53, 56"
5966,"1, 1, 1, 1, 1, 1, 2, 2, 8, 10, 14, 17, 29, 48, 53, 67"
5967,"1, 1, 2, 3, 5, 5, 5, 7, 11, 13, 16, 26, 78, 83"
5968,"1, 1, 1, 1, 1, 1, 2, 7, 9, 13, 19, 33, 43, 54, 70"
5969,"1, 1, 1, 1, 1, 1, 1, 6, 7, 7, 10, 12, 22, 50, 56, 79"
5970,"1, 1, 1, 2, 2, 3, 10, 11, 14, 16, 20, 46, 47, 82"
5971,"1, 1, 1, 1, 1, 1, 3, 4, 8, 9, 17, 44, 50, 115"
5972,"1, 1, 1, 2, 2, 2, 3, 6, 9, 10, 12, 24, 50, 51, 82"
5973,"1, 1, 1, 1, 1, 1, 1, 5, 9, 20, 31, 32, 42, 53, 57"
5974,"1, 1, 1, 5, 6, 7, 9, 10, 14, 37, 40, 59, 66"
5975,"1, 1, 1, 1, 4, 4, 8, 11, 12, 15, 32, 48, 51, 67"
5976,"1, 1, 1, 2, 2, 2, 3, 8, 10, 11, 14, 31, 50, 50, 70"
5977,"1, 1, 1, 2, 2, 3, 3, 4, 7, 11, 20, 25, 49, 57, 70"
5978,"1, 1, 1, 1, 1, 2, 3, 3, 3, 11, 11, 16, 29, 35, 64, 74"
5979,"1, 1, 1, 1, 2, 3, 5, 6, 17, 20, 40, 42, 56, 61"
5980,"1, 1, 1, 2, 2, 4, 6, 9, 20, 21, 26, 40, 53, 70"
5981,"1, 1, 1, 1, 1, 2, 2, 6, 12, 15, 18, 31, 40, 60, 65"
5982,"1, 2, 2, 4, 4, 6, 6, 15, 26, 36, 46, 52, 56"
5983,"1, 1, 2, 3, 4, 7, 8, 14, 28, 36, 46, 52, 54"
5984,"1, 1, 1, 2, 2, 4, 5, 7, 13, 16, 29, 54, 59, 62"
5985,"1, 1, 1, 3, 3, 3, 4, 8, 15, 25, 35, 47, 52, 58"
5986,"1, 1, 1, 1, 1, 1, 3, 3, 8, 8, 9, 13, 21, 49, 57, 79"
5987,"1, 1, 2, 3, 4, 8, 9, 14, 15, 32, 38, 61, 68"
5988,"1, 1, 1, 1, 2, 5, 9, 10, 11, 16, 31, 49, 52, 67"
5989,"1, 1, 1, 1, 1, 1, 2, 2, 4, 4, 16, 22, 29, 43, 55, 73"
5990,"1, 1, 1, 1, 1, 2, 2, 2, 2, 9, 10, 23, 36, 39, 60, 66"
5991,"1, 1, 1, 1, 2, 2, 2, 5, 5, 14, 15, 32, 39, 62, 74"
5992,"1, 1, 1, 1, 1, 2, 2, 8, 9, 10, 13, 32, 52, 53, 70"
5993,"1, 1, 1, 1, 1, 2, 4, 6, 10, 14, 20, 26, 32, 65, 72"
5994,"1, 1, 2, 2, 2, 3, 4, 9, 20, 21, 24, 42, 57, 68"
5995,"1, 1, 1, 1, 2, 3, 3, 6, 7, 11, 15, 30, 52, 55, 68"
5996,"1, 1, 1, 1, 2, 3, 3, 5, 7, 13, 17, 28, 47, 57, 70"
5997,"1, 1, 1, 1, 2, 2, 3, 7, 9, 15, 20, 25, 31, 68, 70"
5998,"1, 1, 1, 1, 2, 2, 4, 7, 8, 14, 14, 31, 36, 62, 72"
5999,"1, 1, 1, 1, 1, 3, 3, 5, 8, 9, 22, 37, 40, 58, 66"
6000,"1, 1, 1, 1, 2, 5, 5, 17, 18, 20, 25, 28, 58, 74"
6001,"1, 1, 1, 1, 1, 2, 2, 4, 7, 9, 12, 14, 17, 47, 58, 79"
6002,"1, 1, 1, 1, 2, 2, 2, 3, 3, 3, 16, 16, 28, 44, 60, 73"
6003,"1, 1, 1, 1, 1, 1, 2, 2, 5, 5, 20, 24, 24, 42, 53, 73"
6004,"1, 1, 1, 1, 1, 1, 2, 4, 5, 6, 9, 17, 44, 53, 53, 57"
6005,"1, 1, 2, 2, 4, 4, 4, 6, 16, 22, 38, 46, 54, 56"
6006,"1, 1, 1, 1, 2, 3, 3, 5, 11, 15, 15, 29, 46, 50, 73"
6007,"1, 1, 1, 1, 2, 2, 4, 4, 6, 17, 20, 25, 45, 58, 69"
6008,"1, 1, 1, 2, 2, 2, 2, 4, 6, 11, 20, 27, 29, 62, 86"
6009,"1, 1, 1, 2, 2, 2, 2, 6, 10, 11, 12, 20, 49, 51, 86"
6010,"1, 1, 1, 1, 2, 2, 3, 5, 9, 9, 20, 26, 41, 66, 69"
6011,"1, 1, 1, 1, 1, 2, 4, 4, 4, 13, 16, 40, 45, 60, 63"
6012,"1, 1, 1, 1, 1, 2, 3, 5, 7, 15, 29, 34, 45, 52, 59"
6013,"1, 1, 1, 1, 2, 3, 3, 5, 9, 9, 24, 37, 37, 58, 65"
6014,"1, 1, 1, 1, 1, 1, 2, 10, 10, 16, 19, 27, 46, 51, 69"
6015,"1, 1, 1, 1, 4, 6, 6, 11, 14, 17, 29, 35, 60, 70"
6016,"1, 1, 1, 1, 4, 7, 13, 16, 18, 29, 40, 59, 66"
6017,"1, 1, 1, 1, 1, 3, 3, 5, 9, 9, 19, 42, 52, 53, 56"
6018,"1, 1, 1, 1, 2, 2, 11, 37, 98, 102"
6019,"1, 1, 1, 2, 3, 3, 4, 6, 10, 29, 33, 41, 50, 72"
6020,"1, 1, 1, 2, 2, 3, 4, 11, 12, 30, 32, 32, 60, 65"
6021,"1, 1, 1, 2, 2, 2, 4, 5, 11, 13, 20, 26, 31, 63, 74"
6022,"1, 1, 1, 1, 3, 3, 5, 6, 17, 29, 31, 45, 55, 58"
6023,"1, 1, 2, 2, 4, 5, 10, 14, 26, 36, 41, 52, 62"
6024,"1, 1, 1, 2, 2, 3, 3, 4, 4, 19, 19, 28, 42, 56, 71"
6025,"1, 1, 1, 2, 3, 4, 11, 15, 25, 34, 44, 52, 63"
6026,"1, 1, 1, 1, 1, 1, 2, 6, 9, 12, 20, 26, 34, 69, 72"
6027,"1, 1, 1, 1, 2, 2, 3, 7, 8, 9, 11, 35, 51, 54, 70"
6028,"1, 1, 1, 1, 1, 1, 3, 5, 11, 13, 22, 34, 35, 56, 71"
6029,"1, 1, 1, 1, 2, 2, 4, 6, 8, 13, 21, 25, 34, 67, 70"
6030,"1, 1, 1, 2, 2, 3, 3, 5, 8, 16, 32, 55, 55, 72"
6031,"1, 1, 1, 1, 1, 2, 2, 4, 7, 8, 9, 21, 24, 35, 68, 71"
6032,"1, 1, 1, 1, 1, 2, 3, 5, 7, 11, 26, 35, 35, 56, 71"
6033,"1, 1, 1, 1, 1, 2, 4, 4, 5, 18, 22, 38, 41, 58, 59"
6034,"1, 1, 1, 1, 2, 3, 4, 8, 9, 13, 16, 18, 44, 52, 83"
6035,"1, 1, 1, 2, 2, 2, 4, 4, 9, 10, 10, 34, 49, 54, 73"
6036,"1, 1, 1, 1, 1, 2, 3, 4, 5, 6, 14, 17, 29, 46, 53, 72"
6037,"1, 1, 1, 2, 2, 3, 4, 5, 22, 25, 26, 42, 50, 72"
6038,"1, 1, 1, 1, 1, 2, 4, 8, 9, 10, 15, 31, 52, 52, 68"
6039,"1, 1, 1, 1, 2, 3, 3, 4, 25, 28, 30, 36, 58, 63"
6040,"1, 1, 1, 1, 1, 2, 2, 3, 8, 9, 10, 12, 17, 51, 54, 83"
6041,"1, 1, 1, 1, 1, 2, 3, 3, 9, 15, 16, 29, 46, 62, 66"
6042,"1, 1, 1, 1, 1, 1, 2, 2, 3, 8, 11, 29, 33, 35, 58, 69"
6043,"1, 1, 1, 1, 1, 1, 1, 4, 5, 9, 12, 16, 28, 49, 54, 72"
6044,"1, 1, 3, 4, 5, 8, 11, 11, 21, 23, 36, 64, 68"
6045,"1, 1, 1, 1, 1, 1, 2, 2, 3, 6, 16, 20, 40, 40, 60, 61"
6046,"1, 1, 1, 1, 2, 2, 3, 4, 4, 5, 6, 8, 26, 53, 56, 83"
6047,"1, 1, 1, 1, 1, 1, 5, 7, 9, 17, 21, 25, 45, 49, 72"
6048,"1, 1, 1, 1, 2, 2, 3, 6, 9, 18, 21, 24, 44, 56, 67"
6049,"1, 1, 1, 1, 1, 2, 2, 2, 2, 6, 12, 15, 29, 49, 56, 76"
6050,"1, 1, 1, 1, 2, 2, 4, 5, 17, 23, 42, 42, 53, 62"
6051,"1, 1, 1, 1, 1, 1, 2, 3, 7, 7, 18, 19, 27, 42, 55, 70"
6052,"1, 1, 1, 1, 1, 1, 2, 5, 7, 7, 10, 20, 20, 41, 55, 83"
6053,"1, 1, 1, 1, 2, 2, 4, 4, 5, 6, 7, 16, 29, 38, 67, 72"
6054,"1, 1, 1, 1, 3, 4, 9, 11, 12, 19, 25, 35, 64, 70"
6055,"1, 1, 1, 3, 5, 9, 11, 15, 16, 20, 42, 52, 80"
6056,"1, 1, 1, 1, 2, 2, 5, 5, 7, 18, 18, 26, 44, 58, 67"
6057,"1, 1, 1, 1, 2, 3, 3, 5, 5, 18, 22, 27, 39, 56, 72"
6058,"1, 1, 1, 1, 2, 2, 3, 5, 8, 18, 22, 39, 43, 54, 56"
6059,"1, 1, 1, 1, 2, 2, 3, 5, 7, 14, 20, 41, 42, 54, 62"
6060,"1, 1, 1, 1, 3, 4, 8, 11, 12, 18, 25, 49, 56, 66"
6061,"1, 1, 1, 1, 3, 3, 3, 9, 15, 24, 39, 45, 51, 60"
6062,"1, 1, 1, 2, 2, 2, 6, 6, 22, 26, 37, 40, 54, 56"
6063,"1, 1, 1, 1, 1, 2, 2, 7, 11, 12, 14, 16, 52, 56, 79"
6064,"1, 1, 1, 1, 2, 2, 2, 3, 10, 14, 18, 36, 41, 60, 64"
6065,"1, 1, 1, 1, 2, 3, 3, 7, 7, 9, 18, 29, 37, 67, 70"
6066,"1, 1, 1, 2, 2, 3, 4, 4, 8, 11, 21, 24, 34, 66, 74"
6067,"1, 1, 1, 1, 2, 2, 3, 4, 7, 15, 18, 27, 47, 57, 70"
6068,"1, 2, 2, 2, 3, 3, 6, 8, 9, 11, 35, 50, 52, 72"
6069,"1, 1, 1, 2, 3, 4, 6, 8, 19, 21, 24, 43, 53, 70"
6070,"1, 1, 1, 1, 2, 2, 3, 5, 6, 21, 21, 25, 40, 55, 72"
6071,"1, 1, 2, 2, 3, 3, 3, 8, 13, 24, 37, 47, 54, 58"
6072,"1, 1, 1, 1, 2, 2, 6, 9, 14, 16, 31, 42, 60, 70"
6073,"1, 1, 1, 1, 1, 1, 2, 3, 3, 5, 15, 24, 37, 47, 56, 58"
6074,"1, 1, 1, 1, 1, 1, 2, 3, 5, 9, 12, 13, 37, 48, 49, 72"
6075,"1, 1, 1, 2, 3, 6, 9, 15, 24, 39, 40, 52, 63"
6076,"1, 1, 1, 1, 1, 1, 1, 2, 4, 9, 10, 15, 18, 47, 58, 86"
6077,"1, 1, 1, 1, 3, 3, 3, 5, 5, 18, 22, 23, 44, 55, 71"
6078,"1, 1, 1, 2, 2, 2, 2, 4, 10, 14, 26, 32, 34, 57, 68"
6079,"1, 1, 1, 1, 6, 18, 34, 91, 103"
6080,"1, 1, 1, 1, 2, 3, 3, 7, 11, 12, 22, 24, 33, 66, 69"
6081,"1, 1, 2, 3, 3, 7, 39, 85, 115"
6082,"1, 1, 1, 1, 4, 5, 8, 9, 10, 20, 28, 37, 65, 66"
6083,"1, 1, 2, 2, 3, 4, 7, 11, 24, 44, 51, 52, 54"
6084,"1, 1, 1, 1, 1, 1, 1, 2, 2, 3, 8, 13, 16, 32, 45, 53, 75"
6085,"1, 1, 1, 1, 1, 3, 9, 10, 14, 18, 30, 46, 51, 70"
6086,"1, 1, 1, 1, 2, 3, 5, 5, 7, 9, 17, 29, 40, 63, 72"
6087,"1, 1, 1, 1, 1, 1, 1, 1, 2, 7, 9, 14, 16, 29, 47, 53, 71"
6088,"1, 1, 1, 1, 3, 3, 5, 5, 7, 7, 19, 25, 41, 68, 69"
6089,"1, 1, 1, 1, 1, 2, 3, 5, 9, 14, 21, 37, 42, 55, 63"
6090,"1, 1, 1, 1, 1, 2, 3, 5, 5, 7, 8, 22, 24, 37, 67, 71"
6091,"1, 1, 1, 1, 1, 2, 2, 4, 6, 6, 14, 22, 23, 47, 54, 71"
6092,"1, 1, 1, 1, 1, 2, 2, 4, 9, 17, 23, 39, 44, 54, 57"
6093,"1, 1, 1, 1, 1, 2, 2, 4, 6, 6, 15, 16, 18, 43, 55, 84"
6094,"1, 1, 1, 2, 2, 2, 6, 12, 14, 30, 32, 32, 56, 65"
6095,"1, 1, 2, 2, 3, 4, 4, 8, 9, 19, 26, 54, 54, 69"
6096,"1, 1, 2, 2, 3, 4, 4, 6, 12, 25, 36, 48, 54, 58"
6097,"1, 1, 1, 3, 4, 4, 5, 6, 18, 22, 22, 44, 55, 70"
6098,"1, 1, 1, 1, 3, 5, 6, 10, 10, 11, 18, 51, 58, 80"
6099,"1, 2, 2, 2, 4, 4, 4, 8, 13, 14, 30, 48, 52, 72"
6100,"1, 2, 2, 2, 2, 5, 9, 18, 19, 26, 46, 58, 66"
6101,"1, 1, 1, 1, 1, 2, 2, 2, 4, 5, 5, 19, 43, 55, 56, 58"
6102,"1, 1, 1, 1, 1, 1, 2, 3, 4, 5, 18, 27, 33, 43, 57, 58"
6103,"1, 2, 3, 5, 7, 9, 13, 28, 36, 36, 54, 62"
6104,"1, 1, 1, 2, 3, 3, 7, 9, 11, 19, 42, 52, 52, 53"
6105,"1, 1, 1, 2, 3, 3, 5, 10, 13, 21, 39, 50, 52, 55"
6106,"1, 1, 1, 1, 3, 3, 4, 8, 9, 29, 32, 44, 53, 67"
6107,"1, 1, 1, 1, 1, 1, 3, 5, 5, 5, 11, 13, 35, 41, 61, 71"
6108,"1, 1, 1, 1, 1, 1, 5, 7, 9, 20, 21, 25, 42, 49, 72"
6109,"1, 1, 1, 1, 2, 2, 2, 3, 4, 7, 14, 20, 25, 46, 54, 73"
6110,"1, 1, 1, 2, 2, 2, 2, 4, 8, 19, 26, 35, 41, 54, 58"
6111,"1, 1, 1, 1, 1, 2, 2, 3, 4, 8, 11, 14, 33, 42, 63, 69"
6112,"1, 1, 1, 1, 1, 2, 5, 6, 13, 15, 16, 16, 45, 56, 77"
6113,"1, 1, 1, 1, 1, 1, 2, 3, 7, 7, 9, 13, 32, 39, 63, 75"
6114,"1, 1, 1, 1, 3, 3, 5, 7, 18, 29, 30, 43, 56, 58"
6115,"1, 1, 2, 2, 2, 3, 6, 8, 11, 15, 29, 50, 56, 70"
6116,"1, 1, 1, 1, 2, 3, 11, 12, 14, 21, 24, 47, 52, 66"
6117,"1, 1, 1, 2, 3, 5, 7, 7, 9, 10, 35, 50, 55, 70"
6118,"1, 1, 1, 1, 2, 3, 4, 13, 15, 17, 29, 43, 62, 64"
6119,"1, 1, 1, 1, 1, 2, 11, 14, 16, 19, 28, 46, 47, 68"
6120,"1, 1, 2, 2, 2, 4, 5, 7, 16, 24, 28, 36, 54, 74"
6121,"1, 1, 1, 1, 2, 2, 2, 2, 4, 8, 19, 20, 25, 41, 54, 73"
6122,"1, 1, 1, 1, 2, 3, 3, 5, 13, 13, 15, 34, 45, 48, 71"
6123,"1, 1, 1, 1, 1, 1, 1, 2, 3, 5, 5, 18, 20, 25, 43, 57, 71"
6124,"1, 1, 1, 1, 1, 2, 4, 9, 10, 12, 14, 22, 48, 50, 80"
6125,"1, 1, 1, 2, 2, 5, 6, 7, 17, 18, 26, 45, 58, 67"
6126,"1, 1, 2, 3, 5, 5, 6, 18, 19, 40, 40, 56, 60"
6127,"1, 1, 1, 1, 1, 1, 3, 5, 7, 13, 21, 41, 41, 56, 63"
6128,"1, 1, 1, 1, 1, 2, 2, 4, 9, 18, 28, 34, 43, 53, 58"
6129,"1, 1, 1, 2, 2, 3, 4, 6, 13, 23, 37, 48, 53, 62"
6130,"1, 1, 1, 2, 2, 6, 7, 7, 9, 15, 32, 55, 56, 62"
6131,"1, 1, 1, 1, 3, 3, 4, 5, 10, 12, 21, 24, 33, 65, 72"
6132,"1, 1, 1, 1, 1, 4, 5, 5, 8, 11, 17, 29, 51, 54, 67"
6133,"1, 1, 1, 1, 2, 2, 2, 3, 12, 14, 16, 44, 48, 49, 60"
6134,"1, 1, 1, 1, 2, 4, 5, 6, 7, 14, 16, 18, 44, 53, 83"
6135,"1, 1, 2, 3, 3, 5, 8, 17, 19, 40, 41, 56, 60"
6136,"1, 1, 1, 1, 2, 3, 5, 7, 19, 20, 41, 42, 54, 59"
6137,"1, 1, 1, 1, 1, 3, 5, 5, 5, 15, 19, 24, 47, 58, 70"
6138,"1, 1, 1, 1, 2, 2, 2, 4, 9, 12, 20, 24, 33, 70, 74"
6139,"1, 1, 2, 2, 3, 3, 5, 11, 16, 22, 28, 40, 50, 72"
6140,"1, 1, 2, 3, 3, 6, 7, 8, 11, 13, 17, 48, 54, 82"
6141,"1, 1, 1, 2, 2, 2, 3, 5, 6, 19, 20, 26, 40, 56, 72"
6142,"1, 1, 1, 1, 1, 3, 4, 6, 12, 13, 19, 28, 33, 63, 70"
6143,"1, 1, 1, 1, 1, 2, 4, 4, 4, 8, 11, 13, 18, 49, 55, 83"
6144,"1, 1, 1, 1, 1, 2, 2, 3, 3, 8, 15, 16, 29, 45, 54, 74"
6145,"1, 1, 1, 1, 1, 1, 2, 3, 5, 9, 18, 19, 26, 43, 52, 73"
6146,"1, 2, 3, 3, 8, 9, 15, 22, 23, 52, 56, 62"
6147,"1, 1, 2, 4, 5, 7, 8, 10, 15, 19, 26, 74, 84"
6148,"1, 1, 1, 2, 2, 2, 3, 6, 7, 11, 16, 29, 54, 55, 66"
6149,"1, 1, 1, 1, 1, 2, 7, 8, 14, 17, 43, 55, 105"
6150,"1, 1, 1, 2, 3, 4, 4, 9, 12, 16, 30, 35, 66, 72"
6151,"1, 1, 1, 1, 2, 4, 6, 9, 10, 23, 24, 38, 65, 71"
6152,"1, 1, 1, 1, 1, 2, 3, 7, 8, 18, 22, 23, 44, 54, 70"
6153,"1, 2, 2, 2, 3, 4, 8, 13, 21, 38, 44, 54, 64"
6154,"1, 1, 1, 1, 1, 1, 2, 2, 8, 9, 11, 22, 25, 33, 68, 70"
6155,"1, 1, 1, 2, 3, 6, 8, 9, 11, 17, 28, 36, 65, 68"
6156,"1, 1, 1, 2, 2, 4, 5, 5, 6, 9, 12, 18, 52, 53, 85"
6157,"1, 1, 1, 1, 1, 2, 3, 7, 9, 9, 24, 35, 39, 60, 63"
6158,"1, 1, 1, 1, 1, 3, 5, 5, 13, 14, 15, 31, 32, 63, 70"
6159,"1, 1, 1, 1, 1, 1, 3, 3, 5, 11, 13, 18, 22, 39, 49, 87"
6160,"1, 1, 1, 2, 4, 5, 7, 8, 8, 13, 23, 46, 53, 84"
6161,"1, 1, 1, 1, 1, 4, 7, 15, 16, 16, 32, 43, 46, 72"
6162,"1, 1, 1, 2, 3, 4, 4, 8, 9, 14, 44, 52, 54, 59"
6163,"1, 1, 3, 3, 4, 4, 7, 13, 27, 34, 47, 56, 56"
6164,"1, 1, 1, 1, 2, 2, 2, 3, 5, 6, 9, 17, 36, 40, 59, 71"
6165,"1, 1, 1, 2, 2, 4, 4, 6, 20, 20, 27, 42, 58, 68"
6166,"1, 1, 1, 1, 1, 2, 2, 2, 4, 8, 12, 18, 27, 34, 68, 74"
6167,"1, 1, 1, 1, 1, 2, 3, 9, 9, 10, 22, 25, 37, 67, 67"
6168,"1, 1, 1, 1, 3, 4, 4, 7, 16, 33, 40, 45, 46, 54"
6169,"1, 1, 1, 1, 4, 4, 6, 6, 16, 22, 31, 40, 56, 67"
6170,"1, 1, 2, 2, 2, 4, 10, 20, 21, 26, 42, 55, 70"
6171,"1, 1, 1, 2, 3, 5, 5, 7, 11, 17, 29, 38, 64, 72"
6172,"1, 1, 1, 1, 2, 4, 5, 8, 11, 19, 40, 52, 111"
6173,"1, 1, 1, 1, 2, 4, 10, 12, 12, 14, 33, 47, 50, 68"
6174,"1, 1, 1, 1, 2, 4, 5, 6, 6, 8, 17, 29, 40, 66, 69"
6175,"1, 1, 1, 1, 2, 2, 5, 5, 7, 14, 19, 30, 43, 55, 70"
6176,"1, 1, 1, 1, 2, 3, 4, 10, 10, 11, 12, 19, 50, 50, 81"
6177,"1, 1, 1, 1, 2, 5, 5, 11, 11, 19, 20, 25, 70, 84"
6178,"1, 1, 1, 1, 3, 4, 4, 4, 18, 20, 23, 44, 60, 72"
6179,"1, 1, 1, 1, 1, 1, 1, 1, 3, 5, 7, 10, 17, 26, 51, 57, 72"
6180,"1, 1, 1, 3, 3, 3, 5, 9, 21, 22, 24, 37, 54, 72"
6181,"1, 1, 1, 1, 2, 3, 5, 5, 9, 14, 20, 26, 32, 67, 69"
6182,"1, 2, 2, 2, 2, 2, 3, 8, 15, 23, 36, 46, 54, 60"
6183,"1, 1, 1, 1, 1, 3, 3, 5, 5, 17, 19, 28, 45, 57, 69"
6184,"1, 1, 1, 1, 1, 2, 3, 5, 5, 5, 12, 17, 29, 48, 53, 72"
6185,"1, 1, 1, 1, 2, 4, 5, 7, 8, 9, 21, 26, 35, 67, 68"
6186,"1, 1, 1, 1, 1, 1, 1, 3, 4, 6, 12, 17, 37, 43, 62, 65"
6187,"1, 1, 1, 1, 1, 3, 3, 5, 10, 11, 13, 36, 49, 49, 72"
6188,"1, 1, 3, 3, 3, 5, 7, 7, 12, 13, 16, 47, 54, 84"
6189,"1, 1, 1, 1, 1, 2, 3, 7, 7, 13, 18, 27, 39, 66, 69"
6190,"1, 1, 1, 1, 1, 2, 2, 3, 7, 8, 9, 17, 28, 37, 68, 70"
6191,"1, 1, 1, 1, 1, 1, 3, 3, 5, 9, 10, 15, 31, 51, 52, 71"
6192,"1, 1, 1, 1, 1, 2, 5, 5, 7, 15, 24, 24, 45, 53, 71"
6193,"1, 1, 1, 2, 2, 2, 4, 6, 8, 12, 15, 20, 44, 50, 88"
6194,"1, 1, 1, 2, 3, 5, 5, 9, 14, 15, 30, 42, 62, 66"
6195,"1, 1, 3, 3, 3, 5, 9, 19, 21, 39, 44, 52, 56"
6196,"1, 1, 1, 1, 1, 3, 3, 7, 9, 16, 19, 27, 43, 54, 70"
6197,"1, 1, 1, 1, 2, 3, 6, 7, 20, 21, 40, 42, 54, 57"
6198,"1, 1, 1, 2, 2, 2, 3, 8, 9, 9, 14, 30, 52, 53, 69"
6199,"1, 1, 1, 2, 2, 3, 3, 7, 7, 14, 16, 18, 40, 56, 85"
6200,"1, 1, 1, 2, 2, 2, 3, 5, 6, 11, 11, 19, 50, 56, 86"
6201,"1, 1, 1, 2, 3, 5, 5, 11, 11, 13, 24, 50, 50, 79"
6202,"1, 1, 1, 1, 2, 3, 5, 5, 27, 29, 31, 42, 50, 58"
6203,"1, 1, 1, 2, 3, 3, 8, 9, 17, 18, 28, 38, 59, 68"
6204,"1, 1, 1, 1, 3, 4, 4, 4, 16, 21, 31, 43, 55, 71"
6205,"1, 1, 1, 1, 2, 2, 2, 4, 6, 6, 10, 16, 20, 44, 55, 85"
6206,"1, 1, 1, 1, 1, 2, 4, 5, 5, 16, 22, 29, 43, 55, 70"
6207,"1, 1, 1, 2, 2, 2, 3, 5, 9, 10, 10, 23, 52, 52, 83"
6208,"1, 1, 1, 1, 1, 1, 1, 2, 2, 4, 7, 20, 20, 25, 41, 55, 73"
6209,"1, 1, 2, 2, 2, 3, 3, 3, 3, 16, 17, 28, 42, 60, 73"
6210,"1, 1, 1, 1, 1, 1, 2, 3, 9, 9, 12, 13, 32, 49, 54, 67"
6211,"1, 1, 2, 3, 5, 7, 11, 12, 13, 35, 50, 50, 66"
6212,"1, 1, 1, 1, 1, 2, 3, 4, 5, 18, 25, 37, 44, 55, 58"
6213,"1, 1, 1, 1, 2, 6, 6, 9, 17, 18, 28, 45, 53, 68"
6214,"1, 1, 1, 2, 2, 3, 4, 7, 8, 10, 13, 21, 46, 51, 86"
6215,"1, 1, 1, 1, 2, 2, 3, 5, 6, 15, 17, 30, 39, 63, 70"
6216,"1, 1, 1, 1, 4, 5, 6, 7, 14, 27, 36, 47, 52, 54"
6217,"1, 1, 1, 1, 1, 2, 2, 2, 6, 8, 13, 21, 25, 33, 68, 71"
6218,"1, 1, 1, 1, 1, 2, 5, 8, 11, 11, 15, 16, 46, 52, 85"
6219,"1, 1, 1, 2, 2, 3, 4, 12, 16, 23, 38, 46, 50, 57"
6220,"1, 1, 1, 1, 2, 2, 2, 4, 7, 14, 24, 38, 46, 55, 58"
6221,"1, 1, 1, 3, 4, 7, 10, 11, 23, 39, 50, 52, 54"
6222,"1, 1, 1, 2, 2, 3, 7, 11, 20, 22, 24, 40, 50, 72"
6223,"1, 1, 1, 1, 2, 2, 3, 3, 7, 15, 22, 38, 47, 54, 59"
6224,"1, 1, 1, 1, 2, 3, 3, 5, 9, 9, 11, 31, 52, 54, 73"
6225,"1, 1, 1, 2, 3, 3, 6, 9, 12, 24, 37, 37, 58, 62"
6226,"1, 1, 1, 1, 1, 2, 2, 3, 7, 10, 11, 12, 34, 49, 52, 69"
6227,"1, 1, 1, 2, 2, 2, 3, 4, 6, 15, 22, 29, 40, 54, 74"
6228,"1, 1, 1, 1, 2, 3, 5, 5, 7, 15, 21, 26, 45, 52, 71"
6229,"1, 1, 1, 1, 2, 3, 3, 5, 7, 7, 17, 43, 54, 55, 56"
6230,"1, 1, 1, 2, 2, 2, 3, 5, 6, 14, 23, 38, 46, 56, 56"
6231,"1, 1, 1, 1, 1, 6, 6, 11, 17, 19, 30, 43, 51, 68"
6232,"1, 2, 2, 2, 2, 6, 6, 6, 13, 14, 30, 48, 56, 68"
6233,"1, 1, 2, 2, 3, 4, 4, 4, 15, 17, 39, 42, 58, 64"
6234,"1, 1, 1, 1, 3, 4, 9, 9, 16, 18, 26, 46, 53, 68"
6235,"1, 1, 2, 3, 3, 4, 9, 18, 20, 28, 44, 55, 68"
6236,"1, 1, 2, 2, 2, 6, 6, 8, 14, 20, 30, 42, 54, 68"
6237,"1, 1, 1, 2, 2, 3, 8, 8, 13, 23, 37, 50, 53, 54"
6238,"1, 1, 1, 1, 2, 2, 7, 8, 13, 26, 35, 50, 54, 55"
6239,"1, 1, 1, 1, 1, 1, 1, 2, 5, 9, 15, 20, 32, 37, 56, 73"
6240,"1, 1, 1, 1, 1, 1, 3, 6, 7, 19, 20, 26, 39, 57, 73"
6241,"1, 1, 2, 2, 3, 4, 7, 15, 26, 38, 44, 50, 63"
6242,"1, 1, 1, 2, 2, 3, 4, 4, 5, 11, 14, 31, 50, 58, 69"
6243,"1, 1, 1, 1, 2, 2, 3, 7, 18, 25, 28, 36, 51, 80"
6244,"1, 1, 1, 1, 2, 2, 4, 4, 8, 20, 22, 23, 40, 53, 74"
6245,"1, 1, 1, 1, 2, 2, 3, 3, 9, 13, 21, 21, 28, 70, 80"
6246,"1, 1, 1, 2, 3, 3, 3, 9, 14, 19, 31, 43, 54, 72"
6247,"1, 1, 1, 1, 2, 2, 3, 3, 6, 19, 29, 32, 41, 55, 60"
6248,"1, 1, 2, 2, 2, 3, 4, 6, 13, 22, 39, 48, 56, 57"
6249,"1, 1, 1, 2, 2, 2, 3, 4, 5, 14, 24, 36, 48, 55, 58"
6250,"1, 1, 1, 2, 3, 5, 7, 9, 16, 22, 24, 45, 54, 66"
6251,"1, 1, 1, 1, 4, 4, 6, 9, 12, 16, 30, 37, 62, 72"
6252,"1, 1, 1, 1, 1, 2, 3, 4, 7, 20, 23, 24, 41, 58, 69"
6253,"1, 1, 1, 1, 1, 1, 2, 2, 7, 9, 12, 18, 27, 49, 54, 70"
6254,"1, 1, 1, 1, 1, 2, 2, 7, 8, 21, 24, 25, 38, 52, 72"
6255,"1, 1, 1, 1, 2, 3, 3, 3, 4, 14, 20, 30, 42, 57, 74"
6256,"1, 1, 1, 1, 2, 2, 2, 6, 8, 9, 22, 40, 52, 53, 56"
6257,"1, 1, 1, 1, 1, 1, 3, 3, 7, 7, 18, 19, 27, 43, 53, 70"
6258,"1, 1, 1, 1, 1, 1, 7, 7, 9, 11, 20, 20, 42, 53, 81"
6259,"1, 1, 1, 1, 1, 3, 5, 7, 7, 16, 21, 26, 45, 54, 67"
6260,"1, 1, 1, 1, 2, 5, 5, 5, 5, 9, 17, 28, 41, 66, 69"
6261,"1, 2, 3, 3, 3, 9, 10, 16, 17, 28, 44, 52, 68"
6262,"1, 1, 1, 3, 3, 6, 8, 9, 10, 13, 32, 51, 52, 66"
6263,"1, 1, 1, 1, 2, 3, 7, 11, 15, 16, 31, 40, 59, 68"
6264,"1, 1, 1, 1, 2, 3, 3, 7, 17, 22, 39, 46, 55, 58"
6265,"1, 1, 1, 2, 2, 4, 4, 4, 4, 12, 16, 30, 49, 56, 70"
6266,"1, 1, 1, 1, 1, 1, 3, 5, 9, 11, 23, 36, 51, 54, 58"
6267,"1, 1, 1, 1, 2, 3, 3, 4, 10, 14, 17, 18, 44, 56, 81"
6268,"1, 1, 1, 2, 2, 3, 5, 13, 14, 20, 26, 48, 56, 64"
6269,"1, 1, 1, 1, 1, 2, 6, 8, 19, 21, 27, 41, 58, 69"
6270,"1, 1, 1, 1, 1, 1, 2, 7, 9, 15, 21, 41, 47, 52, 56"
6271,"1, 1, 1, 1, 1, 2, 3, 5, 5, 22, 23, 24, 41, 52, 74"
6272,"1, 1, 1, 3, 3, 4, 5, 6, 16, 27, 33, 46, 54, 56"
6273,"1, 1, 1, 1, 1, 2, 3, 9, 10, 11, 15, 31, 49, 53, 68"
6274,"1, 1, 1, 3, 3, 4, 4, 7, 16, 18, 29, 40, 59, 70"
6275,"1, 1, 1, 1, 1, 1, 1, 5, 6, 7, 11, 18, 19, 43, 56, 84"
6276,"1, 1, 1, 2, 3, 3, 7, 8, 9, 19, 25, 40, 66, 71"
6277,"1, 1, 1, 1, 2, 2, 3, 5, 8, 20, 21, 25, 39, 56, 71"
6278,"1, 1, 1, 2, 2, 2, 4, 10, 17, 18, 28, 44, 60, 66"
6279,"1, 1, 1, 1, 3, 3, 4, 5, 7, 9, 16, 27, 42, 67, 69"
6280,"1, 1, 1, 1, 2, 3, 8, 9, 17, 20, 29, 38, 58, 68"
6281,"1, 1, 1, 1, 3, 4, 8, 9, 10, 22, 42, 51, 51, 52"
6282,"1, 1, 1, 1, 1, 3, 4, 5, 15, 32, 43, 44, 48, 57"
6283,"1, 1, 1, 1, 1, 1, 1, 1, 2, 5, 5, 16, 21, 24, 44, 57, 74"
6284,"1, 1, 1, 1, 2, 3, 6, 8, 12, 22, 36, 50, 54, 59"
6285,"1, 1, 1, 2, 2, 3, 4, 7, 12, 25, 40, 44, 51, 63"
6286,"1, 1, 1, 1, 1, 3, 4, 7, 10, 12, 17, 30, 50, 53, 65"
6287,"1, 1, 1, 1, 1, 3, 3, 7, 7, 16, 27, 35, 45, 54, 54"
6288,"1, 1, 1, 1, 2, 3, 3, 3, 10, 12, 17, 43, 50, 51, 58"
6289,"1, 1, 1, 1, 1, 1, 2, 2, 5, 7, 17, 22, 29, 43, 55, 68"
6290,"1, 1, 1, 2, 2, 3, 4, 4, 6, 11, 15, 30, 49, 57, 70"
6291,"1, 1, 1, 2, 2, 4, 4, 10, 20, 26, 36, 41, 52, 56"
6292,"1, 1, 1, 1, 3, 4, 8, 9, 15, 18, 29, 47, 51, 68"
6293,"1, 1, 1, 1, 2, 3, 4, 8, 9, 15, 16, 16, 44, 52, 83"
6294,"1, 1, 1, 1, 3, 4, 4, 11, 17, 19, 30, 42, 50, 72"
6295,"1, 1, 2, 9, 17, 23, 87, 116"
6296,"1, 1, 1, 1, 1, 2, 3, 4, 6, 16, 25, 29, 43, 54, 69"
6297,"1, 1, 2, 2, 2, 3, 3, 5, 9, 10, 17, 20, 42, 49, 90"
6298,"1, 1, 1, 1, 2, 3, 3, 3, 11, 11, 23, 35, 38, 57, 66"
6299,"1, 1, 1, 1, 1, 3, 7, 10, 12, 29, 31, 50, 53, 56"
6300,"1, 1, 1, 1, 3, 5, 7, 7, 12, 27, 31, 34, 54, 72"
6301,"1, 1, 1, 1, 2, 3, 4, 4, 7, 14, 18, 26, 47, 53, 74"
6302,"1, 1, 1, 2, 2, 3, 4, 4, 9, 9, 12, 34, 51, 52, 71"
6303,"1, 1, 1, 3, 4, 5, 5, 8, 17, 18, 27, 44, 52, 70"
6304,"1, 1, 1, 1, 1, 2, 3, 3, 3, 5, 10, 13, 35, 41, 63, 73"
6305,"1, 1, 1, 1, 2, 4, 5, 7, 10, 10, 18, 27, 35, 66, 68"
6306,"1, 1, 1, 1, 2, 3, 3, 3, 5, 7, 8, 12, 21, 47, 54, 87"
6307,"1, 1, 1, 1, 1, 3, 3, 5, 9, 15, 17, 29, 41, 61, 68"
6308,"1, 1, 1, 1, 3, 3, 5, 13, 15, 27, 32, 35, 55, 64"
6309,"1, 1, 2, 3, 4, 7, 11, 12, 30, 32, 35, 54, 64"
6310,"1, 1, 1, 2, 2, 3, 4, 7, 14, 23, 38, 48, 54, 58"
6311,"1, 1, 1, 1, 1, 2, 4, 8, 9, 11, 14, 32, 51, 52, 68"
6312,"1, 1, 1, 1, 1, 1, 2, 4, 8, 8, 10, 21, 25, 37, 65, 70"
6313,"1, 1, 1, 1, 1, 1, 1, 3, 8, 9, 11, 11, 17, 51, 54, 85"
6314,"1, 1, 1, 1, 2, 2, 4, 6, 7, 19, 22, 24, 41, 56, 69"
6315,"1, 1, 4, 4, 4, 4, 10, 12, 20, 40, 50, 50, 56"
6316,"1, 1, 1, 1, 1, 3, 3, 4, 9, 9, 18, 41, 52, 53, 59"
6317,"1, 1, 1, 1, 1, 1, 2, 3, 3, 9, 12, 13, 20, 49, 57, 82"
6318,"1, 1, 1, 2, 3, 5, 8, 9, 10, 19, 24, 51, 54, 68"
6319,"1, 1, 2, 2, 4, 4, 7, 8, 10, 20, 24, 39, 66, 68"
6320,"1, 1, 1, 1, 1, 2, 2, 7, 10, 11, 17, 34, 40, 61, 67"
6321,"1, 1, 1, 1, 2, 5, 9, 9, 11, 16, 30, 52, 53, 65"
6322,"1, 1, 1, 1, 1, 1, 1, 1, 5, 6, 17, 23, 24, 43, 57, 73"
6323,"1, 1, 2, 2, 3, 11, 12, 15, 17, 28, 34, 62, 68"
6324,"1, 1, 1, 2, 3, 3, 7, 9, 19, 22, 24, 40, 54, 70"
6325,"1, 1, 1, 1, 1, 3, 4, 5, 8, 16, 25, 37, 45, 52, 56"
6326,"1, 1, 2, 9, 15, 31, 94, 103"
6327,"1, 1, 1, 1, 1, 1, 5, 7, 9, 18, 19, 28, 43, 53, 68"
6328,"1, 1, 2, 3, 3, 3, 5, 11, 13, 15, 28, 34, 63, 74"
6329,"1, 1, 1, 1, 2, 3, 3, 4, 4, 13, 22, 37, 49, 55, 60"
6330,"1, 1, 1, 1, 2, 3, 3, 6, 6, 9, 20, 26, 51, 53, 73"
6331,"1, 1, 1, 1, 1, 2, 3, 8, 9, 13, 19, 33, 37, 59, 68"
6332,"1, 1, 2, 2, 2, 3, 6, 10, 11, 19, 40, 51, 52, 56"
6333,"1, 1, 1, 2, 2, 3, 9, 13, 13, 14, 33, 48, 48, 68"
6334,"1, 1, 1, 1, 1, 1, 2, 2, 3, 4, 5, 12, 17, 28, 49, 57, 71"
6335,"1, 1, 1, 2, 3, 3, 3, 6, 16, 22, 28, 42, 56, 72"
6336,"1, 1, 1, 1, 1, 1, 3, 4, 6, 11, 11, 12, 35, 49, 50, 69"
6337,"1, 1, 1, 2, 3, 4, 4, 6, 13, 15, 29, 47, 58, 72"
6338,"1, 1, 1, 2, 2, 2, 3, 5, 8, 11, 20, 26, 33, 69, 72"
6339,"1, 1, 1, 1, 1, 2, 2, 3, 3, 10, 14, 24, 31, 37, 58, 67"
6340,"1, 1, 1, 1, 2, 2, 3, 7, 9, 10, 13, 34, 52, 52, 68"
6341,"1, 1, 1, 1, 1, 2, 2, 8, 8, 12, 23, 40, 48, 54, 54"
6342,"1, 1, 1, 2, 2, 3, 3, 4, 8, 11, 16, 28, 35, 68, 73"
6343,"1, 1, 1, 1, 1, 1, 1, 2, 4, 4, 10, 17, 37, 42, 60, 73"
6344,"1, 1, 1, 1, 2, 2, 2, 6, 10, 19, 21, 26, 41, 51, 72"
6345,"1, 1, 1, 1, 2, 3, 4, 5, 6, 7, 29, 31, 38, 58, 69"
6346,"1, 1, 1, 2, 3, 7, 7, 7, 7, 20, 25, 39, 66, 70"
6347,"1, 1, 1, 2, 2, 2, 3, 6, 9, 18, 18, 26, 43, 52, 72"
6348,"1, 1, 1, 1, 1, 3, 5, 9, 9, 12, 18, 19, 43, 49, 84"
6349,"1, 1, 1, 1, 4, 4, 6, 10, 12, 18, 29, 34, 66, 69"
6350,"1, 1, 1, 1, 1, 1, 2, 4, 8, 8, 11, 13, 33, 51, 53, 67"
6351,"1, 1, 2, 2, 2, 8, 10, 17, 31, 32, 44, 52, 54"
6352,"1, 1, 1, 2, 4, 8, 8, 14, 14, 46, 52, 105"
6353,"1, 1, 2, 2, 2, 4, 5, 8, 9, 18, 26, 52, 56, 70"
6354,"1, 1, 1, 2, 2, 2, 2, 4, 6, 13, 25, 36, 48, 56, 57"
6355,"1, 1, 1, 3, 5, 9, 11, 14, 18, 34, 36, 59, 64"
6356,"1, 1, 1, 1, 6, 6, 8, 15, 31, 32, 47, 49, 58"
6357,"1, 2, 3, 6, 8, 10, 13, 21, 32, 36, 58, 66"
6358,"1, 1, 2, 2, 2, 6, 6, 8, 10, 22, 24, 36, 66, 70"
6359,"1, 1, 1, 1, 2, 2, 5, 5, 9, 13, 21, 26, 31, 64, 74"
6360,"1, 1, 1, 1, 1, 2, 2, 3, 5, 7, 14, 18, 27, 46, 59, 68"
6361,"1, 1, 1, 1, 2, 3, 3, 7, 10, 14, 15, 29, 48, 52, 69"
6362,"1, 1, 1, 1, 1, 3, 6, 7, 8, 16, 17, 29, 45, 54, 66"
6363,"1, 1, 2, 2, 2, 3, 6, 10, 11, 24, 34, 38, 56, 66"
6364,"1, 1, 1, 2, 2, 6, 6, 8, 15, 16, 31, 46, 54, 67"
6365,"1, 1, 1, 1, 2, 2, 4, 5, 11, 11, 12, 19, 50, 58, 78"
6366,"1, 1, 1, 1, 2, 2, 5, 6, 16, 17, 41, 46, 57, 60"
6367,"1, 1, 2, 6, 20, 32, 92, 102"
6368,"1, 1, 1, 1, 1, 2, 2, 3, 5, 5, 7, 9, 26, 54, 56, 82"
6369,"1, 1, 1, 1, 2, 2, 2, 6, 10, 13, 21, 25, 48, 56, 67"
6370,"1, 1, 1, 4, 5, 9, 11, 11, 16, 21, 42, 54, 80"
6371,"1, 1, 1, 1, 1, 6, 6, 7, 17, 27, 30, 39, 51, 68"
6372,"1, 1, 1, 1, 1, 2, 2, 6, 13, 13, 23, 24, 48, 55, 65"
6373,"1, 1, 1, 1, 1, 2, 2, 2, 4, 4, 16, 23, 29, 41, 55, 73"
6374,"1, 1, 1, 1, 2, 2, 6, 8, 18, 22, 38, 41, 56, 59"
6375,"1, 1, 2, 2, 3, 3, 4, 9, 11, 19, 40, 52, 52, 57"
6376,"1, 1, 1, 1, 1, 1, 2, 2, 4, 7, 18, 28, 33, 43, 56, 57"
6377,"1, 2, 2, 3, 4, 5, 8, 13, 20, 26, 52, 56, 64"
6378,"1, 1, 3, 5, 6, 6, 9, 11, 19, 26, 37, 64, 68"
6379,"1, 1, 1, 2, 3, 4, 6, 7, 11, 22, 37, 40, 56, 65"
6380,"1, 1, 1, 2, 3, 4, 5, 6, 15, 19, 40, 47, 56, 56"
6381,"1, 1, 1, 2, 3, 3, 6, 7, 11, 15, 31, 49, 54, 72"
6382,"1, 1, 1, 1, 2, 2, 3, 4, 6, 18, 29, 34, 41, 56, 57"
6383,"1, 1, 1, 2, 2, 3, 9, 10, 11, 19, 26, 50, 51, 70"
6384,"1, 1, 1, 1, 2, 2, 3, 4, 6, 17, 23, 37, 45, 55, 58"
6385,"1, 1, 1, 1, 2, 3, 4, 7, 8, 15, 15, 18, 44, 52, 84"
6386,"1, 1, 1, 1, 2, 3, 10, 11, 17, 17, 30, 35, 59, 68"
6387,"1, 1, 1, 2, 3, 4, 9, 10, 14, 17, 21, 40, 52, 81"
6388,"1, 1, 1, 1, 2, 2, 2, 8, 8, 10, 17, 20, 46, 53, 84"
6389,"1, 1, 2, 2, 2, 3, 4, 8, 17, 22, 37, 45, 54, 58"
6390,"1, 1, 1, 2, 4, 4, 6, 12, 13, 20, 23, 33, 66, 70"
6391,"1, 1, 2, 3, 3, 3, 4, 5, 9, 23, 35, 53, 56, 58"
6392,"1, 1, 2, 2, 3, 4, 5, 6, 11, 26, 32, 36, 56, 71"
6393,"1, 1, 1, 1, 1, 1, 1, 2, 2, 6, 7, 12, 14, 30, 49, 55, 72"
6394,"1, 1, 1, 1, 1, 1, 2, 4, 6, 7, 11, 16, 27, 51, 55, 71"
6395,"1, 2, 3, 3, 3, 6, 9, 17, 20, 28, 40, 56, 68"
6396,"1, 1, 1, 1, 1, 2, 2, 4, 5, 23, 24, 37, 42, 55, 57"
6397,"1, 1, 1, 1, 1, 1, 1, 2, 2, 3, 7, 9, 17, 30, 51, 57, 71"
6398,"1, 1, 1, 1, 2, 6, 8, 8, 9, 12, 34, 53, 54, 66"
6399,"1, 1, 1, 1, 2, 2, 2, 4, 6, 21, 23, 25, 44, 52, 71"
6400,"1, 1, 1, 1, 1, 2, 3, 9, 10, 14, 17, 20, 42, 50, 84"
6401,"1, 1, 1, 2, 2, 3, 5, 8, 16, 31, 32, 42, 54, 58"
6402,"1, 1, 1, 1, 2, 2, 3, 6, 9, 16, 16, 30, 45, 51, 72"
6403,"1, 1, 1, 2, 2, 3, 9, 10, 14, 18, 28, 47, 52, 68"
6404,"1, 1, 2, 2, 2, 4, 6, 10, 15, 17, 30, 44, 52, 70"
6405,"1, 1, 1, 1, 2, 4, 6, 7, 19, 21, 24, 44, 56, 69"
6406,"1, 1, 1, 1, 1, 2, 4, 4, 7, 19, 20, 26, 39, 58, 72"
6407,"1, 1, 2, 2, 2, 2, 2, 10, 15, 26, 36, 46, 51, 60"
6408,"1, 1, 1, 1, 4, 4, 8, 11, 12, 19, 19, 44, 47, 84"
6409,"1, 1, 1, 1, 2, 4, 5, 5, 14, 17, 31, 46, 58, 70"
6410,"1, 1, 1, 4, 4, 5, 6, 7, 9, 16, 27, 39, 66, 70"
6411,"1, 1, 1, 2, 2, 3, 7, 9, 12, 18, 29, 37, 64, 70"
6412,"1, 1, 1, 1, 3, 4, 5, 10, 11, 19, 42, 50, 52, 56"
6413,"1, 1, 1, 1, 2, 2, 3, 6, 7, 9, 21, 39, 39, 56, 68"
6414,"1, 1, 1, 1, 4, 4, 5, 6, 11, 20, 28, 48, 57, 69"
6415,"1, 1, 1, 2, 2, 3, 4, 5, 6, 8, 15, 29, 42, 66, 71"
6416,"1, 1, 1, 1, 2, 3, 3, 4, 8, 15, 19, 27, 47, 52, 72"
6417,"1, 1, 1, 2, 3, 3, 5, 9, 15, 19, 25, 48, 56, 68"
6418,"1, 2, 2, 2, 2, 4, 6, 8, 11, 12, 20, 52, 52, 82"
6419,"1, 1, 1, 1, 2, 4, 10, 10, 14, 16, 20, 41, 53, 82"
6420,"1, 1, 1, 2, 2, 3, 5, 10, 13, 18, 28, 41, 63, 68"
6421,"1, 1, 2, 2, 4, 4, 9, 13, 20, 42, 50, 50, 58"
6422,"1, 1, 1, 1, 1, 5, 7, 7, 14, 19, 28, 48, 55, 68"
6423,"1, 1, 1, 2, 2, 3, 3, 4, 6, 9, 24, 37, 37, 58, 68"
6424,"1, 1, 1, 1, 4, 4, 6, 10, 14, 16, 25, 46, 46, 81"
6425,"1, 1, 1, 1, 1, 2, 2, 5, 8, 16, 23, 40, 46, 52, 57"
6426,"1, 1, 1, 1, 2, 3, 3, 5, 11, 12, 23, 23, 48, 56, 66"
6427,"1, 1, 1, 2, 2, 3, 3, 6, 7, 11, 13, 35, 38, 61, 72"
6428,"1, 2, 2, 2, 3, 6, 6, 19, 26, 33, 42, 56, 58"
6429,"1, 1, 1, 1, 1, 1, 2, 4, 4, 10, 10, 15, 19, 47, 57, 82"
6430,"1, 1, 1, 1, 1, 2, 5, 7, 7, 9, 20, 25, 40, 62, 74"
6431,"1, 1, 1, 1, 2, 3, 4, 7, 12, 12, 12, 33, 48, 49, 70"
6432,"1, 1, 1, 2, 2, 2, 3, 3, 6, 15, 24, 36, 47, 56, 57"
6433,"1, 1, 1, 1, 1, 3, 4, 8, 9, 16, 21, 25, 45, 52, 68"
6434,"1, 1, 1, 1, 1, 1, 1, 1, 2, 3, 4, 11, 12, 35, 42, 64, 75"
6435,"1, 1, 1, 1, 1, 2, 5, 6, 11, 11, 15, 19, 49, 58, 75"
6436,"1, 1, 1, 1, 1, 2, 4, 8, 10, 11, 13, 34, 50, 51, 68"
6437,"1, 1, 1, 1, 1, 2, 2, 2, 6, 8, 18, 22, 23, 43, 54, 71"
6438,"1, 1, 1, 1, 4, 6, 6, 12, 12, 18, 29, 34, 62, 69"
6439,"1, 1, 2, 3, 3, 8, 15, 15, 17, 29, 46, 46, 70"
6440,"1, 1, 1, 1, 2, 2, 3, 4, 10, 11, 22, 34, 41, 57, 66"
6441,"1, 1, 1, 1, 4, 6, 7, 26, 27, 37, 40, 52, 53"
6442,"1, 1, 1, 1, 3, 3, 7, 9, 17, 22, 28, 39, 56, 68"
6443,"1, 1, 1, 2, 2, 3, 7, 8, 8, 20, 43, 53, 53, 54"
6444,"1, 1, 1, 1, 1, 2, 3, 4, 5, 23, 25, 37, 41, 55, 56"
6445,"1, 1, 1, 1, 2, 3, 7, 12, 17, 18, 29, 42, 50, 72"
6446,"1, 1, 1, 1, 2, 2, 3, 4, 6, 10, 16, 29, 52, 57, 71"
6447,"1, 1, 1, 2, 2, 3, 7, 11, 13, 21, 26, 48, 56, 64"
6448,"1, 1, 3, 3, 3, 3, 5, 7, 11, 11, 33, 50, 53, 72"
6449,"1, 1, 1, 2, 3, 4, 4, 6, 21, 23, 24, 41, 55, 70"
6450,"1, 1, 1, 1, 1, 1, 2, 2, 3, 4, 6, 10, 21, 23, 36, 70, 73"
6451,"1, 1, 1, 2, 2, 2, 2, 7, 9, 12, 16, 18, 45, 58, 80"
6452,"1, 1, 1, 1, 2, 2, 3, 3, 5, 5, 12, 16, 29, 48, 56, 71"
6453,"1, 1, 1, 1, 1, 2, 2, 6, 10, 21, 22, 24, 40, 52, 72"
6454,"1, 1, 2, 2, 3, 3, 5, 6, 17, 18, 30, 40, 58, 70"
6455,"1, 1, 1, 2, 2, 2, 2, 6, 8, 17, 22, 24, 43, 53, 72"
6456,"1, 1, 1, 1, 2, 3, 3, 6, 7, 11, 15, 30, 50, 55, 70"
6457,"1, 1, 1, 1, 2, 2, 7, 10, 20, 24, 37, 40, 52, 58"
6458,"1, 1, 1, 1, 1, 2, 2, 7, 10, 14, 18, 30, 47, 54, 67"
6459,"1, 1, 1, 1, 1, 2, 3, 7, 13, 14, 15, 33, 47, 48, 69"
6460,"1, 1, 2, 2, 2, 2, 2, 3, 3, 6, 23, 38, 43, 58, 70"
6461,"1, 1, 1, 2, 4, 8, 10, 15, 22, 24, 31, 68, 69"
6462,"1, 1, 1, 1, 2, 3, 10, 11, 13, 18, 30, 49, 51, 65"
6463,"1, 1, 2, 3, 5, 5, 10, 19, 19, 26, 44, 51, 70"
6464,"1, 1, 2, 2, 2, 8, 14, 14, 15, 16, 48, 53, 80"
6465,"1, 1, 1, 1, 1, 1, 2, 3, 4, 7, 12, 15, 18, 46, 57, 86"
6466,"1, 1, 1, 2, 2, 4, 6, 15, 31, 45, 46, 48, 54"
6467,"1, 2, 2, 2, 2, 6, 12, 18, 19, 26, 40, 58, 68"
6468,"1, 1, 1, 2, 4, 10, 12, 13, 16, 29, 50, 53, 64"
6469,"1, 1, 1, 1, 1, 2, 3, 5, 5, 7, 9, 18, 27, 37, 69, 69"
6470,"1, 1, 1, 2, 3, 3, 5, 10, 12, 16, 36, 36, 59, 71"
6471,"1, 1, 1, 1, 2, 3, 3, 5, 7, 21, 21, 26, 40, 53, 71"
6472,"1, 2, 2, 4, 4, 6, 6, 19, 20, 26, 38, 58, 70"
6473,"1, 2, 2, 2, 3, 4, 4, 22, 23, 35, 42, 56, 60"
6474,"1, 1, 1, 2, 2, 3, 4, 4, 5, 17, 19, 29, 40, 56, 72"
6475,"1, 1, 2, 2, 2, 3, 4, 8, 14, 22, 40, 45, 54, 58"
6476,"1, 1, 1, 1, 1, 2, 2, 3, 3, 7, 11, 12, 33, 44, 64, 70"
6477,"1, 1, 2, 2, 2, 4, 8, 8, 13, 22, 23, 48, 52, 70"
6478,"1, 1, 1, 3, 4, 5, 5, 9, 11, 20, 23, 36, 68, 69"
6479,"1, 1, 2, 2, 2, 2, 8, 8, 15, 22, 24, 46, 54, 69"
6480,"1, 1, 1, 1, 2, 2, 5, 9, 13, 18, 29, 29, 63, 82"
6481,"1, 1, 1, 1, 1, 1, 2, 3, 4, 7, 13, 14, 33, 47, 54, 73"
6482,"1, 1, 1, 1, 1, 3, 3, 9, 9, 11, 14, 33, 51, 51, 67"
6483,"1, 1, 1, 1, 4, 7, 7, 7, 8, 11, 36, 51, 56, 65"
6484,"1, 1, 1, 3, 5, 7, 11, 11, 23, 37, 48, 52, 56"
6485,"1, 1, 1, 2, 2, 2, 3, 3, 5, 17, 21, 26, 43, 57, 72"
6486,"1, 1, 1, 1, 1, 1, 2, 5, 5, 16, 20, 42, 43, 56, 61"
6487,"1, 1, 1, 1, 3, 5, 7, 10, 13, 16, 37, 45, 46, 70"
6488,"1, 1, 2, 2, 2, 2, 3, 6, 20, 29, 34, 44, 54, 56"
6489,"1, 1, 1, 1, 2, 3, 3, 9, 11, 12, 14, 31, 49, 50, 68"
6490,"1, 1, 2, 2, 6, 18, 21, 86, 119"
6491,"1, 1, 1, 1, 4, 6, 6, 10, 12, 12, 25, 46, 51, 80"
6492,"1, 1, 2, 2, 3, 5, 7, 7, 8, 17, 23, 44, 52, 84"
6493,"1, 1, 1, 1, 2, 4, 4, 4, 6, 13, 18, 25, 49, 58, 69"
6494,"1, 1, 1, 2, 2, 3, 3, 3, 5, 13, 24, 36, 49, 56, 57"
6495,"1, 1, 1, 2, 2, 2, 2, 3, 8, 15, 15, 29, 42, 63, 70"
6496,"1, 1, 2, 3, 4, 4, 6, 10, 12, 17, 26, 34, 66, 70"
6497,"1, 1, 1, 1, 1, 2, 4, 12, 16, 19, 31, 43, 60, 64"
6498,"1, 1, 1, 1, 1, 2, 3, 4, 4, 10, 15, 37, 43, 60, 73"
6499,"1, 1, 1, 2, 3, 4, 6, 8, 19, 21, 24, 43, 53, 70"
6500,"1, 1, 1, 1, 1, 1, 3, 3, 4, 9, 10, 10, 36, 49, 52, 74"
6501,"1, 1, 1, 1, 1, 1, 2, 2, 3, 5, 11, 24, 39, 49, 56, 59"
6502,"1, 1, 1, 1, 3, 7, 7, 11, 14, 19, 28, 32, 65, 66"
6503,"1, 1, 1, 1, 2, 4, 6, 10, 10, 22, 39, 48, 52, 59"
6504,"1, 1, 1, 2, 2, 2, 2, 3, 4, 22, 23, 36, 42, 55, 60"
6505,"1, 1, 1, 1, 1, 2, 2, 3, 4, 9, 11, 13, 35, 49, 50, 73"
6506,"1, 1, 2, 3, 3, 7, 11, 13, 21, 40, 40, 50, 64"
6507,"1, 1, 1, 4, 16, 39, 92, 102"
6508,"1, 1, 1, 2, 3, 3, 6, 11, 11, 21, 39, 50, 51, 56"
6509,"1, 1, 2, 4, 5, 6, 7, 9, 24, 36, 51, 54, 56"
6510,"1, 1, 1, 1, 2, 2, 7, 9, 14, 19, 32, 38, 59, 70"
6511,"1, 1, 1, 2, 2, 3, 3, 5, 9, 10, 13, 20, 48, 48, 90"
6512,"1, 1, 1, 1, 2, 2, 2, 2, 6, 21, 25, 37, 40, 56, 59"
6513,"1, 1, 1, 2, 4, 4, 6, 8, 9, 20, 22, 37, 67, 74"
6514,"1, 1, 1, 1, 2, 4, 4, 8, 8, 12, 17, 19, 43, 52, 83"
6515,"1, 1, 1, 2, 2, 3, 5, 6, 15, 24, 38, 46, 56, 56"
6516,"1, 1, 1, 1, 2, 6, 9, 11, 12, 16, 20, 43, 45, 88"
6517,"1, 1, 1, 1, 1, 2, 3, 8, 8, 11, 13, 33, 50, 53, 70"
6518,"1, 1, 1, 1, 1, 2, 2, 4, 11, 14, 22, 38, 47, 52, 59"
6519,"1, 1, 1, 1, 1, 2, 3, 3, 5, 7, 14, 15, 31, 46, 51, 74"
6520,"1, 1, 1, 1, 2, 5, 6, 7, 11, 21, 36, 39, 57, 68"
6521,"1, 1, 1, 2, 2, 3, 3, 4, 5, 10, 16, 30, 36, 69, 73"
6522,"1, 1, 1, 3, 3, 4, 7, 8, 19, 20, 27, 40, 52, 70"
6523,"1, 1, 1, 1, 1, 3, 4, 5, 6, 13, 17, 31, 46, 56, 70"
6524,"1, 1, 1, 1, 3, 4, 4, 4, 5, 8, 16, 31, 50, 55, 72"
6525,"1, 1, 1, 1, 1, 2, 8, 11, 12, 30, 32, 49, 51, 56"
6526,"1, 1, 1, 2, 3, 4, 4, 5, 12, 24, 30, 44, 53, 72"
6527,"1, 1, 2, 2, 2, 4, 4, 8, 13, 22, 22, 34, 66, 75"
6528,"1, 1, 1, 2, 2, 4, 5, 15, 15, 17, 30, 31, 58, 74"
6529,"1, 1, 1, 1, 1, 3, 3, 4, 6, 16, 21, 39, 44, 53, 62"
6530,"1, 1, 1, 2, 2, 2, 3, 8, 9, 9, 10, 22, 51, 52, 83"
6531,"1, 1, 1, 1, 2, 2, 3, 5, 5, 5, 9, 10, 21, 50, 54, 86"
6532,"1, 1, 3, 5, 7, 10, 13, 25, 34, 49, 54, 54"
6533,"1, 1, 1, 2, 2, 3, 5, 12, 13, 18, 43, 49, 50, 56"
6534,"1, 1, 1, 1, 2, 3, 4, 4, 5, 10, 21, 24, 36, 70, 73"
6535,"1, 1, 1, 3, 4, 4, 5, 7, 11, 19, 26, 51, 51, 72"
6536,"1, 1, 1, 1, 1, 1, 2, 4, 6, 7, 10, 20, 23, 42, 47, 89"
6537,"1, 1, 1, 1, 1, 1, 2, 3, 7, 9, 10, 21, 24, 36, 68, 70"
6538,"1, 1, 1, 2, 3, 3, 4, 5, 5, 8, 18, 25, 41, 67, 72"
6539,"1, 1, 1, 1, 2, 3, 5, 6, 7, 8, 18, 27, 40, 64, 72"
6540,"1, 2, 2, 2, 3, 3, 4, 5, 13, 25, 36, 46, 56, 58"
6541,"1, 1, 1, 2, 4, 6, 8, 18, 19, 38, 44, 54, 60"
6542,"1, 1, 1, 1, 1, 2, 3, 7, 7, 14, 18, 22, 40, 53, 85"
6543,"1, 1, 1, 2, 2, 2, 4, 10, 20, 24, 35, 42, 54, 58"
6544,"1, 1, 1, 1, 2, 2, 4, 4, 7, 7, 22, 39, 54, 55, 56"
6545,"1, 2, 2, 4, 14, 35, 96, 102"
6546,"1, 2, 2, 2, 2, 6, 8, 20, 23, 24, 42, 54, 70"
6547,"1, 1, 1, 1, 2, 2, 11, 14, 14, 19, 27, 36, 63, 64"
6548,"1, 1, 1, 2, 2, 4, 6, 7, 14, 15, 40, 46, 54, 63"
6549,"1, 1, 1, 2, 3, 11, 11, 14, 19, 32, 34, 59, 68"
6550,"1, 1, 1, 1, 1, 2, 2, 3, 4, 7, 13, 16, 16, 46, 56, 86"
6551,"1, 1, 1, 1, 2, 2, 3, 5, 5, 14, 16, 42, 46, 55, 62"
6552,"1, 1, 2, 2, 3, 3, 4, 9, 19, 19, 24, 41, 52, 76"
6553,"1, 1, 1, 2, 2, 4, 4, 8, 17, 24, 35, 45, 54, 58"
6554,"1, 1, 1, 1, 3, 3, 3, 5, 7, 7, 17, 43, 51, 55, 58"
6555,"1, 1, 1, 1, 1, 2, 4, 4, 4, 4, 11, 17, 29, 50, 55, 71"
6556,"1, 1, 1, 1, 1, 2, 3, 4, 6, 9, 9, 18, 21, 42, 51, 86"
6557,"1, 1, 2, 4, 4, 8, 8, 17, 18, 28, 46, 52, 67"
6558,"1, 1, 1, 2, 2, 2, 3, 6, 7, 12, 15, 33, 39, 62, 70"
6559,"1, 1, 1, 1, 2, 2, 3, 9, 9, 10, 19, 26, 37, 67, 68"
6560,"1, 1, 1, 2, 2, 4, 8, 8, 9, 20, 41, 52, 53, 54"
6561,"1, 1, 1, 3, 3, 3, 4, 9, 9, 16, 41, 52, 53, 60"
6562,"1, 1, 1, 1, 1, 4, 4, 4, 6, 15, 16, 30, 47, 53, 72"
6563,"1, 1, 1, 1, 1, 2, 2, 2, 4, 5, 13, 15, 31, 48, 57, 72"
6564,"1, 1, 1, 1, 2, 3, 5, 6, 8, 9, 9, 25, 52, 53, 80"
6565,"1, 1, 1, 1, 1, 2, 3, 7, 8, 17, 19, 27, 44, 54, 70"
6566,"1, 1, 1, 1, 1, 1, 1, 1, 3, 5, 10, 11, 13, 18, 51, 57, 80"
6567,"1, 1, 1, 1, 2, 2, 2, 6, 7, 14, 18, 26, 47, 56, 72"
6568,"1, 1, 2, 3, 4, 8, 8, 11, 28, 33, 36, 54, 67"
6569,"1, 1, 1, 1, 1, 2, 4, 4, 5, 7, 8, 13, 21, 49, 55, 83"
6570,"1, 1, 1, 1, 1, 2, 3, 4, 11, 22, 23, 23, 42, 55, 66"
6571,"1, 1, 1, 2, 2, 5, 7, 8, 10, 17, 35, 37, 62, 68"
6572,"1, 1, 1, 1, 1, 2, 2, 4, 10, 16, 21, 25, 46, 59, 66"
6573,"1, 1, 1, 1, 1, 2, 3, 4, 9, 10, 15, 21, 48, 51, 88"
6574,"1, 1, 1, 1, 2, 2, 9, 10, 11, 18, 28, 50, 54, 68"
6575,"1, 1, 1, 1, 2, 3, 5, 6, 10, 14, 16, 16, 45, 55, 80"
6576,"1, 1, 1, 1, 2, 3, 4, 7, 10, 11, 12, 33, 49, 51, 70"
6577,"1, 1, 1, 1, 1, 2, 3, 6, 10, 15, 15, 29, 47, 53, 71"
6578,"1, 1, 1, 1, 3, 3, 3, 5, 7, 7, 17, 26, 40, 69, 72"
6579,"1, 1, 2, 2, 3, 4, 6, 11, 13, 18, 27, 34, 64, 70"
6580,"1, 1, 1, 1, 2, 2, 3, 4, 6, 15, 26, 29, 40, 52, 73"
6581,"1, 1, 1, 1, 4, 4, 4, 9, 10, 15, 28, 38, 65, 75"
6582,"1, 1, 1, 1, 1, 2, 3, 5, 6, 18, 30, 31, 43, 55, 58"
6583,"1, 1, 1, 1, 2, 3, 3, 4, 5, 14, 27, 33, 48, 56, 57"
6584,"1, 1, 3, 3, 4, 5, 11, 12, 21, 24, 42, 63, 66"
6585,"1, 1, 1, 2, 2, 2, 6, 8, 17, 21, 30, 40, 55, 70"
6586,"1, 1, 1, 1, 2, 2, 4, 7, 8, 12, 16, 33, 40, 60, 68"
6587,"1, 1, 1, 1, 2, 5, 7, 10, 13, 20, 26, 34, 67, 68"
6588,"1, 1, 1, 2, 4, 4, 4, 5, 21, 22, 22, 42, 55, 72"
6589,"1, 1, 1, 2, 3, 4, 8, 9, 17, 20, 25, 45, 52, 68"
6590,"1, 1, 1, 1, 1, 4, 7, 7, 7, 29, 32, 40, 60, 65"
6591,"1, 1, 1, 5, 5, 8, 11, 11, 13, 24, 47, 51, 78"
6592,"1, 1, 2, 2, 2, 3, 9, 10, 11, 16, 29, 50, 52, 68"
6593,"1, 1, 2, 2, 2, 3, 4, 11, 15, 16, 30, 34, 61, 74"
6594,"1, 1, 1, 1, 2, 3, 3, 5, 7, 12, 15, 33, 37, 64, 71"
6595,"1, 1, 1, 1, 1, 1, 2, 3, 5, 6, 14, 29, 33, 47, 55, 56"
6596,"1, 1, 1, 1, 2, 3, 3, 5, 7, 17, 22, 28, 40, 55, 70"
6597,"1, 1, 1, 1, 1, 3, 4, 5, 6, 18, 21, 22, 44, 58, 70"
6598,"1, 1, 1, 1, 1, 2, 2, 2, 5, 6, 13, 17, 28, 48, 56, 72"
6599,"1, 1, 1, 2, 2, 3, 5, 12, 15, 20, 42, 47, 49, 56"
6600,"1, 1, 1, 3, 5, 5, 15, 17, 19, 28, 32, 57, 72"
6601,"1, 1, 1, 2, 4, 6, 7, 14, 28, 36, 45, 55, 56"
6602,"1, 1, 2, 2, 2, 3, 8, 8, 16, 17, 28, 38, 60, 70"
6603,"1, 1, 2, 2, 3, 3, 4, 10, 13, 16, 29, 46, 52, 74"
6604,"1, 1, 1, 1, 1, 2, 4, 8, 8, 15, 19, 27, 47, 52, 69"
6605,"1, 1, 1, 1, 1, 2, 3, 7, 10, 14, 15, 31, 40, 61, 68"
6606,"1, 1, 1, 1, 1, 2, 2, 4, 6, 8, 10, 16, 20, 45, 53, 85"
6607,"1, 1, 1, 1, 1, 3, 4, 5, 8, 12, 14, 30, 49, 54, 72"
6608,"1, 1, 1, 1, 2, 4, 8, 9, 14, 21, 31, 38, 58, 67"
6609,"1, 1, 1, 1, 1, 2, 2, 4, 7, 8, 13, 14, 16, 46, 52, 87"
6610,"1, 1, 2, 2, 2, 3, 5, 7, 10, 24, 37, 52, 54, 56"
6611,"1, 1, 3, 4, 4, 4, 11, 13, 18, 41, 50, 50, 56"
6612,"1, 1, 1, 2, 2, 3, 6, 12, 18, 19, 25, 40, 60, 66"
6613,"1, 1, 1, 1, 2, 2, 3, 6, 7, 16, 20, 30, 39, 58, 69"
6614,"1, 1, 1, 1, 2, 2, 4, 5, 9, 9, 22, 24, 35, 64, 76"
6615,"1, 1, 1, 1, 3, 5, 7, 11, 13, 15, 24, 47, 47, 80"
6616,"1, 1, 1, 1, 5, 19, 36, 89, 103"
6617,"1, 1, 1, 2, 3, 4, 5, 8, 20, 21, 26, 40, 56, 68"
6618,"1, 1, 1, 1, 1, 3, 3, 4, 10, 16, 20, 25, 45, 59, 66"
6619,"1, 1, 1, 1, 1, 2, 5, 6, 7, 15, 19, 27, 48, 52, 70"
6620,"1, 1, 3, 4, 4, 6, 9, 9, 22, 38, 52, 53, 54"
6621,"1, 1, 1, 2, 3, 4, 9, 10, 12, 20, 26, 34, 65, 68"
6622,"1, 1, 1, 2, 2, 2, 5, 5, 5, 9, 12, 32, 56, 58, 65"
6623,"1, 1, 1, 1, 1, 3, 4, 4, 9, 11, 13, 33, 51, 54, 69"
6624,"1, 1, 1, 1, 3, 4, 5, 5, 7, 7, 12, 31, 55, 55, 68"
6625,"1, 1, 1, 1, 1, 1, 1, 2, 6, 7, 16, 21, 25, 44, 58, 70"
6626,"1, 1, 2, 2, 3, 6, 6, 9, 11, 16, 29, 36, 66, 68"
6627,"1, 1, 2, 3, 3, 3, 4, 7, 13, 22, 22, 34, 68, 73"
6628,"1, 1, 1, 1, 4, 5, 7, 8, 13, 15, 34, 39, 59, 68"
6629,"1, 1, 2, 2, 3, 7, 12, 15, 21, 24, 48, 54, 66"
6630,"1, 1, 1, 2, 2, 2, 3, 4, 9, 11, 13, 32, 53, 56, 66"
6631,"1, 1, 1, 1, 1, 3, 4, 8, 15, 15, 32, 44, 63, 67"
6632,"1, 1, 2, 2, 2, 4, 6, 8, 17, 20, 26, 44, 53, 70"
6633,"1, 1, 1, 1, 2, 4, 9, 11, 12, 20, 24, 48, 52, 70"
6634,"1, 1, 1, 1, 2, 3, 4, 5, 8, 9, 18, 43, 51, 53, 56"
6635,"1, 1, 1, 1, 1, 1, 3, 3, 4, 6, 7, 15, 16, 29, 82, 85"
6636,"1, 1, 1, 1, 2, 2, 3, 5, 10, 11, 20, 23, 38, 51, 87"
6637,"1, 1, 2, 2, 2, 4, 6, 10, 17, 18, 27, 44, 52, 70"
6638,"1, 1, 1, 2, 2, 3, 6, 11, 14, 18, 32, 40, 60, 65"
6639,"1, 1, 1, 2, 2, 4, 5, 12, 13, 16, 29, 42, 64, 64"
6640,"1, 1, 1, 2, 2, 4, 10, 10, 11, 15, 20, 48, 51, 80"
6641,"1, 1, 1, 2, 2, 3, 6, 10, 17, 19, 27, 42, 57, 68"
6642,"1, 1, 1, 1, 1, 1, 5, 5, 7, 17, 21, 25, 45, 57, 68"
6643,"1, 1, 1, 1, 2, 2, 2, 4, 6, 8, 8, 12, 33, 52, 54, 69"
6644,"1, 1, 1, 1, 1, 2, 3, 5, 5, 14, 22, 32, 41, 53, 74"
6645,"1, 1, 1, 3, 5, 9, 13, 15, 15, 32, 32, 64, 65"
6646,"1, 2, 2, 2, 2, 3, 4, 4, 19, 20, 24, 42, 55, 76"
6647,"1, 1, 1, 2, 2, 4, 6, 6, 15, 16, 27, 48, 56, 71"
6648,"1, 1, 2, 2, 3, 6, 8, 21, 26, 28, 40, 46, 72"
6649,"1, 1, 1, 1, 1, 3, 3, 7, 9, 11, 19, 25, 40, 65, 69"
6650,"1, 1, 1, 1, 1, 2, 2, 5, 5, 7, 8, 15, 30, 39, 69, 69"
6651,"1, 1, 1, 1, 2, 3, 5, 6, 8, 14, 18, 27, 47, 56, 66"
6652,"1, 1, 1, 2, 3, 3, 3, 6, 13, 23, 38, 47, 57, 58"
6653,"1, 1, 1, 1, 1, 2, 2, 4, 12, 12, 20, 26, 50, 59, 64"
6654,"1, 1, 1, 1, 1, 3, 4, 4, 6, 6, 11, 16, 17, 45, 53, 86"
6655,"1, 1, 2, 2, 2, 2, 8, 8, 8, 22, 38, 52, 54, 56"
6656,"1, 1, 1, 1, 2, 2, 3, 4, 10, 12, 23, 36, 38, 57, 65"
6657,"1, 1, 1, 1, 2, 2, 4, 4, 6, 15, 16, 29, 47, 56, 71"
6658,"1, 1, 1, 1, 1, 1, 1, 1, 3, 3, 5, 19, 24, 27, 43, 53, 71"
6659,"1, 1, 1, 2, 2, 3, 8, 9, 11, 21, 38, 51, 54, 54"
6660,"1, 1, 1, 3, 5, 5, 9, 15, 18, 29, 45, 54, 70"
6661,"1, 1, 1, 3, 3, 4, 5, 12, 13, 21, 23, 34, 64, 71"
6662,"1, 1, 1, 1, 1, 2, 3, 5, 9, 14, 17, 28, 36, 64, 73"
6663,"1, 1, 1, 2, 2, 2, 2, 8, 10, 12, 13, 20, 49, 50, 83"
6664,"1, 3, 4, 6, 6, 6, 11, 19, 26, 48, 58, 68"
6665,"1, 1, 1, 2, 3, 3, 3, 11, 13, 19, 44, 48, 50, 57"
6666,"1, 1, 1, 1, 3, 3, 5, 6, 11, 21, 37, 52, 57, 57"
6667,"1, 2, 2, 2, 2, 2, 6, 6, 13, 26, 34, 48, 56, 56"
6668,"1, 1, 1, 1, 1, 1, 1, 3, 5, 7, 19, 22, 27, 44, 55, 67"
6669,"1, 1, 1, 1, 2, 2, 2, 4, 9, 9, 24, 37, 53, 54, 56"
6670,"1, 1, 1, 2, 2, 3, 7, 12, 16, 17, 30, 46, 50, 68"
6671,"1, 1, 1, 2, 3, 3, 5, 9, 13, 19, 31, 44, 52, 72"
6672,"1, 1, 2, 2, 3, 3, 8, 9, 11, 15, 28, 53, 54, 66"
6673,"1, 1, 1, 1, 4, 4, 7, 8, 11, 16, 28, 40, 66, 68"
6674,"1, 1, 1, 1, 1, 2, 2, 4, 4, 10, 12, 21, 22, 33, 68, 73"
6675,"1, 1, 1, 3, 3, 4, 4, 8, 13, 18, 23, 49, 60, 68"
6676,"1, 1, 1, 1, 1, 2, 2, 4, 4, 6, 16, 18, 26, 45, 56, 72"
6677,"1, 1, 1, 1, 1, 1, 2, 2, 4, 5, 11, 13, 36, 42, 63, 72"
6678,"1, 1, 1, 1, 1, 2, 4, 7, 8, 16, 18, 30, 40, 59, 67"
6679,"1, 1, 1, 2, 2, 3, 3, 8, 10, 11, 11, 18, 50, 53, 82"
6680,"1, 1, 1, 2, 5, 6, 7, 17, 22, 39, 42, 55, 58"
6681,"1, 1, 1, 1, 2, 3, 3, 8, 9, 11, 21, 23, 35, 68, 69"
6682,"1, 1, 1, 1, 2, 4, 5, 8, 17, 22, 39, 42, 51, 62"
6683,"1, 1, 1, 1, 2, 2, 4, 6, 11, 12, 15, 31, 34, 66, 69"
6684,"1, 1, 2, 2, 3, 3, 3, 9, 15, 24, 37, 46, 52, 58"
6685,"1, 1, 1, 2, 3, 3, 6, 11, 13, 17, 27, 36, 64, 71"
6686,"1, 1, 1, 2, 2, 3, 5, 6, 19, 24, 27, 41, 52, 72"
6687,"1, 1, 1, 1, 1, 3, 3, 7, 9, 10, 16, 21, 45, 51, 86"
6688,"1, 1, 1, 1, 4, 4, 7, 18, 36, 40, 43, 44, 56"
6689,"1, 1, 2, 2, 3, 5, 5, 5, 13, 15, 26, 48, 58, 72"
6690,"1, 1, 1, 2, 3, 7, 7, 11, 11, 16, 29, 35, 66, 66"
6691,"1, 1, 2, 2, 3, 6, 11, 13, 19, 42, 48, 50, 58"
6692,"1, 1, 1, 1, 2, 3, 3, 5, 9, 13, 13, 24, 48, 49, 83"
6693,"1, 1, 1, 1, 1, 1, 2, 2, 3, 5, 8, 8, 9, 36, 53, 53, 71"
6694,"1, 1, 1, 2, 4, 8, 10, 14, 26, 34, 47, 54, 54"
6695,"1, 1, 1, 1, 3, 4, 6, 13, 13, 17, 31, 46, 50, 69"
6696,"1, 1, 1, 2, 2, 3, 3, 4, 7, 10, 27, 32, 36, 57, 70"
6697,"1, 1, 1, 3, 3, 5, 9, 21, 30, 31, 42, 54, 55"
6698,"1, 1, 1, 1, 2, 3, 7, 13, 14, 14, 34, 47, 49, 69"
6699,"1, 1, 1, 2, 2, 4, 6, 11, 16, 19, 28, 42, 51, 72"
6700,"1, 1, 1, 1, 3, 4, 4, 4, 6, 11, 16, 28, 41, 66, 69"
6701,"1, 1, 1, 1, 1, 3, 5, 9, 9, 10, 16, 21, 45, 51, 82"
6702,"1, 1, 1, 2, 3, 3, 5, 9, 16, 22, 39, 40, 52, 62"
6703,"1, 1, 1, 3, 4, 6, 8, 20, 29, 31, 42, 52, 58"
6704,"1, 1, 1, 1, 2, 2, 3, 9, 9, 10, 15, 31, 51, 52, 68"
6705,"1, 1, 1, 1, 2, 2, 4, 5, 7, 17, 20, 29, 42, 56, 68"
6706,"1, 1, 1, 1, 1, 1, 1, 1, 2, 5, 7, 11, 16, 28, 51, 55, 73"
6707,"1, 1, 1, 2, 3, 3, 6, 11, 13, 13, 24, 48, 49, 81"
6708,"1, 2, 2, 4, 4, 6, 10, 20, 21, 26, 40, 50, 70"
6709,"1, 1, 1, 1, 2, 2, 3, 7, 10, 11, 21, 35, 36, 55, 70"
6710,"1, 1, 1, 2, 2, 3, 3, 5, 9, 9, 10, 33, 52, 53, 72"
6711,"1, 1, 2, 2, 3, 4, 7, 8, 13, 20, 25, 48, 54, 68"
6712,"1, 1, 1, 1, 1, 2, 3, 4, 4, 16, 19, 32, 43, 56, 72"
6713,"1, 1, 1, 1, 5, 5, 11, 13, 29, 30, 35, 62, 62"
6714,"1, 1, 1, 3, 3, 4, 9, 10, 12, 21, 23, 34, 66, 68"
6715,"1, 1, 1, 1, 4, 5, 7, 10, 14, 20, 27, 47, 52, 66"
6716,"1, 1, 1, 1, 1, 2, 2, 6, 8, 14, 24, 37, 48, 53, 57"
6717,"1, 1, 1, 1, 2, 3, 4, 7, 10, 15, 15, 16, 45, 53, 82"
6718,"1, 1, 1, 2, 2, 2, 4, 8, 19, 28, 32, 44, 54, 58"
6719,"1, 1, 1, 1, 1, 2, 3, 3, 8, 16, 24, 39, 43, 53, 60"
6720,"1, 1, 1, 2, 3, 3, 5, 9, 15, 25, 37, 46, 52, 56"
6721,"1, 1, 1, 1, 2, 3, 4, 5, 6, 15, 18, 27, 48, 52, 72"
6722,"1, 1, 1, 1, 1, 1, 1, 2, 3, 5, 7, 9, 16, 21, 45, 55, 86"
6723,"1, 1, 1, 1, 2, 2, 3, 7, 8, 15, 19, 32, 38, 57, 69"
6724,"1, 1, 1, 1, 3, 4, 4, 6, 6, 14, 15, 29, 47, 54, 70"
6725,"1, 1, 1, 2, 3, 4, 5, 6, 13, 18, 26, 48, 58, 70"
6726,"1, 1, 1, 1, 1, 1, 2, 7, 9, 15, 17, 30, 48, 51, 71"
6727,"1, 1, 1, 2, 3, 4, 6, 11, 15, 22, 30, 40, 50, 70"
6728,"1, 1, 2, 3, 5, 5, 6, 16, 21, 29, 42, 55, 70"
6729,"1, 1, 1, 1, 2, 3, 4, 9, 14, 24, 35, 46, 52, 63"
6730,"1, 2, 2, 2, 4, 8, 10, 14, 17, 32, 46, 50, 68"
6731,"1, 1, 2, 2, 2, 3, 4, 9, 12, 26, 35, 35, 58, 66"
6732,"1, 2, 2, 3, 3, 4, 7, 14, 15, 32, 42, 61, 70"
6733,"1, 1, 2, 2, 3, 4, 6, 10, 15, 15, 30, 46, 52, 69"
6734,"1, 1, 1, 1, 2, 2, 3, 6, 9, 16, 19, 26, 46, 55, 68"
6735,"1, 1, 1, 2, 2, 3, 4, 4, 9, 16, 16, 29, 44, 52, 72"
6736,"1, 1, 1, 1, 2, 3, 3, 5, 6, 17, 18, 28, 44, 55, 71"
6737,"1, 1, 1, 1, 2, 3, 7, 7, 7, 10, 15, 19, 47, 54, 81"
6738,"1, 1, 2, 2, 3, 3, 3, 11, 14, 15, 32, 42, 62, 65"
6739,"1, 1, 4, 5, 6, 11, 17, 18, 26, 42, 61, 64"
6740,"1, 1, 1, 1, 2, 2, 3, 5, 8, 9, 17, 36, 37, 61, 72"
6741,"1, 1, 1, 1, 1, 2, 3, 7, 11, 11, 16, 29, 50, 56, 66"
6742,"1, 1, 1, 1, 2, 3, 5, 7, 9, 9, 20, 25, 37, 66, 69"
6743,"1, 1, 1, 1, 2, 2, 2, 3, 4, 10, 24, 37, 44, 57, 67"
6744,"1, 1, 1, 1, 1, 1, 2, 5, 5, 7, 11, 14, 35, 35, 62, 74"
6745,"1, 1, 1, 1, 1, 3, 3, 5, 5, 7, 19, 27, 41, 70, 71"
6746,"1, 1, 1, 1, 2, 2, 2, 6, 13, 14, 21, 25, 32, 64, 71"
6747,"1, 1, 2, 3, 3, 7, 11, 13, 18, 44, 50, 50, 53"
6748,"1, 1, 2, 2, 2, 4, 6, 9, 10, 15, 30, 38, 66, 70"
6749,"1, 1, 1, 1, 2, 3, 6, 8, 8, 11, 17, 18, 43, 54, 82"
6750,"1, 1, 1, 2, 2, 3, 8, 10, 11, 23, 37, 51, 52, 54"
6751,"1, 1, 1, 2, 4, 4, 4, 8, 21, 21, 26, 40, 55, 68"
6752,"1, 1, 1, 1, 3, 3, 7, 11, 13, 17, 27, 49, 56, 66"
6753,"1, 1, 1, 1, 2, 4, 8, 11, 14, 15, 36, 47, 48, 67"
6754,"1, 1, 1, 1, 1, 2, 3, 9, 9, 20, 22, 23, 41, 54, 68"
6755,"1, 1, 2, 2, 3, 4, 4, 6, 15, 21, 40, 42, 54, 61"
6756,"1, 1, 1, 2, 3, 5, 6, 12, 14, 17, 17, 44, 56, 77"
6757,"1, 1, 1, 1, 2, 2, 3, 9, 10, 10, 14, 33, 50, 51, 68"
6758,"1, 1, 1, 2, 3, 3, 5, 7, 15, 27, 34, 48, 53, 56"
6759,"1, 1, 1, 2, 2, 2, 5, 6, 9, 14, 15, 19, 42, 56, 81"
6760,"1, 1, 2, 4, 5, 5, 12, 14, 15, 30, 48, 50, 69"
6761,"1, 1, 1, 1, 2, 2, 3, 3, 3, 3, 16, 20, 28, 42, 57, 73"
6762,"1, 1, 1, 1, 1, 3, 3, 3, 9, 20, 25, 37, 39, 52, 60"
6763,"1, 1, 1, 2, 6, 16, 30, 94, 105"
6764,"1, 1, 1, 1, 1, 3, 3, 9, 9, 15, 15, 16, 45, 52, 84"
6765,"1, 1, 1, 2, 2, 2, 6, 6, 18, 19, 41, 42, 56, 59"
6766,"1, 1, 1, 1, 3, 3, 5, 5, 7, 12, 15, 31, 47, 54, 70"
6767,"1, 1, 1, 1, 2, 2, 4, 4, 8, 16, 26, 35, 45, 52, 58"
6768,"1, 1, 1, 1, 1, 3, 4, 5, 6, 10, 13, 37, 41, 63, 69"
6769,"1, 1, 1, 1, 2, 3, 4, 5, 27, 28, 31, 42, 50, 60"
6770,"1, 1, 1, 1, 1, 2, 4, 5, 6, 12, 19, 28, 48, 57, 70"
6771,"1, 1, 1, 1, 1, 2, 2, 3, 5, 6, 18, 22, 24, 43, 55, 71"
6772,"1, 1, 1, 1, 1, 2, 2, 3, 6, 6, 13, 15, 31, 39, 64, 70"
6773,"1, 1, 1, 1, 1, 3, 4, 7, 8, 17, 19, 27, 45, 53, 68"
6774,"1, 1, 1, 1, 2, 3, 5, 7, 7, 15, 19, 27, 45, 52, 70"
6775,"1, 1, 1, 1, 1, 2, 2, 2, 6, 8, 14, 14, 30, 48, 53, 72"
6776,"1, 1, 1, 2, 3, 4, 4, 4, 18, 19, 27, 44, 57, 71"
6777,"1, 1, 1, 1, 1, 3, 5, 9, 22, 25, 36, 38, 56, 57"
6778,"1, 1, 1, 1, 2, 3, 5, 5, 10, 22, 39, 50, 58, 58"
6779,"1, 1, 1, 1, 2, 2, 2, 8, 8, 15, 19, 26, 47, 53, 70"
6780,"1, 2, 2, 4, 4, 8, 8, 9, 26, 34, 38, 52, 68"
6781,"1, 1, 1, 2, 2, 3, 8, 11, 11, 23, 24, 33, 66, 70"
6782,"1, 1, 1, 1, 1, 2, 2, 2, 7, 8, 12, 16, 29, 39, 65, 69"
6783,"1, 1, 2, 2, 2, 4, 8, 8, 11, 16, 29, 52, 54, 66"
6784,"1, 1, 1, 1, 1, 3, 5, 15, 17, 21, 26, 29, 60, 75"
6785,"1, 1, 1, 1, 1, 2, 2, 4, 5, 8, 9, 20, 24, 37, 67, 73"
6786,"1, 1, 1, 1, 1, 3, 5, 7, 11, 11, 11, 23, 47, 51, 82"
6787,"1, 1, 1, 1, 2, 3, 3, 7, 9, 16, 19, 27, 44, 52, 70"
6788,"1, 1, 1, 1, 2, 2, 2, 8, 8, 14, 19, 33, 38, 57, 69"
6789,"1, 1, 2, 2, 2, 9, 10, 16, 20, 27, 52, 52, 62"
6790,"1, 1, 1, 2, 2, 3, 6, 9, 16, 17, 30, 41, 59, 68"
6791,"1, 1, 1, 1, 2, 3, 7, 8, 21, 23, 24, 41, 53, 70"
6792,"1, 1, 1, 1, 1, 2, 2, 7, 8, 15, 16, 29, 47, 54, 71"
6793,"1, 1, 1, 2, 2, 2, 2, 2, 8, 16, 20, 38, 42, 59, 60"
6794,"1, 1, 1, 1, 2, 3, 3, 5, 7, 11, 20, 41, 52, 53, 55"
6795,"1, 1, 1, 1, 1, 2, 3, 6, 8, 14, 15, 31, 47, 53, 72"
6796,"1, 1, 1, 1, 2, 2, 3, 5, 5, 6, 7, 10, 34, 52, 55, 71"
6797,"1, 1, 1, 1, 3, 5, 5, 7, 13, 18, 19, 44, 57, 81"
6798,"1, 1, 2, 3, 3, 9, 34, 98, 105"
6799,"1, 1, 1, 1, 1, 3, 4, 4, 7, 18, 25, 37, 44, 54, 55"
6800,"1, 1, 1, 2, 2, 2, 2, 4, 10, 17, 18, 28, 41, 59, 68"
6801,"1, 1, 1, 2, 3, 4, 13, 14, 28, 44, 46, 49, 50"
6802,"1, 1, 1, 2, 4, 8, 8, 13, 30, 30, 34, 52, 72"
6803,"1, 1, 1, 1, 1, 2, 2, 3, 3, 8, 10, 23, 36, 38, 57, 69"
6804,"1, 1, 1, 2, 2, 3, 4, 4, 7, 8, 15, 28, 38, 70, 72"
6805,"1, 1, 1, 1, 1, 3, 4, 6, 11, 11, 19, 19, 44, 49, 85"
6806,"1, 1, 1, 1, 2, 2, 2, 6, 6, 18, 30, 31, 44, 55, 56"
6807,"1, 1, 1, 2, 3, 4, 11, 16, 30, 44, 46, 48, 49"
6808,"1, 1, 2, 3, 3, 3, 7, 8, 9, 15, 21, 46, 53, 84"
6809,"1, 1, 1, 1, 1, 2, 3, 3, 7, 20, 21, 23, 42, 56, 74"
6810,"1, 1, 1, 2, 3, 3, 5, 9, 9, 23, 37, 38, 58, 66"
6811,"1, 1, 1, 1, 2, 3, 6, 6, 7, 10, 13, 19, 47, 56, 83"
6812,"1, 1, 1, 1, 2, 3, 3, 3, 11, 13, 21, 24, 49, 57, 66"
6813,"1, 1, 1, 2, 2, 2, 3, 3, 7, 12, 18, 42, 44, 54, 64"
6814,"1, 1, 1, 1, 1, 2, 3, 6, 7, 11, 25, 36, 51, 55, 55"
6815,"1, 1, 1, 1, 1, 1, 3, 8, 12, 13, 19, 27, 49, 56, 63"
6816,"1, 1, 1, 3, 4, 11, 14, 15, 15, 31, 46, 48, 66"
6817,"1, 1, 1, 1, 1, 1, 2, 2, 6, 11, 12, 20, 25, 50, 55, 67"
6818,"1, 1, 1, 1, 2, 2, 4, 4, 5, 11, 22, 39, 50, 55, 58"
6819,"1, 1, 1, 2, 3, 3, 7, 11, 18, 18, 29, 42, 50, 70"
6820,"1, 1, 1, 1, 1, 4, 4, 8, 15, 24, 37, 47, 52, 60"
6821,"1, 1, 1, 3, 4, 4, 6, 9, 10, 19, 25, 38, 65, 70"
6822,"1, 1, 3, 3, 4, 7, 9, 9, 20, 27, 50, 54, 68"
6823,"1, 1, 1, 1, 1, 2, 3, 3, 3, 11, 12, 15, 30, 34, 65, 73"
6824,"1, 1, 1, 1, 1, 1, 2, 2, 3, 3, 22, 23, 37, 43, 55, 60"
6825,"1, 1, 1, 1, 2, 2, 6, 6, 10, 11, 15, 31, 34, 67, 68"
6826,"1, 1, 1, 1, 2, 3, 4, 6, 6, 11, 14, 36, 39, 61, 70"
6827,"1, 1, 2, 2, 2, 3, 4, 8, 18, 19, 26, 44, 58, 68"
6828,"1, 1, 2, 2, 2, 3, 4, 9, 15, 23, 38, 46, 52, 58"
6829,"1, 1, 1, 1, 2, 6, 7, 9, 12, 18, 20, 42, 56, 80"
6830,"1, 1, 1, 2, 2, 2, 3, 5, 10, 13, 18, 43, 47, 52, 56"
6831,"1, 1, 1, 1, 2, 2, 2, 6, 7, 14, 19, 27, 54, 55, 64"
6832,"1, 1, 2, 3, 6, 10, 24, 99, 110"
6833,"1, 1, 2, 2, 3, 4, 6, 8, 20, 20, 26, 39, 54, 70"
6834,"1, 1, 1, 2, 2, 2, 3, 9, 26, 26, 36, 36, 51, 60"
6835,"1, 1, 1, 1, 1, 2, 2, 8, 10, 11, 16, 30, 51, 53, 68"
6836,"1, 1, 1, 1, 1, 2, 4, 5, 6, 17, 23, 28, 42, 55, 69"
6837,"1, 1, 1, 2, 2, 3, 4, 4, 5, 12, 20, 26, 33, 70, 72"
6838,"1, 1, 1, 2, 6, 8, 11, 11, 16, 31, 48, 52, 68"
6839,"1, 1, 1, 1, 4, 4, 5, 9, 17, 17, 28, 46, 50, 72"
6840,"1, 2, 2, 3, 4, 5, 8, 13, 28, 34, 48, 52, 56"
6841,"1, 1, 1, 1, 1, 3, 4, 6, 7, 9, 17, 22, 45, 53, 85"
6842,"1, 1, 2, 3, 4, 12, 28, 95, 110"
6843,"1, 1, 1, 1, 2, 3, 7, 9, 14, 21, 32, 38, 58, 68"
6844,"1, 1, 1, 1, 1, 2, 3, 3, 5, 11, 11, 14, 15, 25, 81, 81"
6845,"1, 1, 1, 1, 2, 2, 4, 8, 10, 11, 15, 19, 46, 51, 84"
6846,"1, 1, 1, 1, 2, 2, 3, 5, 9, 13, 20, 25, 48, 59, 66"
6847,"1, 1, 1, 1, 1, 3, 7, 13, 17, 21, 26, 33, 56, 75"
6848,"1, 1, 1, 2, 4, 4, 5, 8, 9, 19, 24, 36, 68, 74"
6849,"1, 1, 1, 1, 3, 3, 7, 9, 13, 19, 25, 38, 63, 72"
6850,"1, 1, 1, 2, 2, 3, 3, 3, 7, 11, 13, 32, 42, 67, 68"
6851,"1, 1, 1, 5, 5, 7, 9, 11, 19, 24, 40, 65, 68"
6852,"1, 1, 1, 1, 1, 4, 5, 7, 10, 10, 18, 21, 43, 50, 83"
6853,"1, 1, 1, 1, 1, 3, 5, 11, 13, 29, 30, 33, 59, 68"
6854,"1, 1, 1, 2, 2, 2, 5, 5, 6, 12, 16, 30, 48, 53, 72"
6855,"1, 1, 1, 1, 2, 2, 4, 13, 13, 18, 46, 48, 48, 58"
6856,"1, 1, 1, 3, 3, 5, 5, 7, 9, 23, 37, 39, 56, 66"
6857,"1, 1, 1, 1, 2, 3, 3, 5, 9, 13, 15, 30, 48, 49, 75"
6858,"1, 1, 1, 1, 1, 2, 2, 2, 3, 3, 6, 13, 14, 17, 46, 56, 87"
6859,"1, 1, 1, 2, 2, 2, 4, 4, 6, 15, 20, 30, 42, 56, 70"
6860,"1, 1, 1, 2, 2, 4, 8, 10, 12, 16, 17, 45, 55, 82"
6861,"1, 1, 1, 1, 1, 2, 5, 5, 6, 15, 20, 39, 41, 58, 60"
6862,"1, 1, 1, 1, 2, 2, 2, 2, 5, 7, 8, 8, 23, 54, 54, 85"
6863,"1, 1, 1, 1, 1, 1, 3, 3, 5, 11, 11, 12, 35, 49, 50, 71"
6864,"1, 1, 1, 1, 1, 3, 8, 8, 14, 25, 35, 47, 55, 56"
6865,"1, 1, 1, 1, 1, 2, 2, 3, 4, 21, 23, 26, 46, 51, 73"
6866,"1, 1, 1, 1, 4, 6, 6, 12, 14, 16, 17, 46, 54, 77"
6867,"1, 1, 1, 2, 3, 5, 7, 9, 14, 18, 29, 46, 54, 66"
6868,"1, 1, 2, 2, 2, 2, 5, 11, 13, 22, 34, 38, 60, 63"
6869,"1, 1, 1, 2, 5, 17, 21, 77, 131"
6870,"1, 1, 2, 2, 6, 6, 8, 15, 16, 30, 46, 58, 65"
6871,"1, 1, 1, 1, 2, 2, 3, 5, 6, 10, 19, 36, 39, 58, 72"
6872,"1, 1, 3, 3, 7, 7, 9, 19, 43, 54, 109"
6873,"1, 1, 1, 1, 1, 2, 2, 2, 4, 6, 18, 22, 27, 42, 55, 71"
6874,"1, 1, 1, 3, 3, 5, 12, 12, 13, 32, 50, 51, 72"
6875,"1, 1, 1, 1, 2, 2, 4, 6, 9, 10, 15, 23, 47, 52, 82"
6876,"1, 1, 1, 1, 1, 1, 3, 4, 6, 7, 12, 15, 30, 49, 55, 69"
6877,"1, 1, 1, 2, 2, 3, 3, 3, 9, 13, 20, 25, 34, 67, 72"
6878,"1, 1, 1, 2, 2, 4, 4, 4, 20, 25, 25, 44, 51, 72"
6879,"1, 1, 1, 1, 1, 1, 4, 4, 5, 5, 13, 17, 29, 49, 53, 71"
6880,"1, 1, 1, 3, 4, 8, 13, 13, 14, 34, 47, 50, 67"
6881,"1, 1, 1, 2, 2, 3, 5, 9, 22, 24, 25, 42, 51, 68"
6882,"1, 1, 2, 4, 4, 12, 25, 96, 111"
6883,"1, 1, 1, 2, 2, 6, 6, 8, 8, 13, 22, 48, 57, 81"
6884,"1, 1, 1, 1, 2, 3, 5, 7, 7, 8, 17, 22, 43, 54, 84"
6885,"1, 1, 1, 1, 4, 5, 7, 12, 12, 13, 19, 49, 52, 79"
6886,"1, 1, 1, 1, 3, 3, 3, 6, 9, 11, 17, 27, 40, 66, 67"
6887,"1, 1, 1, 2, 3, 3, 4, 6, 13, 20, 40, 42, 54, 66"
6888,"1, 1, 1, 1, 1, 3, 3, 4, 6, 18, 27, 33, 44, 53, 60"
6889,"1, 1, 1, 1, 3, 5, 7, 9, 17, 17, 30, 45, 52, 67"
6890,"1, 1, 1, 1, 1, 4, 4, 7, 10, 10, 13, 23, 49, 50, 81"
6891,"1, 1, 1, 1, 1, 2, 3, 8, 11, 13, 20, 25, 38, 65, 66"
6892,"1, 1, 1, 1, 1, 1, 2, 3, 5, 7, 11, 13, 17, 29, 81, 82"
6893,"1, 1, 1, 1, 1, 2, 3, 3, 4, 6, 12, 18, 29, 48, 57, 69"
6894,"1, 1, 1, 1, 2, 3, 8, 9, 13, 14, 34, 49, 52, 68"
6895,"1, 1, 1, 1, 1, 2, 3, 7, 8, 14, 17, 20, 40, 54, 86"
6896,"1, 1, 1, 1, 1, 2, 2, 3, 6, 25, 29, 33, 44, 52, 55"
6897,"1, 1, 1, 1, 2, 2, 4, 4, 10, 13, 16, 29, 42, 65, 65"
6898,"1, 1, 1, 1, 2, 3, 7, 8, 15, 21, 32, 38, 57, 69"
6899,"1, 1, 1, 1, 2, 3, 3, 5, 9, 9, 17, 45, 51, 52, 56"
6900,"1, 1, 1, 1, 1, 2, 3, 4, 4, 9, 9, 16, 29, 37, 66, 72"
6901,"1, 1, 1, 1, 1, 2, 3, 6, 8, 17, 18, 27, 42, 59, 69"
6902,"1, 1, 1, 1, 1, 1, 2, 2, 5, 6, 16, 27, 34, 45, 56, 57"
6903,"1, 1, 1, 1, 2, 2, 3, 6, 8, 12, 23, 37, 50, 54, 55"
6904,"1, 1, 2, 3, 7, 7, 9, 9, 26, 36, 37, 50, 68"
6905,"1, 1, 1, 1, 1, 2, 4, 6, 6, 12, 22, 37, 49, 56, 57"
6906,"1, 2, 2, 3, 3, 9, 10, 11, 19, 26, 38, 64, 68"
6907,"1, 1, 1, 1, 1, 1, 4, 4, 6, 8, 9, 18, 21, 44, 50, 86"
6908,"1, 1, 1, 1, 2, 3, 7, 11, 15, 22, 39, 48, 49, 56"
6909,"1, 1, 1, 1, 2, 2, 3, 8, 11, 11, 13, 32, 50, 51, 69"
6910,"1, 1, 1, 1, 2, 2, 2, 4, 8, 16, 19, 31, 43, 50, 75"
6911,"1, 1, 1, 2, 2, 4, 8, 8, 14, 19, 31, 38, 60, 67"
6912,"1, 1, 1, 1, 2, 4, 4, 5, 9, 10, 15, 20, 47, 48, 88"
6913,"1, 1, 1, 2, 4, 6, 6, 6, 9, 17, 30, 52, 52, 69"
6914,"1, 1, 1, 1, 2, 4, 8, 8, 15, 19, 27, 46, 55, 68"
6915,"1, 1, 1, 1, 2, 2, 4, 5, 5, 15, 21, 31, 41, 56, 70"
6916,"1, 1, 1, 1, 2, 3, 9, 9, 11, 16, 32, 52, 52, 66"
6917,"1, 1, 1, 1, 2, 2, 2, 4, 8, 20, 21, 24, 42, 53, 74"
6918,"1, 1, 1, 1, 1, 1, 1, 5, 6, 22, 24, 26, 42, 51, 73"
6919,"1, 1, 2, 3, 3, 3, 4, 9, 9, 15, 43, 52, 53, 58"
6920,"1, 1, 1, 1, 1, 2, 2, 3, 5, 5, 18, 20, 25, 43, 54, 74"
6921,"1, 1, 1, 1, 2, 2, 2, 3, 4, 19, 22, 40, 42, 57, 59"
6922,"1, 1, 1, 1, 1, 1, 3, 4, 14, 15, 17, 45, 45, 47, 60"
6923,"1, 1, 1, 1, 2, 2, 3, 3, 5, 13, 23, 38, 47, 56, 60"
6924,"1, 1, 2, 2, 3, 4, 6, 10, 11, 12, 18, 48, 56, 82"
6925,"1, 1, 1, 1, 2, 6, 6, 9, 10, 18, 22, 43, 52, 84"
6926,"1, 1, 1, 1, 1, 2, 2, 4, 8, 8, 9, 12, 21, 52, 54, 79"
6927,"1, 1, 1, 2, 2, 2, 2, 6, 12, 12, 16, 28, 50, 55, 66"
6928,"1, 1, 1, 1, 1, 2, 2, 5, 6, 18, 28, 32, 43, 57, 58"
6929,"1, 1, 1, 1, 3, 3, 4, 6, 14, 28, 44, 47, 49, 54"
6930,"1, 1, 1, 1, 2, 4, 6, 7, 23, 24, 24, 38, 53, 71"
6931,"1, 1, 1, 1, 2, 9, 12, 15, 31, 38, 47, 48, 50"
6932,"1, 2, 2, 3, 3, 6, 11, 13, 16, 43, 50, 50, 56"
6933,"1, 1, 2, 2, 2, 2, 3, 6, 7, 7, 14, 30, 55, 56, 68"
6934,"1, 2, 2, 2, 2, 5, 5, 11, 12, 14, 30, 34, 66, 70"
6935,"1, 1, 1, 1, 2, 3, 5, 6, 7, 8, 22, 24, 39, 65, 71"
6936,"1, 1, 2, 2, 2, 2, 3, 5, 8, 10, 17, 35, 38, 58, 72"
6937,"1, 1, 1, 1, 2, 4, 5, 9, 11, 20, 26, 29, 65, 81"
6938,"1, 1, 1, 1, 1, 2, 4, 7, 8, 18, 22, 24, 43, 56, 67"
6939,"1, 1, 1, 1, 2, 3, 7, 11, 17, 22, 25, 44, 55, 66"
6940,"1, 2, 2, 3, 3, 9, 9, 11, 18, 28, 36, 66, 68"
6941,"1, 1, 1, 1, 1, 1, 1, 4, 5, 6, 16, 27, 35, 45, 53, 58"
6942,"1, 1, 1, 2, 2, 4, 5, 9, 15, 20, 24, 47, 60, 65"
6943,"1, 1, 1, 1, 2, 2, 2, 4, 9, 9, 20, 40, 52, 54, 58"
6944,"1, 1, 1, 1, 1, 1, 2, 5, 6, 16, 21, 42, 42, 56, 60"
6945,"1, 1, 1, 3, 4, 5, 12, 12, 22, 32, 35, 56, 72"
6946,"1, 1, 1, 1, 1, 2, 6, 6, 8, 18, 19, 28, 43, 54, 67"
6947,"1, 1, 1, 1, 1, 2, 3, 5, 7, 11, 17, 28, 51, 55, 72"
6948,"1, 1, 1, 2, 2, 2, 2, 2, 5, 14, 22, 42, 44, 54, 62"
6949,"1, 1, 1, 1, 1, 1, 3, 3, 15, 16, 17, 45, 45, 46, 60"
6950,"1, 1, 1, 1, 1, 1, 3, 3, 7, 9, 10, 13, 33, 51, 52, 69"
6951,"1, 1, 1, 1, 2, 4, 6, 12, 14, 19, 44, 48, 49, 54"
6952,"1, 1, 1, 2, 5, 5, 11, 11, 24, 37, 48, 52, 58"
6953,"1, 1, 2, 2, 3, 3, 3, 4, 14, 21, 31, 42, 57, 72"
6954,"1, 1, 1, 1, 3, 9, 11, 11, 20, 41, 52, 52, 53"
6955,"1, 1, 1, 2, 4, 6, 6, 9, 10, 16, 29, 38, 64, 69"
6956,"1, 1, 2, 3, 3, 3, 4, 9, 10, 23, 36, 37, 58, 66"
6957,"1, 1, 1, 2, 2, 5, 13, 14, 17, 33, 44, 61, 62"
6958,"1, 1, 3, 4, 6, 13, 14, 19, 28, 42, 62, 63"
6959,"1, 1, 1, 2, 4, 4, 5, 10, 10, 18, 28, 42, 65, 65"
6960,"1, 1, 1, 1, 1, 3, 9, 9, 16, 20, 31, 38, 57, 68"
6961,"1, 1, 1, 2, 3, 3, 3, 10, 19, 25, 35, 43, 52, 58"
6962,"1, 1, 1, 1, 1, 3, 5, 7, 7, 13, 17, 20, 42, 53, 84"
6963,"1, 1, 1, 1, 1, 2, 3, 7, 10, 15, 20, 25, 51, 56, 62"
6964,"1, 1, 2, 2, 2, 3, 9, 9, 10, 18, 28, 38, 66, 67"
6965,"1, 1, 1, 2, 2, 4, 4, 6, 11, 20, 27, 29, 62, 86"
6966,"1, 1, 1, 2, 4, 5, 10, 16, 19, 24, 41, 62, 70"
6967,"1, 1, 1, 2, 3, 5, 7, 8, 14, 16, 31, 45, 54, 68"
6968,"1, 1, 1, 1, 2, 3, 4, 7, 8, 9, 17, 28, 39, 67, 68"
6969,"1, 1, 2, 2, 4, 4, 4, 6, 11, 14, 32, 49, 56, 70"
6970,"1, 1, 1, 1, 1, 2, 4, 6, 11, 12, 13, 34, 49, 50, 70"
6971,"1, 1, 1, 2, 2, 4, 7, 10, 14, 18, 19, 41, 56, 80"
6972,"1, 1, 2, 2, 2, 7, 14, 19, 24, 38, 42, 48, 56"
6973,"1, 1, 2, 2, 3, 4, 9, 20, 22, 24, 42, 52, 74"
6974,"1, 1, 1, 2, 2, 2, 3, 4, 6, 13, 19, 31, 42, 57, 72"
6975,"1, 1, 1, 3, 3, 3, 5, 9, 15, 17, 29, 46, 51, 72"
6976,"1, 1, 2, 3, 4, 6, 12, 21, 24, 26, 36, 48, 72"
6977,"1, 1, 1, 2, 2, 3, 4, 4, 4, 15, 21, 29, 40, 55, 74"
6978,"1, 1, 1, 1, 1, 1, 2, 5, 5, 7, 16, 20, 25, 45, 58, 67"
6979,"1, 1, 2, 2, 2, 3, 6, 7, 15, 21, 40, 42, 54, 60"
6980,"1, 1, 1, 1, 2, 3, 4, 6, 10, 11, 21, 23, 35, 65, 72"
6981,"1, 1, 1, 2, 3, 3, 7, 9, 9, 17, 27, 52, 54, 70"
6982,"1, 1, 1, 1, 3, 4, 4, 7, 19, 27, 33, 44, 55, 56"
6983,"1, 1, 2, 2, 2, 3, 4, 9, 10, 23, 36, 52, 54, 57"
6984,"1, 1, 2, 2, 3, 5, 7, 9, 11, 18, 27, 36, 66, 68"
6985,"1, 1, 1, 1, 1, 2, 2, 3, 4, 15, 22, 30, 45, 57, 71"
6986,"1, 1, 1, 1, 2, 2, 5, 7, 8, 9, 17, 28, 39, 66, 69"
6987,"1, 1, 1, 1, 2, 4, 4, 6, 8, 10, 11, 20, 48, 57, 82"
6988,"1, 1, 1, 1, 1, 2, 2, 4, 5, 5, 13, 16, 29, 49, 56, 70"
6989,"1, 1, 1, 1, 1, 2, 3, 6, 7, 12, 27, 34, 50, 55, 55"
6990,"1, 1, 1, 1, 1, 4, 4, 5, 11, 11, 16, 31, 35, 63, 71"
6991,"1, 1, 1, 1, 1, 1, 1, 4, 7, 8, 13, 18, 33, 40, 59, 67"
6992,"1, 1, 1, 1, 3, 5, 5, 11, 15, 23, 24, 47, 55, 64"
6993,"1, 1, 1, 1, 2, 4, 4, 4, 6, 9, 18, 43, 53, 54, 55"
6994,"1, 1, 1, 2, 2, 2, 6, 8, 18, 28, 32, 43, 54, 58"
6995,"1, 1, 1, 1, 2, 2, 3, 5, 7, 7, 21, 38, 54, 56, 57"
6996,"1, 1, 1, 1, 1, 4, 9, 12, 15, 22, 31, 38, 56, 64"
6997,"1, 1, 2, 2, 2, 2, 3, 3, 4, 11, 24, 36, 50, 57, 58"
6998,"1, 1, 1, 1, 2, 2, 2, 6, 9, 9, 18, 42, 53, 53, 56"
6999,"1, 1, 1, 1, 1, 2, 2, 4, 4, 6, 12, 14, 28, 50, 55, 74"
7000,"1, 1, 1, 1, 1, 1, 3, 3, 4, 9, 9, 16, 37, 37, 59, 73"
7001,"1, 2, 2, 2, 2, 2, 4, 8, 15, 24, 36, 46, 54, 58"
7002,"1, 2, 2, 4, 4, 6, 10, 12, 18, 19, 44, 50, 84"
7003,"1, 1, 1, 2, 2, 6, 6, 20, 23, 40, 40, 56, 58"
7004,"1, 1, 2, 3, 4, 5, 11, 11, 22, 36, 39, 57, 64"
7005,"1, 1, 1, 1, 2, 3, 3, 4, 6, 13, 24, 27, 33, 58, 79"
7006,"1, 1, 2, 2, 3, 8, 10, 13, 21, 30, 38, 57, 70"
7007,"1, 1, 1, 1, 1, 2, 3, 3, 5, 18, 30, 32, 43, 55, 60"
7008,"1, 1, 1, 1, 1, 3, 3, 3, 3, 21, 23, 37, 41, 57, 60"
7009,"1, 1, 1, 1, 3, 3, 3, 7, 9, 10, 17, 27, 52, 54, 67"
7010,"1, 1, 1, 2, 2, 5, 6, 13, 16, 22, 24, 30, 61, 72"
7011,"1, 1, 2, 2, 2, 5, 5, 6, 14, 26, 34, 48, 54, 56"
7012,"1, 1, 1, 1, 1, 1, 2, 3, 6, 9, 9, 12, 35, 50, 53, 71"
7013,"1, 1, 1, 1, 1, 2, 2, 2, 4, 6, 11, 19, 43, 51, 54, 57"
7014,"1, 1, 1, 1, 2, 2, 3, 5, 7, 17, 28, 33, 43, 54, 58"
7015,"1, 1, 2, 2, 2, 4, 4, 6, 13, 22, 26, 48, 53, 72"
7016,"1, 1, 2, 2, 4, 4, 4, 8, 15, 18, 26, 48, 55, 68"
7017,"1, 1, 1, 1, 1, 2, 4, 7, 12, 12, 16, 18, 45, 55, 80"
7018,"1, 1, 1, 1, 1, 2, 2, 2, 6, 8, 14, 15, 31, 40, 62, 69"
7019,"1, 1, 1, 3, 3, 4, 5, 12, 13, 21, 23, 34, 64, 71"
7020,"1, 1, 1, 2, 6, 10, 10, 12, 17, 21, 46, 56, 73"
7021,"1, 1, 1, 1, 1, 2, 2, 7, 8, 20, 20, 24, 42, 56, 70"
7022,"1, 1, 1, 3, 3, 5, 5, 7, 9, 15, 35, 40, 61, 70"
7023,"1, 1, 1, 1, 3, 3, 7, 11, 20, 21, 26, 42, 49, 70"
7024,"1, 1, 1, 1, 4, 5, 6, 9, 15, 17, 31, 46, 50, 69"
7025,"1, 1, 1, 1, 2, 2, 3, 4, 12, 13, 16, 20, 42, 58, 80"
7026,"1, 1, 1, 1, 1, 1, 2, 3, 5, 8, 11, 21, 23, 34, 69, 74"
7027,"1, 1, 1, 1, 2, 3, 4, 8, 9, 9, 19, 27, 36, 67, 68"
7028,"1, 1, 1, 2, 2, 2, 4, 6, 6, 14, 18, 28, 46, 57, 68"
7029,"1, 1, 1, 2, 3, 3, 8, 9, 9, 20, 35, 36, 58, 70"
7030,"1, 1, 2, 2, 2, 4, 8, 10, 11, 20, 24, 49, 54, 68"
7031,"1, 1, 1, 1, 2, 2, 4, 6, 8, 13, 19, 34, 39, 57, 68"
7032,"1, 1, 1, 1, 2, 2, 2, 4, 4, 4, 13, 14, 30, 49, 56, 72"
7033,"1, 1, 1, 1, 1, 1, 2, 4, 8, 9, 11, 12, 21, 51, 53, 79"
7034,"1, 1, 1, 1, 1, 2, 5, 9, 9, 31, 36, 42, 47, 70"
7035,"1, 1, 1, 1, 2, 2, 3, 3, 7, 14, 15, 32, 43, 61, 70"
7036,"1, 1, 1, 1, 2, 3, 3, 7, 11, 36, 37, 39, 45, 69"
7037,"1, 1, 1, 1, 1, 1, 2, 2, 7, 8, 18, 21, 24, 43, 56, 69"
7038,"1, 1, 1, 2, 2, 3, 4, 4, 10, 10, 14, 17, 48, 57, 82"
7039,"1, 1, 1, 2, 3, 3, 3, 9, 17, 24, 37, 46, 51, 58"
7040,"1, 1, 1, 1, 1, 2, 4, 4, 5, 7, 14, 14, 16, 47, 55, 83"
7041,"1, 1, 1, 1, 2, 4, 4, 6, 17, 23, 28, 42, 54, 72"
7042,"1, 1, 1, 1, 2, 4, 5, 5, 9, 10, 15, 30, 37, 66, 69"
7043,"1, 1, 1, 1, 2, 3, 5, 6, 9, 25, 40, 51, 53, 58"
7044,"1, 1, 2, 2, 3, 10, 11, 20, 22, 26, 40, 52, 66"
7045,"1, 1, 1, 1, 1, 2, 2, 2, 4, 6, 9, 12, 36, 41, 65, 72"
7046,"1, 1, 1, 2, 2, 2, 2, 6, 7, 13, 20, 40, 48, 55, 56"
7047,"1, 1, 1, 2, 3, 3, 5, 9, 18, 24, 37, 44, 50, 58"
7048,"1, 1, 1, 1, 1, 1, 2, 6, 9, 15, 15, 31, 40, 62, 70"
7049,"1, 1, 1, 2, 2, 2, 5, 7, 8, 9, 15, 20, 46, 54, 83"
7050,"1, 1, 1, 1, 1, 2, 2, 3, 5, 9, 23, 38, 52, 56, 61"
7051,"1, 1, 1, 2, 3, 4, 6, 6, 11, 18, 30, 49, 54, 70"
7052,"1, 1, 1, 1, 2, 3, 3, 5, 5, 17, 20, 27, 44, 56, 70"
7053,"1, 1, 2, 2, 3, 4, 7, 8, 14, 15, 16, 45, 54, 84"
7054,"1, 1, 1, 1, 2, 2, 3, 4, 4, 10, 25, 35, 52, 57, 58"
7055,"1, 1, 1, 2, 2, 2, 4, 8, 16, 27, 30, 38, 50, 74"
7056,"1, 1, 1, 1, 1, 1, 1, 2, 2, 5, 10, 12, 21, 25, 32, 67, 73"
7057,"1, 1, 1, 3, 4, 5, 5, 6, 16, 21, 21, 46, 56, 70"
7058,"1, 1, 1, 1, 2, 2, 3, 7, 8, 16, 19, 26, 46, 53, 70"
7059,"1, 1, 1, 2, 2, 5, 8, 9, 10, 17, 21, 43, 54, 82"
7060,"1, 1, 1, 1, 2, 4, 4, 6, 10, 14, 14, 16, 47, 55, 80"
7061,"1, 1, 1, 1, 1, 1, 5, 7, 7, 9, 23, 23, 39, 66, 71"
7062,"1, 1, 1, 1, 1, 2, 4, 7, 8, 13, 15, 33, 48, 54, 67"
7063,"1, 1, 1, 1, 2, 3, 3, 3, 7, 15, 23, 38, 47, 54, 57"
7064,"1, 1, 2, 2, 2, 4, 6, 8, 21, 22, 24, 40, 55, 68"
7065,"1, 1, 1, 2, 2, 3, 3, 5, 5, 9, 15, 34, 41, 62, 72"
7066,"1, 1, 1, 1, 3, 5, 9, 11, 11, 15, 29, 51, 54, 64"
7067,"1, 1, 1, 1, 2, 3, 4, 5, 6, 13, 18, 27, 47, 57, 70"
7068,"1, 1, 1, 2, 2, 3, 3, 3, 3, 6, 23, 37, 41, 58, 72"
7069,"1, 1, 1, 1, 2, 3, 4, 6, 9, 9, 20, 25, 38, 67, 69"
7070,"1, 1, 1, 1, 2, 2, 2, 5, 6, 13, 24, 26, 34, 60, 78"
7071,"1, 1, 1, 1, 2, 2, 3, 4, 8, 17, 17, 27, 44, 59, 69"
7072,"1, 1, 1, 1, 1, 3, 4, 8, 9, 13, 21, 25, 34, 67, 67"
7073,"1, 1, 1, 2, 2, 2, 5, 5, 8, 12, 20, 25, 34, 68, 70"
7074,"1, 1, 2, 2, 2, 3, 6, 6, 17, 30, 31, 43, 56, 56"
7075,"1, 1, 1, 3, 3, 4, 5, 12, 12, 16, 16, 47, 55, 80"
7076,"1, 1, 1, 3, 4, 5, 5, 6, 11, 17, 29, 39, 64, 70"
7077,"1, 1, 1, 1, 4, 4, 6, 9, 10, 18, 28, 38, 65, 70"
7078,"1, 1, 1, 1, 2, 2, 4, 4, 8, 19, 20, 27, 42, 57, 67"
7079,"1, 1, 1, 1, 1, 3, 3, 3, 4, 10, 10, 11, 33, 50, 51, 73"
7080,"1, 1, 1, 1, 1, 1, 2, 3, 5, 7, 11, 13, 34, 41, 65, 69"
7081,"1, 1, 1, 1, 1, 1, 2, 4, 5, 5, 15, 15, 31, 46, 57, 70"
7082,"1, 1, 1, 1, 1, 2, 4, 5, 6, 13, 27, 34, 49, 54, 57"
7083,"1, 1, 1, 1, 1, 3, 5, 5, 9, 11, 16, 22, 43, 51, 86"
7084,"1, 1, 1, 1, 1, 2, 3, 3, 7, 7, 9, 11, 23, 51, 51, 84"
7085,"1, 1, 1, 2, 3, 5, 5, 6, 9, 13, 26, 45, 53, 86"
7086,"1, 1, 1, 2, 3, 3, 3, 6, 21, 24, 24, 42, 52, 73"
7087,"1, 1, 1, 1, 1, 2, 2, 4, 7, 18, 30, 30, 43, 56, 59"
7088,"1, 1, 2, 3, 5, 7, 11, 11, 25, 36, 36, 54, 64"
7089,"1, 1, 1, 4, 4, 4, 8, 17, 24, 38, 46, 52, 56"
7090,"1, 1, 1, 1, 1, 2, 4, 8, 10, 10, 14, 23, 51, 51, 78"
7091,"1, 1, 2, 2, 3, 5, 7, 9, 12, 13, 18, 48, 51, 84"
7092,"1, 1, 1, 1, 4, 4, 6, 11, 13, 16, 34, 36, 59, 69"
7093,"1, 1, 1, 1, 2, 2, 4, 5, 7, 12, 14, 36, 41, 62, 67"
7094,"1, 1, 1, 1, 3, 4, 6, 11, 17, 19, 28, 45, 49, 70"
7095,"1, 1, 1, 1, 1, 2, 2, 3, 7, 14, 17, 40, 43, 60, 63"
7096,"1, 1, 1, 1, 2, 2, 5, 7, 8, 9, 9, 36, 53, 53, 68"
7097,"1, 1, 1, 1, 1, 2, 2, 3, 5, 13, 17, 43, 45, 57, 64"
7098,"1, 1, 1, 1, 2, 3, 3, 5, 11, 13, 15, 30, 34, 63, 73"
7099,"1, 1, 1, 1, 2, 5, 7, 9, 14, 15, 15, 48, 57, 80"
7100,"1, 1, 1, 1, 1, 3, 3, 5, 10, 13, 21, 36, 39, 58, 63"
7101,"1, 1, 1, 1, 2, 2, 3, 5, 5, 12, 16, 28, 50, 60, 69"
7102,"1, 1, 1, 1, 1, 2, 5, 5, 9, 10, 17, 22, 44, 52, 85"
7103,"1, 1, 1, 1, 2, 2, 4, 4, 6, 16, 16, 29, 46, 55, 72"
7104,"1, 1, 1, 2, 2, 5, 6, 7, 10, 14, 35, 40, 64, 68"
7105,"1, 1, 1, 1, 2, 4, 4, 6, 16, 21, 25, 44, 60, 70"
7106,"1, 1, 1, 2, 2, 2, 2, 4, 9, 10, 21, 36, 40, 60, 65"
7107,"1, 1, 1, 1, 1, 1, 1, 2, 3, 5, 14, 31, 45, 46, 47, 56"
7108,"1, 1, 1, 2, 3, 3, 5, 5, 13, 27, 30, 49, 56, 60"
7109,"1, 1, 1, 1, 1, 2, 4, 6, 8, 14, 14, 26, 44, 47, 86"
7110,"1, 1, 1, 1, 1, 1, 1, 2, 4, 10, 12, 19, 43, 49, 49, 61"
7111,"1, 1, 1, 3, 3, 3, 7, 7, 11, 15, 32, 50, 53, 69"
7112,"1, 1, 1, 2, 2, 4, 4, 4, 8, 12, 13, 14, 49, 58, 83"
7113,"1, 1, 1, 1, 2, 4, 4, 6, 6, 11, 15, 20, 45, 53, 86"
7114,"1, 1, 1, 1, 2, 2, 4, 4, 4, 6, 8, 18, 20, 44, 53, 87"
7115,"1, 1, 1, 2, 2, 3, 4, 5, 6, 11, 19, 20, 42, 55, 84"
7116,"1, 1, 1, 1, 1, 1, 3, 5, 7, 7, 13, 14, 18, 47, 53, 83"
7117,"1, 1, 1, 1, 1, 1, 1, 3, 7, 11, 29, 44, 49, 50, 56"
7118,"1, 2, 2, 2, 3, 6, 6, 15, 19, 40, 42, 56, 62"
7119,"1, 1, 1, 1, 1, 1, 4, 4, 4, 5, 9, 10, 37, 42, 64, 71"
7120,"1, 1, 1, 1, 3, 4, 7, 10, 12, 19, 25, 50, 56, 66"
7121,"1, 1, 1, 1, 1, 2, 2, 7, 8, 11, 19, 34, 38, 60, 70"
7122,"1, 1, 2, 3, 4, 5, 5, 7, 9, 14, 28, 39, 66, 72"
7123,"1, 1, 1, 1, 2, 3, 4, 5, 10, 11, 14, 29, 51, 52, 71"
7124,"1, 1, 1, 2, 4, 4, 8, 10, 14, 22, 24, 32, 65, 68"
7125,"1, 1, 1, 1, 3, 4, 8, 11, 14, 16, 34, 46, 49, 67"
7126,"1, 1, 1, 1, 2, 3, 6, 7, 16, 28, 36, 43, 55, 56"
7127,"1, 1, 2, 3, 4, 8, 10, 14, 30, 31, 32, 52, 68"
7128,"1, 1, 1, 1, 1, 3, 5, 5, 5, 15, 20, 31, 42, 55, 70"
7129,"1, 1, 1, 2, 2, 3, 4, 7, 10, 12, 16, 17, 44, 50, 86"
7130,"1, 1, 1, 1, 1, 1, 1, 2, 4, 4, 15, 19, 42, 43, 57, 63"
7131,"1, 2, 2, 2, 5, 6, 7, 15, 18, 28, 40, 60, 70"
7132,"1, 1, 1, 1, 2, 2, 3, 3, 7, 20, 21, 27, 40, 53, 74"
7133,"1, 1, 1, 2, 3, 4, 4, 8, 17, 22, 30, 38, 53, 72"
7134,"1, 1, 1, 1, 2, 2, 3, 3, 7, 8, 11, 11, 18, 49, 53, 85"
7135,"1, 1, 1, 1, 1, 2, 3, 3, 7, 22, 25, 36, 44, 54, 55"
7136,"1, 1, 1, 1, 1, 2, 2, 4, 4, 10, 14, 20, 26, 31, 67, 71"
7137,"1, 1, 1, 1, 1, 3, 6, 6, 8, 9, 15, 23, 47, 51, 83"
7138,"1, 1, 1, 1, 2, 3, 9, 12, 13, 21, 23, 38, 65, 66"
7139,"1, 1, 1, 1, 2, 2, 5, 7, 8, 9, 13, 32, 51, 54, 69"
7140,"1, 1, 1, 1, 2, 2, 3, 9, 10, 10, 16, 19, 46, 51, 84"
7141,"1, 1, 2, 2, 4, 4, 8, 10, 14, 14, 16, 46, 52, 82"
7142,"1, 1, 1, 1, 1, 1, 1, 4, 8, 9, 9, 13, 33, 53, 53, 67"
7143,"1, 1, 1, 1, 1, 2, 2, 3, 11, 15, 17, 28, 43, 64, 66"
7144,"1, 1, 1, 2, 3, 3, 3, 7, 23, 24, 37, 38, 55, 58"
7145,"1, 1, 1, 2, 3, 3, 5, 5, 17, 24, 38, 46, 55, 55"
7146,"1, 1, 1, 1, 4, 4, 6, 9, 12, 19, 31, 38, 59, 70"
7147,"1, 1, 2, 2, 2, 2, 4, 6, 13, 34, 40, 42, 49, 58"
7148,"1, 1, 1, 1, 1, 1, 2, 4, 4, 8, 9, 18, 37, 37, 59, 72"
7149,"1, 1, 1, 2, 2, 3, 4, 9, 14, 26, 36, 48, 52, 57"
7150,"1, 1, 1, 2, 4, 6, 6, 10, 11, 15, 30, 36, 63, 70"
7151,"1, 1, 1, 1, 1, 3, 4, 4, 7, 16, 24, 39, 45, 54, 55"
7152,"1, 1, 1, 1, 1, 3, 3, 4, 7, 9, 28, 30, 37, 58, 72"
7153,"1, 1, 1, 2, 2, 3, 3, 4, 8, 13, 18, 26, 49, 57, 68"
7154,"1, 1, 1, 1, 2, 5, 7, 8, 14, 16, 34, 36, 60, 70"
7155,"1, 1, 1, 1, 1, 1, 1, 1, 2, 11, 13, 17, 29, 45, 63, 68"
7156,"1, 1, 1, 1, 3, 3, 8, 9, 12, 23, 37, 49, 52, 56"
7157,"1, 1, 1, 1, 2, 3, 3, 7, 9, 11, 12, 36, 49, 50, 70"
7158,"1, 1, 2, 3, 3, 4, 6, 7, 13, 19, 24, 49, 54, 70"
7159,"1, 1, 1, 1, 3, 5, 7, 7, 15, 19, 28, 45, 55, 68"
7160,"1, 1, 1, 1, 1, 2, 2, 4, 4, 8, 10, 15, 46, 51, 51, 58"
7161,"1, 1, 1, 1, 1, 1, 2, 2, 3, 3, 11, 22, 38, 52, 58, 59"
7162,"1, 1, 1, 1, 2, 2, 4, 6, 6, 16, 22, 24, 46, 52, 72"
7163,"1, 1, 1, 1, 2, 6, 7, 9, 13, 15, 34, 40, 63, 63"
7164,"1, 1, 2, 2, 2, 8, 10, 20, 22, 26, 40, 52, 70"
7165,"1, 1, 1, 1, 4, 4, 8, 9, 13, 16, 33, 38, 60, 67"
7166,"1, 1, 1, 1, 1, 1, 1, 2, 3, 3, 5, 11, 14, 36, 40, 62, 73"
7167,"1, 1, 1, 1, 3, 4, 6, 8, 9, 25, 37, 38, 54, 68"
7168,"1, 1, 1, 3, 3, 3, 7, 7, 9, 30, 31, 37, 54, 69"
7169,"1, 1, 1, 3, 3, 4, 6, 10, 10, 11, 26, 49, 49, 82"
7170,"1, 1, 2, 2, 2, 4, 9, 10, 10, 14, 31, 52, 52, 66"
7171,"1, 2, 2, 3, 5, 5, 8, 10, 11, 36, 48, 55, 70"
7172,"1, 2, 2, 2, 8, 8, 10, 12, 15, 18, 46, 54, 78"
7173,"1, 1, 4, 4, 5, 6, 9, 11, 22, 22, 36, 65, 70"
7174,"1, 1, 2, 2, 3, 5, 5, 7, 16, 17, 28, 46, 54, 69"
7175,"1, 1, 1, 1, 1, 2, 3, 3, 3, 9, 9, 12, 34, 50, 53, 73"
7176,"1, 1, 2, 2, 2, 3, 4, 6, 9, 27, 34, 52, 53, 60"
7177,"1, 1, 1, 2, 2, 2, 3, 8, 9, 14, 16, 21, 39, 53, 84"
7178,"1, 1, 1, 1, 2, 3, 6, 7, 8, 10, 17, 21, 43, 54, 81"
7179,"1, 1, 2, 2, 2, 2, 3, 11, 19, 22, 38, 43, 50, 60"
7180,"1, 1, 1, 2, 2, 2, 5, 9, 10, 10, 11, 19, 50, 50, 83"
7181,"1, 1, 1, 1, 1, 2, 4, 4, 7, 15, 21, 40, 47, 55, 56"
7182,"1, 1, 1, 1, 1, 2, 2, 4, 4, 10, 12, 15, 30, 34, 67, 71"
7183,"1, 1, 1, 1, 2, 3, 3, 5, 5, 9, 16, 32, 38, 68, 71"
7184,"1, 1, 1, 1, 1, 2, 2, 4, 6, 8, 8, 12, 25, 49, 50, 85"
7185,"1, 1, 1, 2, 5, 17, 31, 93, 105"
7186,"1, 1, 1, 1, 2, 3, 5, 5, 22, 22, 39, 42, 54, 58"
7187,"1, 1, 2, 3, 3, 6, 13, 15, 21, 39, 48, 48, 56"
7188,"1, 1, 1, 1, 1, 2, 5, 7, 10, 13, 13, 19, 50, 55, 77"
7189,"1, 1, 2, 3, 4, 5, 5, 5, 12, 20, 24, 34, 70, 70"
7190,"1, 1, 1, 1, 1, 1, 1, 3, 3, 7, 14, 26, 33, 38, 51, 74"
7191,"1, 1, 1, 1, 1, 2, 4, 5, 10, 10, 18, 45, 49, 50, 58"
7192,"1, 1, 1, 1, 1, 3, 5, 5, 11, 17, 18, 29, 43, 48, 72"
7193,"1, 1, 1, 2, 2, 3, 9, 9, 13, 21, 32, 36, 56, 70"
7194,"1, 1, 1, 1, 1, 2, 2, 3, 4, 11, 11, 14, 31, 35, 64, 74"
7195,"1, 1, 1, 2, 2, 2, 2, 3, 6, 11, 18, 40, 43, 59, 65"
7196,"1, 1, 1, 2, 2, 3, 3, 3, 6, 17, 22, 28, 42, 53, 72"
7197,"1, 1, 1, 1, 1, 3, 3, 5, 9, 13, 22, 23, 49, 56, 68"
7198,"1, 1, 1, 1, 1, 1, 1, 1, 3, 5, 7, 12, 15, 30, 50, 57, 69"
7199,"1, 1, 1, 1, 1, 3, 4, 6, 8, 13, 13, 31, 49, 55, 69"
7200,"1, 1, 1, 1, 1, 1, 2, 8, 9, 15, 17, 29, 47, 54, 69"
7201,"1, 1, 1, 1, 2, 2, 4, 4, 6, 13, 28, 33, 49, 53, 58"
7202,"1, 1, 1, 2, 2, 4, 4, 6, 14, 21, 40, 48, 56, 56"
7203,"1, 1, 1, 1, 1, 2, 3, 5, 5, 7, 8, 11, 36, 52, 53, 69"
7204,"1, 1, 1, 1, 5, 6, 15, 17, 20, 29, 42, 58, 60"
7205,"1, 1, 2, 2, 2, 2, 4, 10, 10, 19, 36, 36, 59, 72"
7206,"1, 1, 1, 3, 3, 4, 7, 8, 15, 15, 29, 47, 52, 70"
7207,"1, 1, 1, 3, 5, 9, 13, 15, 15, 21, 48, 48, 76"
7208,"1, 1, 1, 2, 3, 3, 5, 7, 18, 20, 30, 40, 56, 69"
7209,"1, 1, 1, 2, 5, 6, 7, 14, 16, 31, 48, 56, 68"
7210,"1, 1, 1, 1, 2, 6, 6, 8, 12, 13, 39, 49, 50, 67"
7211,"1, 1, 1, 1, 2, 3, 3, 5, 8, 15, 17, 29, 45, 53, 72"
7212,"1, 1, 1, 2, 4, 5, 6, 11, 14, 16, 18, 44, 53, 80"
7213,"1, 1, 1, 2, 3, 3, 4, 7, 13, 28, 32, 33, 58, 70"
7214,"1, 1, 1, 1, 1, 2, 3, 7, 9, 11, 15, 32, 51, 52, 69"
7215,"1, 1, 1, 1, 3, 5, 7, 10, 13, 19, 28, 51, 52, 64"
7216,"1, 1, 3, 3, 4, 5, 6, 15, 18, 43, 48, 53, 56"
7217,"1, 1, 1, 1, 2, 2, 2, 2, 3, 4, 11, 12, 35, 42, 63, 74"
7218,"1, 2, 2, 2, 5, 8, 9, 11, 12, 36, 50, 52, 66"
7219,"1, 1, 1, 1, 2, 2, 2, 4, 5, 13, 20, 41, 42, 58, 63"
7220,"1, 1, 1, 2, 3, 3, 4, 6, 16, 19, 30, 43, 57, 70"
7221,"1, 1, 1, 1, 2, 3, 4, 5, 6, 11, 15, 30, 52, 54, 70"
7222,"1, 1, 1, 1, 1, 2, 3, 3, 4, 4, 13, 18, 26, 49, 57, 72"
7223,"1, 1, 1, 1, 2, 2, 4, 8, 12, 12, 14, 18, 48, 53, 79"
7224,"1, 1, 1, 1, 1, 1, 3, 3, 3, 7, 12, 17, 43, 50, 53, 59"
7225,"1, 1, 1, 1, 1, 1, 1, 3, 4, 4, 15, 25, 36, 47, 56, 59"
7226,"1, 1, 1, 2, 5, 6, 6, 7, 9, 17, 28, 40, 66, 67"
7227,"1, 1, 1, 1, 1, 1, 1, 2, 2, 7, 17, 19, 40, 45, 58, 59"
7228,"1, 1, 1, 2, 2, 3, 5, 13, 13, 18, 42, 48, 49, 58"
7229,"1, 1, 1, 1, 1, 2, 2, 3, 7, 7, 11, 11, 24, 48, 51, 85"
7230,"1, 1, 1, 1, 2, 2, 3, 6, 6, 9, 19, 35, 39, 60, 71"
7231,"1, 1, 1, 2, 3, 3, 9, 10, 14, 19, 26, 36, 64, 67"
7232,"1, 1, 1, 1, 1, 1, 3, 9, 13, 13, 17, 29, 49, 53, 64"
7233,"1, 1, 1, 1, 2, 2, 2, 4, 10, 21, 21, 25, 44, 55, 66"
7234,"1, 1, 1, 1, 1, 2, 3, 5, 7, 15, 19, 39, 42, 57, 62"
7235,"1, 2, 3, 3, 5, 6, 7, 12, 17, 28, 38, 62, 72"
7236,"1, 1, 1, 1, 1, 4, 5, 7, 8, 9, 17, 30, 37, 67, 67"
7237,"1, 1, 1, 1, 1, 2, 3, 4, 7, 18, 23, 37, 44, 55, 58"
7238,"1, 1, 1, 1, 2, 3, 5, 14, 14, 18, 46, 47, 47, 56"
7239,"1, 1, 1, 1, 1, 3, 5, 7, 9, 9, 19, 27, 38, 64, 70"
7240,"1, 1, 1, 1, 1, 2, 3, 7, 11, 11, 21, 23, 35, 66, 72"
7241,"1, 1, 1, 2, 2, 3, 6, 7, 14, 16, 33, 42, 60, 68"
7242,"1, 1, 1, 1, 1, 3, 4, 5, 6, 18, 21, 22, 43, 58, 71"
7243,"1, 1, 1, 1, 4, 4, 6, 11, 14, 19, 28, 35, 61, 70"
7244,"1, 1, 1, 1, 1, 1, 2, 2, 4, 7, 16, 23, 39, 44, 56, 57"
7245,"1, 1, 1, 1, 1, 2, 3, 9, 9, 12, 22, 39, 49, 52, 54"
7246,"1, 1, 1, 1, 1, 2, 2, 2, 2, 3, 5, 11, 13, 35, 43, 62, 71"
7247,"1, 2, 2, 2, 4, 5, 5, 6, 11, 16, 30, 48, 54, 70"
7248,"1, 1, 1, 1, 2, 3, 3, 7, 7, 14, 15, 31, 38, 63, 69"
7249,"1, 1, 1, 1, 2, 2, 3, 7, 8, 10, 14, 31, 52, 54, 69"
7250,"1, 1, 1, 1, 1, 2, 3, 6, 8, 11, 13, 26, 47, 51, 84"
7251,"1, 1, 2, 2, 2, 4, 6, 12, 14, 17, 33, 44, 46, 72"
7252,"1, 1, 1, 1, 1, 1, 3, 9, 9, 13, 17, 29, 49, 53, 68"
7253,"1, 2, 2, 3, 4, 4, 6, 20, 24, 26, 44, 50, 70"
7254,"1, 1, 1, 1, 4, 4, 8, 10, 10, 26, 35, 37, 52, 66"
7255,"1, 1, 1, 1, 1, 2, 3, 5, 12, 17, 18, 29, 42, 57, 66"
7256,"1, 1, 1, 1, 1, 3, 3, 3, 4, 15, 19, 31, 42, 57, 74"
7257,"1, 1, 2, 2, 2, 2, 2, 3, 7, 18, 21, 26, 44, 55, 70"
7258,"1, 1, 1, 1, 1, 4, 4, 6, 10, 13, 14, 34, 48, 49, 69"
7259,"1, 1, 1, 2, 3, 4, 5, 5, 14, 15, 30, 48, 53, 74"
7260,"1, 1, 1, 1, 1, 2, 2, 3, 6, 9, 9, 16, 29, 53, 55, 67"
7261,"1, 1, 1, 1, 1, 1, 3, 3, 6, 6, 16, 17, 29, 46, 51, 73"
7262,"1, 1, 1, 1, 3, 3, 6, 7, 8, 16, 27, 40, 66, 76"
7263,"1, 1, 1, 1, 1, 2, 2, 2, 5, 8, 9, 18, 27, 41, 68, 69"
7264,"1, 1, 1, 2, 4, 9, 10, 12, 17, 19, 46, 52, 82"
7265,"1, 1, 1, 2, 2, 2, 3, 4, 10, 12, 13, 36, 48, 48, 73"
7266,"1, 1, 1, 2, 3, 3, 7, 9, 11, 18, 27, 40, 65, 68"
7267,"1, 1, 3, 5, 5, 7, 11, 11, 19, 25, 36, 64, 68"
7268,"1, 1, 1, 1, 1, 1, 3, 4, 5, 8, 9, 19, 26, 37, 67, 72"
7269,"1, 1, 1, 1, 1, 3, 4, 8, 11, 12, 19, 20, 41, 50, 83"
7270,"1, 1, 1, 1, 2, 4, 8, 8, 9, 16, 31, 52, 52, 70"
7271,"1, 1, 1, 1, 4, 4, 7, 8, 10, 23, 24, 36, 68, 68"
7272,"1, 2, 2, 3, 3, 6, 7, 12, 21, 24, 40, 66, 69"
7273,"1, 1, 1, 1, 2, 4, 4, 13, 17, 18, 34, 45, 57, 58"
7274,"1, 1, 1, 1, 1, 2, 2, 3, 5, 7, 9, 21, 24, 37, 69, 72"
7275,"1, 1, 1, 2, 3, 4, 4, 15, 15, 16, 29, 32, 61, 72"
7276,"1, 1, 1, 1, 1, 1, 2, 2, 5, 6, 14, 21, 41, 42, 55, 62"
7277,"1, 1, 1, 1, 2, 2, 3, 3, 4, 4, 12, 14, 29, 48, 55, 76"
7278,"1, 1, 1, 2, 2, 2, 3, 5, 9, 12, 15, 30, 36, 65, 72"
7279,"1, 1, 1, 3, 3, 4, 5, 10, 13, 17, 29, 47, 50, 72"
7280,"1, 1, 1, 1, 1, 2, 2, 2, 6, 6, 17, 22, 23, 45, 55, 71"
7281,"1, 1, 1, 1, 1, 1, 2, 3, 5, 8, 9, 17, 45, 52, 53, 56"
7282,"1, 1, 1, 1, 1, 1, 1, 2, 2, 6, 9, 10, 18, 27, 39, 67, 69"
7283,"1, 1, 1, 1, 3, 4, 4, 5, 5, 9, 21, 21, 38, 71, 71"
7284,"1, 1, 1, 2, 2, 3, 3, 6, 6, 14, 16, 28, 48, 58, 67"
7285,"1, 1, 2, 8, 18, 25, 85, 116"
7286,"1, 1, 1, 3, 3, 9, 11, 13, 25, 36, 49, 52, 52"
7287,"1, 1, 1, 1, 2, 4, 5, 5, 10, 10, 19, 20, 42, 50, 85"
7288,"1, 1, 1, 1, 1, 2, 2, 5, 5, 13, 17, 30, 50, 56, 71"
7289,"1, 1, 1, 2, 2, 3, 4, 4, 7, 8, 22, 36, 37, 58, 70"
7290,"1, 1, 1, 1, 2, 2, 2, 7, 8, 21, 22, 24, 39, 55, 70"
7291,"1, 1, 1, 1, 1, 1, 2, 3, 3, 7, 7, 19, 42, 53, 54, 60"
7292,"1, 1, 2, 2, 2, 3, 11, 17, 33, 44, 44, 46, 50"
7293,"1, 1, 1, 2, 3, 5, 5, 5, 15, 17, 30, 45, 56, 70"
7294,"1, 1, 1, 2, 3, 4, 6, 9, 15, 18, 29, 46, 52, 69"
7295,"1, 1, 1, 1, 1, 5, 6, 7, 8, 10, 14, 21, 47, 52, 81"
7296,"1, 1, 2, 2, 3, 4, 7, 7, 10, 16, 30, 40, 64, 69"
7297,"1, 1, 1, 1, 2, 2, 4, 6, 8, 20, 20, 25, 42, 54, 69"
7298,"1, 1, 1, 2, 3, 4, 6, 9, 12, 18, 26, 49, 56, 68"
7299,"1, 1, 1, 3, 3, 6, 8, 8, 9, 21, 23, 38, 66, 68"
7300,"1, 1, 2, 10, 18, 19, 90, 115"
7301,"1, 1, 1, 1, 1, 1, 3, 3, 9, 10, 11, 13, 19, 51, 52, 79"
7302,"1, 1, 1, 2, 3, 3, 7, 8, 12, 29, 32, 34, 53, 70"
7303,"1, 1, 1, 1, 1, 1, 1, 2, 5, 5, 17, 19, 41, 42, 57, 61"
7304,"1, 1, 1, 1, 1, 2, 3, 3, 7, 9, 10, 14, 31, 51, 52, 69"
7305,"1, 1, 1, 2, 2, 4, 5, 8, 13, 16, 29, 42, 64, 68"
7306,"1, 1, 2, 3, 3, 3, 4, 9, 11, 16, 29, 48, 52, 74"
7307,"1, 1, 1, 1, 2, 2, 3, 4, 9, 20, 20, 26, 39, 53, 74"
7308,"1, 1, 1, 1, 1, 1, 3, 7, 13, 15, 16, 20, 42, 54, 80"
7309,"1, 1, 2, 2, 5, 9, 11, 12, 14, 34, 50, 50, 65"
7310,"1, 1, 1, 1, 2, 2, 4, 12, 13, 16, 46, 48, 49, 60"
7311,"1, 2, 3, 4, 6, 12, 13, 18, 28, 42, 63, 64"
7312,"1, 1, 1, 2, 3, 4, 5, 10, 11, 20, 39, 51, 52, 56"
7313,"1, 1, 1, 2, 2, 3, 5, 6, 8, 12, 14, 18, 46, 55, 82"
7314,"1, 1, 2, 2, 6, 9, 12, 12, 13, 18, 50, 54, 76"
7315,"1, 1, 2, 3, 4, 4, 12, 15, 25, 32, 36, 58, 63"
7316,"1, 1, 2, 3, 3, 3, 8, 8, 10, 15, 28, 38, 62, 74"
7317,"1, 1, 1, 3, 3, 4, 8, 9, 11, 22, 23, 35, 67, 68"
7318,"1, 1, 1, 2, 3, 3, 7, 8, 11, 13, 24, 47, 51, 84"
7319,"1, 1, 2, 2, 4, 4, 6, 8, 9, 11, 22, 52, 52, 82"
7320,"1, 1, 2, 2, 2, 3, 3, 4, 5, 13, 14, 29, 48, 57, 72"
7321,"1, 1, 1, 2, 2, 4, 5, 9, 17, 18, 26, 45, 59, 66"
7322,"1, 1, 1, 3, 4, 4, 6, 8, 15, 19, 25, 47, 52, 70"
7323,"1, 1, 1, 2, 3, 3, 5, 7, 11, 15, 30, 40, 65, 72"
7324,"1, 1, 1, 1, 2, 3, 4, 8, 9, 10, 13, 33, 50, 52, 68"
7325,"1, 1, 1, 2, 4, 4, 8, 10, 10, 14, 20, 52, 52, 77"
7326,"1, 1, 1, 2, 2, 3, 3, 3, 7, 16, 22, 29, 38, 54, 74"
7327,"1, 1, 1, 1, 2, 4, 7, 10, 13, 23, 35, 40, 58, 60"
7328,"1, 1, 1, 1, 1, 2, 3, 4, 6, 19, 19, 25, 42, 57, 74"
7329,"1, 1, 1, 4, 4, 4, 14, 15, 16, 46, 47, 48, 55"
7330,"1, 1, 1, 1, 1, 2, 3, 5, 7, 10, 22, 39, 51, 52, 60"
7331,"1, 1, 1, 1, 1, 2, 2, 7, 8, 14, 17, 33, 39, 60, 69"
7332,"1, 1, 1, 1, 2, 2, 2, 4, 8, 10, 12, 40, 45, 51, 76"
7333,"1, 1, 1, 1, 2, 3, 4, 4, 8, 13, 19, 21, 43, 47, 88"
7334,"1, 1, 2, 2, 2, 4, 8, 8, 9, 18, 28, 37, 66, 70"
7335,"1, 1, 1, 1, 2, 2, 8, 11, 11, 14, 34, 49, 51, 70"
7336,"1, 1, 1, 1, 1, 1, 4, 4, 9, 13, 19, 43, 49, 53, 56"
7337,"1, 1, 1, 1, 1, 2, 4, 6, 9, 17, 19, 27, 44, 54, 69"
7338,"1, 1, 1, 2, 2, 4, 4, 11, 12, 22, 40, 48, 51, 57"
7339,"1, 1, 1, 2, 3, 5, 9, 11, 31, 37, 45, 46, 64"
7340,"1, 1, 1, 2, 6, 9, 11, 12, 15, 20, 48, 55, 75"
7341,"1, 1, 1, 1, 1, 1, 2, 4, 4, 5, 17, 22, 29, 42, 54, 71"
7342,"1, 2, 4, 7, 8, 11, 13, 16, 30, 36, 60, 68"
7343,"1, 1, 3, 3, 5, 6, 6, 10, 13, 26, 50, 53, 79"
7344,"1, 1, 2, 2, 2, 2, 3, 4, 6, 13, 19, 24, 48, 57, 72"
7345,"1, 1, 1, 1, 1, 2, 5, 5, 8, 18, 19, 27, 43, 54, 70"
7346,"1, 1, 1, 3, 3, 3, 7, 9, 12, 17, 27, 50, 52, 70"
7347,"1, 1, 1, 1, 2, 2, 2, 7, 10, 12, 13, 18, 49, 56, 81"
7348,"1, 1, 1, 1, 1, 3, 5, 5, 5, 11, 13, 36, 41, 63, 69"
7349,"1, 1, 1, 1, 1, 2, 3, 5, 6, 15, 20, 26, 46, 56, 72"
7350,"1, 1, 1, 1, 2, 2, 3, 5, 7, 8, 20, 26, 40, 69, 70"
7351,"1, 1, 2, 2, 3, 3, 4, 6, 15, 18, 40, 43, 58, 60"
7352,"1, 1, 1, 2, 2, 3, 3, 6, 7, 8, 27, 32, 37, 56, 70"
7353,"1, 1, 1, 1, 2, 2, 3, 3, 9, 15, 15, 30, 46, 51, 76"
7354,"1, 1, 1, 2, 2, 4, 8, 12, 14, 15, 31, 48, 50, 67"
7355,"1, 1, 1, 1, 1, 2, 2, 5, 7, 7, 8, 16, 20, 45, 55, 84"
7356,"1, 1, 1, 1, 1, 1, 2, 3, 3, 4, 12, 18, 43, 45, 57, 63"
7357,"1, 1, 1, 1, 1, 1, 1, 2, 7, 10, 11, 17, 30, 51, 55, 66"
7358,"1, 1, 1, 2, 2, 5, 6, 10, 13, 20, 25, 48, 58, 64"
7359,"1, 1, 2, 2, 2, 2, 4, 6, 10, 22, 40, 50, 56, 58"
7360,"1, 1, 1, 2, 2, 5, 7, 10, 13, 16, 29, 36, 65, 68"
7361,"1, 1, 1, 1, 1, 3, 3, 6, 7, 11, 25, 36, 39, 53, 68"
7362,"1, 1, 1, 1, 3, 3, 6, 8, 8, 29, 31, 38, 60, 66"
7363,"1, 1, 1, 1, 3, 3, 4, 4, 5, 14, 25, 35, 47, 56, 56"
7364,"1, 1, 1, 3, 3, 4, 4, 10, 14, 16, 33, 46, 46, 74"
7365,"1, 1, 1, 1, 2, 2, 3, 5, 6, 6, 7, 9, 20, 51, 54, 87"
7366,"1, 1, 1, 2, 4, 8, 10, 16, 21, 21, 39, 56, 76"
7367,"1, 1, 1, 1, 1, 3, 3, 5, 7, 15, 16, 30, 47, 54, 71"
7368,"1, 1, 1, 1, 2, 2, 3, 4, 8, 11, 23, 24, 34, 68, 73"
7369,"1, 1, 1, 1, 1, 1, 2, 8, 9, 15, 22, 30, 38, 56, 70"
7370,"1, 1, 1, 1, 2, 4, 4, 6, 19, 20, 28, 42, 57, 70"
7371,"1, 1, 1, 1, 2, 2, 4, 4, 6, 16, 22, 31, 40, 54, 71"
7372,"1, 1, 1, 1, 1, 2, 3, 3, 3, 3, 17, 22, 27, 43, 54, 74"
7373,"1, 1, 1, 1, 1, 1, 2, 2, 4, 6, 13, 13, 27, 48, 48, 87"
7374,"1, 1, 1, 1, 1, 3, 4, 7, 8, 13, 18, 26, 37, 66, 69"
7375,"1, 1, 2, 2, 3, 3, 6, 11, 12, 16, 28, 36, 62, 73"
7376,"1, 1, 1, 1, 1, 1, 4, 6, 9, 15, 18, 31, 38, 59, 70"
7377,"1, 1, 2, 2, 2, 2, 6, 10, 11, 22, 24, 36, 65, 72"
7378,"1, 1, 1, 2, 3, 3, 3, 3, 3, 13, 20, 39, 49, 57, 58"
7379,"1, 1, 2, 2, 3, 3, 5, 8, 13, 17, 42, 50, 53, 56"
7380,"1, 1, 1, 3, 3, 4, 6, 7, 17, 17, 27, 46, 54, 69"
7381,"1, 1, 2, 2, 2, 3, 8, 11, 11, 16, 28, 52, 54, 65"
7382,"1, 1, 1, 1, 3, 3, 4, 7, 15, 20, 24, 43, 62, 71"
7383,"1, 1, 1, 1, 1, 2, 3, 3, 5, 6, 16, 21, 23, 45, 56, 71"
7384,"1, 1, 1, 1, 1, 2, 9, 11, 14, 30, 32, 48, 51, 54"
7385,"1, 1, 2, 3, 3, 5, 5, 7, 13, 17, 27, 48, 54, 70"
7386,"1, 1, 1, 1, 2, 3, 7, 12, 20, 22, 25, 39, 50, 72"
7387,"1, 1, 1, 1, 1, 2, 2, 10, 10, 11, 17, 30, 51, 52, 66"
7388,"1, 1, 1, 3, 5, 6, 7, 20, 21, 23, 42, 58, 68"
7389,"1, 1, 1, 2, 3, 3, 5, 12, 13, 27, 33, 33, 56, 66"
7390,"1, 1, 4, 6, 12, 21, 101, 110"
7391,"1, 1, 1, 2, 2, 5, 6, 7, 13, 16, 29, 40, 61, 72"
7392,"1, 1, 1, 2, 2, 4, 5, 6, 6, 7, 16, 22, 46, 54, 83"
7393,"1, 1, 1, 1, 2, 5, 6, 8, 10, 16, 30, 50, 57, 68"
7394,"1, 1, 2, 3, 5, 9, 9, 12, 13, 36, 37, 62, 66"
7395,"1, 1, 1, 1, 2, 3, 3, 6, 7, 10, 14, 31, 44, 63, 69"
7396,"1, 1, 1, 1, 1, 1, 1, 2, 3, 6, 22, 25, 37, 39, 55, 60"
7397,"1, 1, 1, 1, 2, 2, 2, 6, 8, 16, 30, 31, 45, 54, 56"
7398,"1, 1, 1, 1, 1, 2, 4, 4, 5, 9, 19, 39, 54, 57, 58"
7399,"1, 1, 1, 1, 2, 3, 3, 3, 3, 17, 27, 32, 44, 58, 60"
7400,"1, 1, 1, 1, 1, 2, 3, 3, 5, 9, 9, 15, 31, 36, 67, 71"
7401,"1, 1, 1, 2, 2, 2, 2, 6, 10, 12, 14, 34, 48, 49, 72"
7402,"1, 1, 3, 3, 3, 7, 11, 13, 21, 24, 36, 60, 73"
7403,"1, 1, 1, 1, 2, 4, 6, 10, 11, 21, 41, 51, 52, 54"
7404,"1, 1, 1, 2, 3, 3, 5, 9, 15, 24, 37, 47, 50, 58"
7405,"1, 1, 1, 1, 1, 1, 2, 7, 7, 18, 22, 25, 43, 56, 70"
7406,"1, 1, 1, 1, 1, 1, 1, 1, 3, 5, 5, 15, 17, 29, 45, 57, 72"
7407,"1, 1, 1, 1, 1, 3, 4, 7, 10, 18, 19, 27, 43, 50, 70"
7408,"1, 1, 1, 1, 1, 3, 3, 5, 11, 13, 21, 24, 34, 66, 71"
7409,"1, 1, 1, 1, 2, 2, 3, 3, 4, 15, 17, 30, 47, 56, 73"
7410,"1, 1, 1, 3, 3, 3, 9, 19, 29, 31, 44, 52, 60"
7411,"1, 1, 1, 1, 2, 2, 2, 3, 4, 10, 32, 43, 47, 49, 58"
7412,"1, 1, 1, 2, 3, 5, 7, 8, 10, 17, 22, 40, 53, 86"
7413,"1, 1, 1, 1, 1, 3, 3, 7, 9, 12, 20, 26, 34, 68, 69"
7414,"1, 1, 1, 1, 1, 2, 2, 2, 6, 9, 10, 22, 22, 34, 70, 72"
7415,"1, 1, 1, 1, 1, 2, 6, 14, 15, 23, 39, 47, 48, 57"
7416,"1, 1, 1, 1, 2, 3, 3, 4, 6, 12, 15, 30, 50, 57, 70"
7417,"1, 1, 1, 1, 2, 4, 4, 12, 13, 20, 41, 47, 49, 60"
7418,"1, 1, 1, 1, 1, 3, 5, 9, 9, 15, 16, 18, 43, 52, 81"
7419,"1, 1, 1, 2, 3, 5, 7, 10, 11, 12, 36, 50, 50, 67"
7420,"1, 1, 1, 3, 4, 5, 5, 9, 14, 20, 24, 32, 67, 70"
7421,"1, 1, 1, 2, 2, 3, 11, 11, 11, 16, 29, 50, 52, 66"
7422,"1, 1, 1, 1, 1, 2, 4, 6, 8, 15, 17, 30, 45, 54, 70"
7423,"1, 1, 1, 1, 2, 2, 3, 4, 4, 7, 8, 20, 25, 37, 70, 70"
7424,"1, 1, 1, 1, 3, 5, 7, 7, 13, 21, 26, 47, 56, 67"
7425,"1, 1, 1, 5, 5, 5, 6, 20, 20, 23, 42, 58, 69"
7426,"1, 1, 1, 1, 2, 2, 4, 4, 8, 10, 20, 23, 36, 69, 74"
7427,"1, 1, 2, 2, 2, 3, 5, 7, 12, 27, 34, 34, 60, 66"
7428,"1, 1, 1, 1, 2, 3, 9, 13, 13, 14, 33, 47, 48, 70"
7429,"1, 1, 1, 2, 2, 6, 6, 8, 15, 19, 28, 46, 54, 67"
7430,"1, 1, 1, 1, 2, 3, 4, 7, 8, 16, 20, 25, 45, 52, 70"
7431,"1, 1, 1, 2, 2, 4, 4, 10, 12, 19, 44, 50, 50, 56"
7432,"1, 1, 1, 1, 1, 4, 5, 7, 7, 11, 12, 35, 40, 63, 67"
7433,"1, 1, 3, 8, 12, 34, 92, 105"
7434,"1, 1, 1, 1, 2, 2, 6, 7, 8, 9, 19, 26, 39, 64, 70"
7435,"1, 1, 3, 3, 3, 3, 3, 5, 13, 21, 37, 49, 56, 58"
7436,"1, 1, 2, 5, 7, 9, 9, 12, 15, 17, 48, 48, 82"
7437,"1, 1, 1, 1, 1, 2, 3, 3, 5, 5, 7, 17, 44, 55, 55, 55"
7438,"1, 1, 1, 1, 1, 2, 2, 3, 5, 8, 10, 10, 38, 51, 51, 71"
7439,"1, 1, 2, 2, 3, 5, 9, 9, 14, 16, 17, 43, 50, 84"
7440,"1, 1, 1, 1, 1, 2, 3, 9, 9, 13, 18, 33, 38, 58, 68"
7441,"1, 1, 1, 1, 1, 1, 1, 2, 2, 3, 6, 11, 16, 35, 43, 59, 72"
7442,"1, 1, 1, 2, 2, 3, 5, 6, 9, 10, 15, 21, 44, 48, 88"
7443,"1, 1, 1, 1, 2, 2, 2, 5, 8, 14, 19, 30, 41, 60, 69"
7444,"1, 2, 2, 3, 8, 12, 17, 21, 24, 46, 54, 66"
7445,"1, 1, 1, 2, 2, 3, 6, 7, 13, 19, 40, 41, 56, 64"
7446,"1, 1, 1, 1, 2, 3, 4, 6, 7, 10, 11, 35, 52, 53, 69"
7447,"1, 1, 1, 1, 2, 3, 8, 9, 13, 16, 31, 49, 55, 66"
7448,"1, 1, 1, 1, 1, 3, 5, 6, 10, 11, 11, 35, 47, 52, 71"
7449,"1, 1, 1, 1, 1, 2, 2, 8, 8, 13, 23, 39, 50, 53, 53"
7450,"1, 1, 2, 2, 3, 4, 6, 6, 21, 21, 24, 40, 55, 70"
7451,"1, 1, 1, 1, 1, 2, 5, 7, 9, 10, 13, 23, 51, 53, 78"
7452,"1, 1, 1, 2, 2, 3, 6, 13, 20, 21, 26, 40, 48, 72"
7453,"1, 1, 1, 1, 2, 2, 3, 3, 5, 6, 9, 19, 24, 37, 71, 71"
7454,"1, 1, 2, 2, 3, 4, 6, 9, 12, 20, 26, 34, 68, 68"
7455,"1, 1, 1, 2, 2, 3, 5, 11, 11, 22, 40, 50, 52, 55"
7456,"1, 1, 1, 3, 5, 7, 11, 19, 19, 28, 44, 49, 68"
7457,"1, 1, 3, 3, 3, 3, 5, 5, 11, 13, 29, 52, 53, 74"
7458,"1, 1, 1, 1, 1, 2, 2, 4, 4, 17, 28, 32, 45, 58, 59"
7459,"1, 1, 1, 1, 1, 1, 2, 4, 6, 6, 11, 17, 35, 39, 61, 69"
7460,"1, 1, 1, 3, 3, 7, 9, 11, 13, 31, 52, 54, 70"
7461,"1, 3, 4, 5, 5, 7, 14, 23, 36, 40, 56, 62"
7462,"1, 1, 1, 1, 1, 3, 7, 13, 14, 18, 29, 40, 61, 66"
7463,"1, 1, 1, 1, 1, 2, 2, 8, 12, 12, 19, 26, 38, 66, 66"
7464,"1, 1, 1, 1, 1, 2, 2, 3, 7, 10, 12, 14, 31, 33, 68, 69"
7465,"1, 1, 1, 2, 3, 3, 4, 9, 29, 47, 47, 51, 58"
7466,"1, 1, 1, 1, 1, 3, 3, 3, 5, 8, 23, 28, 28, 62, 88"
7467,"1, 1, 1, 3, 3, 9, 9, 19, 20, 26, 44, 52, 68"
7468,"1, 2, 3, 3, 5, 5, 5, 13, 25, 34, 50, 54, 56"
7469,"1, 1, 1, 1, 2, 3, 4, 5, 7, 13, 15, 29, 49, 58, 67"
7470,"1, 1, 1, 1, 2, 2, 2, 6, 25, 28, 34, 42, 50, 61"
7471,"1, 1, 1, 1, 1, 1, 2, 4, 4, 8, 10, 22, 23, 40, 50, 87"
7472,"1, 1, 1, 2, 2, 4, 5, 7, 11, 16, 30, 50, 59, 67"
7473,"1, 1, 1, 1, 1, 2, 2, 3, 3, 8, 11, 18, 43, 51, 53, 57"
7474,"1, 1, 1, 2, 3, 4, 9, 10, 11, 13, 33, 50, 52, 66"
7475,"1, 1, 2, 3, 4, 9, 9, 12, 18, 28, 51, 54, 64"
7476,"1, 1, 1, 2, 3, 3, 5, 11, 13, 24, 34, 37, 58, 63"
7477,"1, 1, 1, 1, 2, 3, 5, 6, 8, 10, 22, 24, 37, 64, 71"
7478,"1, 1, 1, 1, 1, 1, 3, 9, 9, 11, 23, 39, 51, 51, 54"
7479,"1, 1, 1, 1, 2, 3, 4, 6, 7, 13, 19, 27, 48, 54, 69"
7480,"1, 1, 1, 1, 2, 2, 3, 7, 8, 15, 20, 25, 47, 53, 70"
7481,"1, 1, 1, 2, 2, 4, 6, 12, 19, 23, 28, 37, 50, 70"
7482,"1, 1, 1, 1, 2, 3, 7, 10, 21, 21, 24, 42, 52, 70"
7483,"1, 1, 1, 1, 3, 3, 5, 6, 19, 27, 33, 43, 56, 57"
7484,"1, 1, 1, 1, 1, 1, 2, 4, 5, 7, 14, 19, 27, 48, 51, 73"
7485,"1, 1, 1, 1, 4, 5, 6, 7, 15, 19, 28, 46, 54, 68"
7486,"1, 1, 2, 2, 2, 2, 7, 11, 16, 19, 29, 42, 46, 76"
7487,"1, 1, 1, 1, 2, 5, 6, 10, 12, 13, 20, 47, 57, 80"
7488,"1, 1, 1, 1, 2, 3, 4, 9, 10, 10, 14, 20, 48, 51, 81"
7489,"1, 1, 1, 1, 2, 3, 7, 9, 16, 28, 35, 44, 52, 56"
7490,"1, 1, 1, 1, 1, 3, 4, 8, 9, 18, 19, 27, 43, 52, 68"
7491,"1, 1, 1, 1, 1, 1, 1, 2, 6, 7, 16, 20, 28, 45, 55, 70"
7492,"1, 1, 1, 1, 2, 2, 4, 13, 13, 14, 34, 48, 49, 73"
7493,"1, 1, 1, 1, 1, 1, 2, 4, 4, 5, 17, 25, 29, 42, 51, 71"
7494,"1, 1, 1, 2, 2, 5, 7, 10, 11, 13, 20, 48, 58, 77"
7495,"1, 1, 1, 1, 2, 2, 3, 4, 4, 18, 25, 37, 42, 57, 58"
7496,"1, 1, 1, 1, 2, 2, 4, 6, 8, 15, 15, 30, 47, 49, 74"
7497,"1, 1, 1, 1, 1, 2, 3, 5, 5, 7, 10, 10, 21, 50, 52, 86"
7498,"1, 1, 1, 2, 2, 2, 4, 6, 6, 9, 16, 30, 52, 53, 71"
7499,"1, 1, 2, 2, 2, 6, 8, 8, 12, 18, 19, 42, 56, 79"
7500,"1, 1, 1, 2, 3, 4, 5, 9, 20, 23, 23, 38, 54, 72"
7501,"1, 1, 1, 1, 2, 5, 5, 7, 19, 22, 23, 44, 57, 68"
7502,"1, 1, 1, 2, 2, 2, 3, 6, 8, 11, 12, 20, 47, 58, 82"
7503,"1, 1, 1, 2, 2, 7, 7, 10, 10, 20, 20, 42, 51, 82"
7504,"1, 1, 2, 2, 4, 6, 10, 12, 13, 34, 50, 51, 70"
7505,"1, 1, 1, 1, 1, 1, 3, 4, 8, 9, 13, 17, 18, 43, 52, 83"
7506,"1, 2, 2, 3, 5, 9, 11, 13, 22, 24, 32, 64, 68"
7507,"1, 1, 1, 2, 2, 3, 3, 5, 9, 12, 22, 23, 48, 56, 68"
7508,"1, 1, 1, 2, 2, 2, 2, 6, 18, 29, 32, 44, 56, 60"
7509,"1, 1, 1, 1, 1, 2, 2, 4, 4, 6, 16, 22, 23, 46, 55, 71"
7510,"1, 1, 1, 1, 3, 3, 9, 11, 14, 17, 29, 48, 50, 68"
7511,"1, 1, 1, 1, 2, 2, 3, 7, 9, 10, 16, 29, 50, 54, 70"
7512,"1, 1, 1, 3, 3, 4, 6, 7, 10, 11, 25, 50, 53, 81"
7513,"1, 1, 1, 1, 1, 1, 2, 3, 3, 6, 14, 25, 35, 47, 55, 60"
7514,"1, 1, 1, 2, 2, 4, 4, 10, 18, 28, 34, 43, 50, 58"
7515,"1, 1, 1, 2, 3, 5, 5, 7, 19, 19, 23, 42, 54, 74"
7516,"1, 1, 1, 1, 2, 4, 6, 8, 9, 18, 46, 52, 53, 54"
7517,"1, 1, 2, 2, 7, 17, 19, 88, 119"
7518,"1, 1, 2, 2, 3, 4, 6, 6, 13, 20, 26, 47, 55, 70"
7519,"1, 1, 1, 1, 2, 2, 3, 9, 12, 14, 22, 23, 31, 66, 68"
7520,"1, 1, 1, 1, 1, 1, 2, 4, 4, 5, 17, 25, 29, 42, 51, 71"
7521,"1, 1, 1, 1, 1, 1, 2, 2, 6, 7, 12, 17, 29, 39, 65, 71"
7522,"1, 1, 1, 1, 1, 4, 6, 8, 19, 23, 23, 43, 57, 68"
7523,"1, 1, 2, 2, 2, 3, 4, 5, 10, 10, 38, 41, 63, 74"
7524,"1, 1, 2, 2, 2, 2, 3, 3, 7, 7, 12, 33, 54, 57, 70"
7525,"1, 1, 2, 2, 3, 3, 10, 11, 13, 15, 16, 46, 50, 83"
7526,"1, 1, 1, 1, 1, 1, 1, 2, 4, 7, 18, 27, 34, 43, 56, 58"
7527,"1, 1, 2, 2, 2, 3, 5, 12, 13, 27, 30, 36, 56, 66"
7528,"1, 1, 1, 1, 1, 1, 3, 4, 5, 7, 12, 13, 18, 27, 78, 83"
7529,"1, 1, 2, 2, 3, 6, 8, 8, 9, 9, 36, 52, 53, 66"
7530,"1, 1, 1, 2, 2, 3, 8, 13, 15, 16, 30, 47, 47, 70"
7531,"1, 1, 1, 2, 2, 3, 3, 3, 5, 7, 26, 36, 40, 58, 68"
7532,"1, 2, 2, 2, 5, 8, 9, 10, 13, 34, 36, 64, 70"
7533,"1, 1, 1, 1, 2, 2, 3, 9, 10, 10, 13, 19, 50, 50, 84"
7534,"1, 1, 1, 1, 2, 2, 2, 8, 10, 14, 17, 30, 47, 52, 68"
7535,"1, 1, 1, 1, 2, 2, 2, 3, 6, 6, 9, 17, 28, 38, 67, 72"
7536,"1, 1, 1, 1, 4, 4, 6, 6, 13, 14, 20, 42, 58, 85"
7537,"1, 1, 1, 1, 2, 2, 3, 5, 5, 5, 24, 26, 29, 64, 87"
7538,"1, 1, 1, 1, 2, 3, 5, 6, 17, 28, 32, 45, 56, 58"
7539,"1, 1, 1, 1, 2, 2, 6, 6, 7, 8, 13, 33, 55, 56, 64"
7540,"1, 1, 1, 1, 1, 1, 2, 5, 7, 9, 10, 11, 22, 50, 55, 79"
7541,"1, 1, 2, 2, 5, 5, 9, 16, 19, 32, 42, 58, 64"
7542,"1, 1, 1, 1, 2, 3, 3, 5, 8, 15, 21, 23, 47, 55, 70"
7543,"1, 1, 1, 2, 3, 4, 4, 7, 17, 23, 36, 45, 56, 56"
7544,"1, 1, 1, 1, 1, 2, 2, 5, 6, 8, 17, 30, 42, 67, 72"
7545,"1, 1, 1, 1, 1, 3, 3, 5, 9, 13, 15, 28, 38, 63, 74"
7546,"1, 1, 2, 3, 4, 6, 11, 18, 19, 30, 42, 49, 70"
7547,"1, 1, 1, 3, 4, 9, 12, 14, 17, 18, 48, 54, 74"
7548,"1, 1, 1, 2, 2, 2, 3, 3, 6, 16, 23, 29, 39, 54, 74"
7549,"1, 1, 1, 2, 6, 12, 37, 93, 103"
7550,"1, 1, 1, 1, 1, 2, 2, 5, 8, 8, 31, 41, 48, 52, 54"
7551,"1, 2, 2, 2, 3, 10, 12, 17, 19, 26, 44, 50, 68"
7552,"1, 1, 1, 1, 1, 3, 3, 9, 11, 14, 17, 20, 41, 51, 82"
7553,"1, 1, 1, 1, 2, 2, 3, 4, 11, 12, 23, 24, 48, 58, 65"
7554,"1, 1, 1, 1, 1, 3, 3, 3, 4, 18, 30, 30, 44, 57, 59"
7555,"1, 1, 1, 1, 2, 5, 7, 8, 11, 19, 24, 52, 54, 70"
7556,"1, 1, 1, 1, 2, 5, 9, 11, 13, 16, 21, 42, 47, 86"
7557,"1, 1, 1, 1, 1, 2, 2, 6, 12, 21, 24, 26, 37, 49, 72"
7558,"1, 1, 1, 1, 1, 1, 2, 2, 3, 14, 26, 44, 45, 51, 63"
7559,"1, 1, 1, 1, 1, 2, 4, 7, 10, 13, 19, 33, 34, 57, 72"
7560,"1, 1, 2, 2, 4, 4, 4, 6, 13, 22, 22, 34, 70, 71"
7561,"1, 1, 1, 2, 2, 2, 5, 6, 7, 12, 17, 28, 48, 52, 72"
7562,"1, 1, 2, 2, 3, 4, 5, 8, 17, 18, 26, 46, 52, 71"
7563,"1, 1, 1, 1, 2, 4, 6, 6, 18, 22, 37, 42, 56, 59"
7564,"1, 1, 2, 3, 4, 4, 5, 7, 9, 15, 28, 40, 65, 72"
7565,"1, 1, 1, 2, 3, 4, 6, 9, 16, 20, 28, 44, 52, 69"
7566,"1, 1, 1, 1, 1, 2, 5, 6, 8, 13, 18, 27, 49, 57, 66"
7567,"1, 1, 1, 1, 1, 3, 3, 4, 6, 7, 10, 19, 25, 35, 69, 70"
7568,"1, 1, 1, 1, 1, 2, 4, 8, 10, 13, 15, 33, 48, 51, 67"
7569,"1, 1, 1, 1, 1, 2, 2, 5, 8, 18, 26, 36, 43, 54, 57"
7570,"1, 1, 1, 2, 2, 3, 10, 11, 12, 15, 20, 48, 48, 82"
7571,"1, 1, 1, 1, 1, 5, 5, 5, 9, 15, 16, 31, 45, 50, 70"
7572,"1, 1, 1, 1, 1, 1, 2, 4, 4, 6, 12, 17, 29, 49, 57, 70"
7573,"1, 1, 1, 1, 1, 1, 6, 6, 8, 9, 11, 36, 53, 54, 67"
7574,"1, 1, 1, 2, 2, 2, 3, 5, 8, 14, 17, 30, 45, 54, 71"
7575,"1, 1, 1, 1, 1, 2, 2, 6, 16, 17, 21, 25, 29, 62, 71"
7576,"1, 1, 2, 2, 3, 3, 5, 6, 11, 17, 24, 44, 66, 71"
7577,"1, 1, 1, 3, 6, 6, 7, 17, 21, 30, 40, 55, 68"
7578,"1, 1, 1, 1, 2, 2, 2, 4, 9, 9, 17, 37, 38, 60, 72"
7579,"1, 1, 1, 1, 2, 3, 9, 14, 15, 21, 25, 32, 63, 68"
7580,"1, 1, 1, 1, 3, 3, 7, 10, 15, 16, 37, 45, 46, 70"
7581,"1, 1, 1, 1, 1, 2, 2, 3, 5, 12, 24, 36, 50, 56, 61"
7582,"1, 1, 1, 1, 3, 3, 4, 5, 6, 11, 17, 29, 49, 53, 72"
7583,"1, 1, 1, 1, 2, 2, 3, 7, 10, 11, 17, 30, 50, 54, 66"
7584,"1, 1, 1, 1, 1, 1, 1, 3, 5, 7, 18, 19, 41, 43, 54, 59"
7585,"1, 1, 2, 2, 2, 4, 6, 10, 11, 13, 20, 48, 48, 88"
7586,"1, 1, 2, 4, 5, 6, 11, 13, 14, 32, 36, 61, 70"
7587,"1, 1, 1, 1, 1, 2, 3, 8, 9, 18, 22, 25, 43, 54, 67"
7588,"1, 1, 1, 1, 2, 2, 3, 5, 8, 11, 15, 19, 46, 51, 90"
7589,"1, 1, 1, 1, 2, 3, 3, 5, 5, 16, 17, 42, 42, 56, 61"
7590,"1, 1, 1, 1, 2, 3, 4, 6, 6, 16, 17, 27, 46, 54, 71"
7591,"1, 1, 1, 1, 1, 1, 1, 3, 4, 6, 13, 25, 37, 49, 52, 60"
7592,"1, 1, 1, 1, 1, 2, 3, 7, 9, 9, 21, 40, 52, 53, 55"
7593,"1, 1, 1, 2, 2, 4, 7, 8, 19, 20, 26, 42, 52, 71"
7594,"1, 1, 1, 1, 2, 2, 3, 4, 7, 10, 21, 25, 33, 59, 86"
7595,"1, 1, 1, 1, 1, 1, 3, 7, 7, 18, 24, 29, 39, 53, 70"
7596,"1, 1, 3, 3, 5, 7, 9, 14, 18, 30, 45, 52, 68"
7597,"1, 1, 1, 1, 1, 2, 2, 4, 4, 5, 19, 20, 26, 41, 57, 71"
7598,"1, 1, 1, 2, 2, 3, 7, 8, 10, 17, 37, 39, 58, 70"
7599,"1, 1, 1, 1, 1, 1, 3, 7, 7, 23, 24, 26, 40, 51, 69"
7600,"1, 1, 1, 1, 1, 2, 2, 8, 9, 20, 23, 24, 40, 53, 70"
7601,"1, 1, 1, 1, 3, 3, 3, 13, 13, 13, 17, 50, 57, 80"
7602,"1, 1, 1, 1, 2, 4, 4, 4, 6, 9, 22, 23, 38, 69, 71"
7603,"1, 1, 1, 1, 2, 3, 3, 4, 10, 13, 19, 26, 49, 57, 66"
7604,"1, 1, 1, 1, 1, 1, 2, 3, 3, 3, 5, 12, 15, 31, 48, 54, 74"
7605,"1, 1, 1, 1, 1, 1, 1, 7, 9, 10, 21, 28, 30, 65, 79"
7606,"1, 1, 1, 1, 1, 2, 2, 3, 5, 10, 13, 20, 25, 33, 67, 71"
7607,"1, 1, 1, 2, 3, 4, 5, 5, 13, 21, 32, 43, 56, 69"
7608,"1, 1, 2, 2, 3, 3, 7, 7, 13, 18, 26, 47, 56, 70"
7609,"1, 2, 2, 3, 8, 10, 19, 20, 23, 42, 54, 72"
7610,"1, 1, 1, 1, 2, 4, 4, 10, 20, 22, 27, 41, 56, 66"
7611,"1, 1, 1, 2, 2, 3, 6, 6, 15, 20, 28, 44, 55, 72"
7612,"1, 1, 1, 1, 2, 3, 5, 6, 19, 27, 35, 40, 57, 58"
7613,"1, 1, 1, 1, 2, 3, 4, 5, 7, 16, 21, 24, 45, 57, 68"
7614,"1, 1, 1, 1, 1, 3, 3, 7, 9, 13, 14, 33, 40, 61, 68"
7615,"1, 1, 1, 2, 2, 3, 8, 8, 13, 23, 37, 50, 53, 54"
7616,"1, 1, 1, 2, 2, 2, 4, 12, 20, 26, 36, 41, 48, 60"
7617,"1, 1, 1, 1, 1, 2, 4, 4, 9, 11, 19, 28, 37, 66, 71"
7618,"1, 1, 2, 2, 3, 6, 6, 15, 16, 41, 46, 56, 61"
7619,"1, 1, 1, 2, 2, 2, 11, 12, 14, 17, 18, 44, 47, 84"
7620,"1, 1, 1, 1, 1, 1, 6, 7, 12, 15, 16, 16, 45, 55, 78"
7621,"1, 1, 1, 1, 1, 3, 4, 5, 8, 17, 20, 30, 42, 51, 71"
7622,"1, 1, 1, 1, 2, 2, 4, 6, 8, 14, 15, 31, 40, 63, 67"
7623,"1, 1, 1, 1, 3, 4, 6, 13, 13, 14, 33, 34, 63, 69"
7624,"1, 1, 1, 1, 2, 3, 4, 4, 10, 19, 43, 44, 58, 65"
7625,"1, 1, 1, 1, 1, 2, 3, 7, 9, 13, 17, 33, 35, 60, 72"
7626,"1, 1, 1, 2, 6, 16, 33, 91, 105"
7627,"1, 1, 2, 2, 2, 3, 7, 8, 13, 15, 30, 48, 52, 72"
7628,"1, 1, 1, 1, 1, 1, 7, 10, 11, 27, 36, 50, 54, 55"
7629,"1, 1, 2, 2, 3, 4, 10, 19, 27, 33, 42, 54, 58"
7630,"1, 1, 1, 1, 1, 2, 2, 2, 2, 8, 9, 17, 37, 38, 59, 75"
7631,"1, 1, 1, 1, 2, 3, 4, 5, 8, 11, 13, 34, 50, 51, 71"
7632,"1, 1, 1, 3, 5, 9, 13, 14, 16, 34, 45, 46, 68"
7633,"1, 1, 1, 1, 3, 4, 7, 7, 14, 14, 32, 40, 62, 69"
7634,"1, 1, 1, 1, 1, 1, 2, 3, 5, 7, 12, 16, 35, 41, 60, 69"
7635,"1, 1, 1, 1, 1, 1, 2, 2, 3, 7, 21, 26, 35, 39, 55, 60"
7636,"1, 1, 1, 1, 2, 2, 4, 5, 6, 13, 14, 32, 48, 56, 70"
7637,"1, 1, 1, 1, 1, 2, 3, 3, 5, 7, 13, 19, 27, 47, 55, 70"
7638,"1, 1, 1, 1, 3, 3, 4, 6, 18, 21, 23, 44, 60, 70"
7639,"1, 1, 1, 2, 2, 3, 3, 3, 8, 10, 15, 30, 50, 58, 69"
7640,"1, 1, 1, 1, 2, 3, 3, 5, 7, 11, 17, 30, 38, 65, 71"
7641,"1, 1, 1, 2, 3, 3, 9, 12, 13, 21, 23, 33, 66, 68"
7642,"1, 1, 1, 1, 1, 2, 3, 3, 3, 7, 8, 19, 43, 53, 54, 56"
7643,"1, 1, 2, 3, 5, 7, 9, 11, 16, 32, 40, 64, 65"
7644,"1, 1, 1, 1, 1, 2, 5, 5, 7, 17, 18, 28, 45, 54, 70"
7645,"1, 2, 2, 2, 3, 8, 11, 16, 17, 30, 46, 48, 70"
7646,"1, 1, 1, 1, 2, 2, 4, 4, 6, 17, 20, 26, 44, 57, 70"
7647,"1, 1, 1, 1, 1, 1, 2, 3, 5, 11, 11, 19, 28, 49, 57, 65"
7648,"1, 1, 2, 4, 5, 7, 10, 11, 20, 27, 38, 64, 66"
7649,"1, 1, 1, 1, 3, 3, 4, 9, 15, 17, 28, 47, 51, 75"
7650,"1, 1, 1, 1, 2, 3, 3, 7, 8, 14, 19, 27, 45, 54, 70"
7651,"1, 1, 1, 2, 3, 4, 8, 9, 16, 16, 30, 36, 61, 68"
7652,"1, 1, 1, 2, 3, 4, 6, 7, 13, 20, 40, 41, 53, 64"
7653,"1, 1, 1, 1, 2, 3, 5, 7, 16, 20, 28, 55, 55, 61"
7654,"1, 1, 1, 5, 5, 7, 13, 13, 17, 30, 34, 59, 70"
7655,"1, 1, 1, 1, 2, 2, 3, 6, 7, 12, 21, 38, 50, 55, 56"
7656,"1, 1, 2, 2, 4, 4, 4, 5, 10, 12, 36, 41, 64, 70"
7657,"1, 1, 1, 1, 1, 1, 3, 9, 11, 13, 15, 32, 49, 50, 68"
7658,"1, 1, 1, 1, 2, 2, 3, 5, 7, 11, 22, 24, 36, 67, 73"
7659,"1, 1, 1, 1, 1, 2, 2, 4, 5, 5, 15, 18, 27, 47, 57, 69"
7660,"1, 1, 1, 1, 1, 1, 1, 5, 7, 9, 9, 11, 35, 53, 57, 63"
7661,"1, 1, 1, 1, 2, 3, 3, 5, 9, 19, 21, 26, 41, 52, 71"
7662,"1, 1, 1, 1, 1, 3, 3, 5, 9, 12, 21, 26, 47, 59, 66"
7663,"1, 1, 2, 3, 5, 5, 11, 13, 20, 26, 42, 62, 65"
7664,"1, 1, 1, 2, 2, 3, 4, 8, 9, 9, 14, 31, 51, 52, 68"
7665,"1, 1, 1, 1, 1, 1, 2, 7, 9, 14, 24, 36, 48, 54, 56"
7666,"1, 1, 1, 1, 1, 1, 3, 3, 5, 9, 11, 15, 31, 41, 65, 67"
7667,"1, 1, 2, 3, 4, 10, 11, 14, 18, 21, 40, 50, 81"
7668,"1, 1, 1, 2, 2, 4, 4, 8, 12, 34, 36, 39, 42, 70"
7669,"1, 1, 1, 1, 1, 3, 4, 5, 10, 17, 19, 29, 43, 49, 72"
7670,"1, 1, 2, 2, 2, 4, 6, 8, 16, 19, 30, 40, 58, 67"
7671,"1, 1, 2, 2, 3, 9, 10, 11, 25, 38, 50, 52, 52"
7672,"1, 1, 1, 1, 1, 2, 3, 4, 5, 15, 19, 43, 43, 55, 62"
7673,"1, 1, 1, 1, 2, 7, 9, 9, 9, 13, 32, 47, 54, 70"
7674,"1, 2, 2, 2, 3, 5, 7, 9, 10, 13, 18, 48, 54, 82"
7675,"1, 1, 1, 1, 3, 5, 9, 9, 11, 20, 35, 36, 58, 66"
7676,"1, 1, 1, 2, 3, 4, 4, 6, 17, 27, 33, 46, 55, 56"
7677,"1, 1, 2, 3, 4, 5, 6, 7, 14, 16, 18, 42, 54, 83"
7678,"1, 1, 1, 2, 2, 3, 5, 9, 18, 19, 28, 40, 57, 70"
7679,"1, 1, 1, 1, 4, 4, 4, 6, 18, 22, 30, 40, 54, 70"
7680,"1, 1, 1, 2, 2, 2, 6, 6, 8, 9, 13, 20, 48, 56, 81"
7681,"1, 1, 1, 1, 1, 1, 2, 2, 4, 4, 18, 24, 37, 43, 57, 59"
7682,"1, 1, 1, 1, 2, 2, 4, 5, 7, 15, 18, 28, 47, 57, 67"
7683,"1, 1, 1, 2, 2, 2, 4, 10, 17, 18, 30, 42, 58, 68"
7684,"1, 1, 1, 1, 2, 2, 3, 6, 7, 20, 20, 25, 41, 56, 70"
7685,"1, 1, 1, 1, 1, 4, 4, 8, 8, 9, 12, 35, 51, 53, 67"
7686,"1, 1, 2, 3, 3, 4, 5, 6, 11, 20, 26, 49, 55, 70"
7687,"1, 1, 1, 1, 2, 2, 3, 7, 8, 15, 16, 29, 40, 60, 70"
7688,"1, 1, 1, 1, 3, 3, 3, 3, 7, 12, 15, 30, 49, 57, 70"
7689,"1, 1, 1, 1, 3, 3, 4, 6, 20, 28, 32, 41, 57, 58"
7690,"1, 1, 1, 1, 2, 5, 7, 10, 11, 22, 25, 39, 63, 68"
7691,"1, 1, 1, 1, 3, 3, 4, 6, 7, 8, 23, 37, 37, 54, 70"
7692,"1, 1, 1, 1, 1, 2, 2, 4, 4, 5, 13, 23, 23, 47, 56, 72"
7693,"1, 1, 1, 1, 1, 2, 2, 2, 6, 6, 8, 22, 38, 53, 56, 56"
7694,"1, 1, 1, 2, 4, 4, 4, 10, 14, 20, 28, 32, 65, 70"
7695,"1, 1, 1, 1, 2, 2, 3, 7, 9, 13, 17, 33, 40, 58, 68"
7696,"1, 2, 2, 3, 4, 6, 10, 19, 21, 24, 42, 48, 74"
7697,"1, 2, 4, 5, 8, 11, 19, 22, 26, 42, 52, 64"
7698,"1, 1, 1, 2, 2, 2, 3, 7, 8, 14, 17, 31, 38, 59, 70"
7699,"1, 1, 1, 1, 2, 2, 2, 6, 12, 15, 16, 30, 40, 61, 66"
7700,"1, 1, 1, 1, 3, 5, 7, 9, 11, 15, 25, 38, 67, 72"
7701,"1, 1, 1, 1, 1, 1, 1, 1, 3, 7, 9, 10, 21, 25, 35, 69, 69"
7702,"1, 1, 1, 1, 2, 3, 4, 8, 9, 9, 11, 35, 51, 52, 68"
7703,"1, 1, 1, 1, 1, 1, 2, 2, 7, 8, 20, 22, 23, 41, 55, 70"
7704,"1, 1, 1, 1, 1, 2, 2, 3, 3, 7, 13, 15, 30, 48, 55, 73"
7705,"1, 1, 1, 1, 1, 1, 3, 4, 7, 9, 10, 14, 23, 48, 51, 81"
7706,"1, 1, 1, 2, 2, 3, 8, 11, 12, 18, 44, 49, 50, 54"
7707,"1, 1, 1, 1, 3, 4, 5, 9, 9, 26, 33, 38, 59, 66"
7708,"1, 1, 1, 1, 1, 1, 2, 9, 13, 16, 20, 25, 46, 53, 66"
7709,"1, 1, 1, 2, 2, 4, 6, 6, 12, 17, 33, 41, 62, 68"
7710,"1, 1, 1, 1, 1, 2, 3, 3, 3, 5, 15, 17, 29, 45, 57, 72"
7711,"1, 1, 2, 2, 7, 13, 27, 96, 107"
7712,"1, 1, 1, 2, 2, 4, 4, 5, 13, 22, 36, 50, 57, 58"
7713,"1, 1, 1, 1, 3, 4, 6, 7, 21, 25, 26, 38, 50, 72"
7714,"1, 1, 1, 1, 1, 1, 2, 3, 3, 4, 12, 20, 34, 43, 56, 73"
7715,"1, 1, 1, 1, 2, 2, 3, 4, 8, 18, 19, 38, 41, 58, 59"
7716,"1, 1, 1, 1, 1, 1, 4, 4, 10, 16, 22, 23, 45, 60, 66"
7717,"1, 1, 1, 1, 2, 5, 6, 13, 16, 17, 34, 42, 45, 72"
7718,"1, 1, 2, 3, 3, 4, 4, 7, 9, 22, 37, 38, 55, 70"
7719,"1, 1, 1, 1, 1, 3, 5, 5, 7, 13, 15, 32, 41, 61, 69"
7720,"1, 1, 1, 1, 1, 1, 1, 3, 3, 3, 7, 9, 15, 21, 46, 53, 89"
7721,"1, 1, 1, 2, 4, 4, 4, 6, 9, 22, 24, 26, 64, 88"
7722,"1, 1, 1, 1, 1, 1, 2, 4, 4, 8, 12, 13, 20, 49, 56, 82"
7723,"1, 1, 1, 2, 3, 4, 6, 10, 20, 21, 24, 41, 52, 70"
7724,"1, 1, 1, 1, 2, 3, 4, 4, 4, 12, 18, 41, 44, 56, 64"
7725,"1, 1, 1, 1, 1, 1, 3, 3, 4, 6, 15, 17, 28, 47, 53, 74"
7726,"1, 1, 1, 1, 2, 2, 6, 7, 17, 21, 40, 42, 56, 59"
7727,"1, 1, 2, 2, 2, 4, 5, 11, 13, 16, 28, 36, 61, 74"
7728,"1, 1, 2, 5, 5, 7, 11, 13, 16, 29, 36, 60, 70"
7729,"1, 1, 2, 3, 3, 3, 5, 9, 19, 21, 24, 41, 52, 72"
7730,"1, 1, 2, 3, 4, 5, 6, 15, 20, 39, 42, 56, 62"
7731,"1, 1, 1, 1, 1, 2, 2, 3, 6, 9, 21, 39, 53, 58, 58"
7732,"1, 2, 2, 2, 2, 3, 3, 6, 8, 23, 36, 42, 60, 66"
7733,"1, 1, 1, 2, 3, 4, 7, 12, 12, 22, 24, 34, 63, 70"
7734,"1, 1, 1, 1, 3, 5, 7, 9, 18, 20, 28, 43, 52, 67"
7735,"1, 1, 1, 2, 3, 4, 4, 6, 10, 13, 37, 38, 62, 74"
7736,"1, 1, 1, 1, 2, 2, 2, 7, 8, 11, 20, 26, 51, 55, 68"
7737,"1, 1, 1, 1, 1, 1, 2, 4, 4, 7, 16, 17, 29, 45, 54, 72"
7738,"1, 1, 1, 1, 2, 3, 4, 8, 11, 12, 12, 33, 49, 50, 68"
7739,"1, 1, 1, 1, 1, 2, 2, 2, 8, 25, 28, 37, 38, 50, 59"
7740,"1, 1, 1, 1, 1, 1, 3, 3, 3, 11, 15, 19, 25, 31, 67, 73"
7741,"1, 1, 1, 2, 3, 3, 9, 10, 11, 24, 24, 34, 66, 67"
7742,"1, 1, 2, 4, 6, 7, 8, 8, 21, 24, 40, 66, 68"
7743,"1, 1, 1, 1, 5, 6, 7, 10, 10, 18, 29, 36, 64, 67"
7744,"1, 1, 1, 1, 1, 2, 2, 3, 5, 14, 25, 41, 44, 54, 61"
7745,"1, 1, 1, 1, 4, 4, 6, 9, 10, 17, 29, 38, 65, 70"
7746,"1, 1, 1, 2, 6, 10, 14, 22, 42, 47, 52, 58"
7747,"1, 1, 1, 2, 2, 2, 3, 7, 8, 8, 14, 31, 53, 53, 70"
7748,"1, 1, 1, 1, 1, 3, 5, 5, 9, 9, 13, 36, 50, 51, 70"
7749,"1, 1, 1, 1, 5, 6, 6, 9, 9, 17, 30, 38, 64, 68"
7750,"1, 1, 7, 25, 29, 82, 111"
7751,"1, 1, 1, 1, 2, 2, 4, 4, 8, 14, 18, 30, 43, 55, 72"
7752,"1, 1, 1, 2, 2, 4, 6, 10, 17, 18, 29, 44, 52, 69"
7753,"1, 1, 2, 4, 4, 6, 6, 16, 25, 27, 40, 54, 70"
7754,"1, 1, 1, 1, 1, 1, 4, 4, 5, 8, 9, 17, 29, 38, 65, 71"
7755,"1, 1, 3, 4, 5, 8, 10, 11, 13, 21, 47, 48, 84"
7756,"1, 1, 1, 1, 1, 2, 3, 7, 9, 15, 15, 31, 40, 62, 67"
7757,"1, 1, 1, 1, 2, 4, 4, 6, 8, 10, 20, 21, 35, 70, 72"
7758,"1, 1, 1, 1, 2, 2, 2, 2, 4, 6, 10, 28, 33, 35, 56, 72"
7759,"1, 1, 1, 1, 3, 5, 5, 7, 17, 25, 37, 46, 51, 56"
7760,"1, 1, 1, 2, 3, 5, 6, 18, 20, 26, 44, 58, 71"
7761,"1, 1, 1, 1, 1, 3, 3, 9, 11, 11, 11, 22, 48, 51, 82"
7762,"1, 1, 1, 1, 1, 1, 1, 1, 3, 5, 5, 11, 18, 34, 41, 59, 72"
7763,"1, 1, 1, 2, 2, 3, 5, 6, 8, 10, 13, 19, 48, 49, 88"
7764,"1, 1, 1, 2, 2, 2, 7, 8, 15, 22, 38, 39, 56, 62"
7765,"1, 1, 1, 2, 2, 2, 2, 4, 8, 9, 18, 42, 53, 54, 57"
7766,"1, 1, 1, 1, 1, 2, 4, 4, 10, 16, 21, 25, 44, 50, 75"
7767,"1, 2, 2, 2, 4, 4, 6, 23, 24, 40, 40, 52, 56"
7768,"1, 1, 1, 1, 1, 3, 3, 4, 6, 13, 23, 37, 49, 53, 60"
7769,"1, 1, 1, 1, 2, 2, 3, 5, 9, 11, 12, 35, 50, 50, 73"
7770,"1, 1, 1, 1, 2, 3, 3, 9, 15, 24, 38, 46, 52, 60"
7771,"1, 1, 1, 1, 1, 2, 3, 5, 5, 5, 14, 15, 30, 47, 56, 69"
7772,"1, 1, 1, 2, 3, 5, 9, 11, 11, 12, 34, 48, 50, 68"
7773,"1, 1, 1, 1, 2, 2, 7, 9, 14, 16, 30, 40, 62, 70"
7774,"1, 1, 1, 1, 1, 3, 3, 5, 5, 12, 26, 37, 47, 55, 58"
7775,"1, 1, 1, 3, 4, 5, 9, 10, 13, 22, 49, 59, 79"
7776,"1, 1, 1, 1, 1, 2, 2, 2, 6, 6, 12, 22, 39, 50, 55, 55"
7777,"1, 1, 1, 1, 1, 1, 3, 4, 4, 5, 17, 22, 29, 40, 55, 71"
7778,"1, 1, 1, 1, 1, 1, 2, 3, 4, 9, 18, 23, 23, 44, 57, 67"
7779,"1, 1, 1, 1, 1, 1, 2, 2, 4, 7, 10, 25, 37, 52, 54, 57"
7780,"1, 1, 1, 1, 2, 3, 3, 5, 7, 13, 20, 27, 48, 55, 69"
7781,"1, 1, 1, 1, 1, 1, 2, 2, 7, 12, 14, 21, 25, 30, 65, 72"
7782,"1, 1, 1, 3, 3, 4, 6, 9, 10, 20, 21, 37, 66, 74"
7783,"1, 1, 1, 1, 2, 2, 3, 5, 5, 9, 21, 36, 40, 58, 71"
7784,"1, 1, 1, 1, 1, 2, 3, 3, 4, 7, 9, 21, 23, 38, 68, 73"
7785,"1, 1, 1, 2, 2, 2, 2, 4, 9, 9, 18, 42, 52, 54, 57"
7786,"1, 1, 1, 1, 2, 2, 3, 3, 7, 13, 20, 41, 43, 54, 64"
7787,"1, 1, 1, 1, 1, 2, 4, 4, 4, 17, 25, 29, 42, 53, 71"
7788,"1, 1, 1, 2, 2, 4, 7, 9, 15, 16, 29, 48, 58, 63"
7789,"1, 1, 1, 1, 2, 3, 3, 3, 7, 18, 23, 38, 44, 54, 57"
7790,"1, 1, 1, 3, 3, 4, 5, 5, 9, 14, 30, 51, 56, 73"
7791,"1, 1, 1, 2, 2, 3, 3, 10, 15, 28, 32, 33, 58, 67"
7792,"1, 1, 1, 1, 3, 3, 9, 13, 14, 15, 32, 47, 48, 68"
7793,"1, 1, 1, 1, 2, 4, 8, 12, 12, 23, 40, 48, 49, 54"
7794,"1, 1, 1, 1, 4, 6, 6, 8, 8, 15, 22, 48, 51, 84"
7795,"1, 1, 1, 1, 1, 1, 1, 1, 2, 4, 5, 18, 27, 35, 43, 57, 57"
7796,"1, 1, 1, 1, 2, 3, 4, 6, 19, 24, 35, 43, 58, 58"
7797,"1, 1, 1, 1, 1, 2, 3, 5, 6, 16, 21, 40, 40, 56, 62"
7798,"1, 1, 1, 2, 3, 3, 4, 4, 6, 9, 13, 29, 38, 70, 72"
7799,"1, 1, 1, 1, 2, 2, 2, 2, 3, 14, 18, 42, 44, 60, 63"
7800,"1, 1, 2, 2, 3, 4, 6, 8, 15, 15, 29, 46, 54, 70"
7801,"1, 1, 1, 1, 2, 2, 3, 5, 7, 18, 23, 27, 44, 53, 68"
7802,"1, 1, 1, 1, 2, 2, 5, 6, 8, 12, 13, 18, 48, 56, 82"
7803,"1, 1, 2, 2, 3, 5, 12, 16, 19, 31, 44, 48, 72"
7804,"1, 1, 1, 1, 2, 2, 3, 4, 7, 12, 23, 37, 50, 56, 56"
7805,"1, 1, 1, 1, 1, 1, 3, 4, 4, 9, 11, 16, 37, 46, 49, 71"
7806,"1, 1, 1, 1, 1, 1, 1, 2, 2, 9, 17, 20, 37, 45, 58, 59"
7807,"1, 1, 1, 1, 2, 3, 5, 9, 15, 23, 38, 47, 52, 58"
7808,"1, 1, 1, 2, 3, 6, 6, 6, 11, 16, 31, 49, 56, 67"
7809,"1, 1, 1, 1, 1, 2, 2, 3, 5, 5, 5, 22, 38, 41, 55, 73"
7810,"1, 1, 1, 2, 2, 2, 6, 12, 15, 22, 39, 48, 50, 55"
7811,"1, 1, 1, 1, 1, 2, 2, 8, 10, 13, 20, 26, 33, 67, 70"
7812,"1, 1, 1, 1, 2, 2, 4, 6, 6, 13, 15, 30, 48, 56, 70"
7813,"1, 1, 1, 2, 3, 4, 8, 9, 13, 19, 24, 34, 68, 69"
7814,"1, 1, 1, 1, 1, 2, 2, 6, 7, 14, 28, 31, 40, 50, 71"
7815,"1, 1, 1, 2, 2, 4, 4, 8, 9, 16, 30, 50, 52, 76"
7816,"1, 1, 2, 3, 3, 5, 10, 13, 27, 34, 41, 52, 64"
7817,"1, 1, 1, 1, 1, 1, 4, 4, 6, 8, 9, 19, 27, 37, 67, 69"
7818,"1, 1, 2, 2, 3, 7, 8, 21, 22, 40, 40, 54, 55"
7819,"1, 2, 2, 4, 6, 6, 8, 12, 19, 24, 40, 48, 84"
7820,"1, 1, 1, 1, 2, 2, 3, 4, 9, 14, 26, 32, 33, 60, 67"
7821,"1, 1, 1, 1, 2, 2, 3, 3, 5, 18, 28, 33, 44, 56, 58"
7822,"1, 1, 2, 2, 3, 4, 6, 8, 10, 18, 28, 49, 54, 70"
7823,"1, 1, 1, 1, 1, 3, 3, 5, 11, 12, 17, 45, 49, 50, 56"
7824,"1, 1, 1, 1, 1, 2, 2, 4, 4, 14, 17, 42, 45, 59, 62"
7825,"1, 1, 1, 1, 2, 2, 3, 3, 7, 16, 25, 35, 46, 53, 60"
7826,"1, 1, 1, 1, 1, 1, 2, 4, 5, 6, 9, 16, 26, 53, 57, 72"
7827,"1, 1, 1, 1, 1, 2, 3, 3, 5, 22, 23, 36, 40, 55, 62"
7828,"1, 1, 1, 1, 1, 2, 4, 4, 6, 17, 18, 40, 44, 56, 60"
7829,"1, 1, 1, 1, 2, 2, 3, 7, 10, 11, 15, 30, 52, 53, 67"
7830,"1, 1, 4, 4, 5, 7, 10, 11, 20, 23, 36, 66, 68"
7831,"1, 1, 1, 1, 1, 1, 2, 5, 7, 7, 9, 15, 21, 46, 54, 84"
7832,"1, 1, 1, 2, 3, 3, 3, 4, 5, 13, 18, 24, 49, 57, 72"
7833,"1, 1, 1, 1, 1, 2, 2, 3, 5, 7, 14, 19, 26, 46, 58, 69"
7834,"1, 1, 1, 1, 2, 3, 7, 8, 11, 22, 39, 52, 53, 55"
7835,"1, 1, 1, 3, 5, 5, 9, 17, 20, 24, 46, 58, 66"
7836,"1, 1, 1, 1, 2, 2, 4, 6, 8, 11, 15, 34, 40, 63, 67"
7837,"1, 1, 1, 1, 2, 3, 3, 3, 7, 16, 18, 27, 44, 59, 70"
7838,"1, 1, 2, 2, 2, 3, 5, 7, 9, 22, 38, 54, 54, 56"
7839,"1, 1, 1, 1, 1, 2, 3, 8, 13, 13, 15, 33, 47, 47, 70"
7840,"1, 1, 1, 1, 2, 2, 5, 7, 8, 8, 16, 22, 44, 54, 84"
7841,"1, 1, 1, 2, 3, 4, 5, 5, 16, 20, 29, 44, 55, 70"
7842,"1, 1, 1, 2, 2, 3, 3, 5, 7, 15, 18, 27, 46, 53, 72"
7843,"1, 1, 1, 2, 2, 3, 5, 11, 11, 18, 28, 44, 63, 66"
7844,"1, 1, 1, 2, 4, 6, 7, 7, 9, 10, 22, 48, 52, 86"
7845,"1, 1, 1, 2, 2, 3, 3, 4, 8, 16, 18, 25, 44, 54, 74"
7846,"1, 1, 1, 2, 2, 2, 3, 4, 4, 14, 19, 31, 42, 57, 73"
7847,"1, 1, 1, 1, 1, 1, 1, 3, 7, 8, 11, 16, 31, 53, 55, 65"
7848,"1, 1, 1, 2, 3, 3, 5, 7, 10, 15, 45, 52, 53, 58"
7849,"1, 1, 1, 1, 2, 2, 2, 3, 4, 6, 15, 16, 29, 44, 55, 74"
7850,"1, 1, 1, 1, 1, 2, 2, 2, 4, 7, 7, 18, 42, 55, 55, 57"
7851,"1, 1, 1, 2, 2, 2, 3, 6, 20, 26, 39, 42, 51, 60"
7852,"1, 1, 1, 1, 1, 2, 5, 5, 12, 15, 22, 31, 39, 50, 70"
7853,"1, 1, 1, 1, 4, 4, 6, 8, 12, 16, 28, 50, 55, 69"
7854,"1, 1, 1, 1, 1, 1, 2, 2, 2, 8, 17, 26, 30, 36, 51, 76"
7855,"1, 1, 1, 1, 1, 1, 2, 3, 4, 8, 9, 16, 30, 38, 69, 71"
7856,"1, 1, 1, 1, 2, 2, 6, 7, 15, 17, 43, 54, 106"
7857,"1, 1, 1, 1, 1, 3, 3, 5, 7, 14, 23, 37, 47, 52, 60"
7858,"1, 1, 1, 1, 2, 2, 4, 7, 9, 9, 13, 21, 49, 58, 78"
7859,"1, 1, 3, 4, 5, 5, 7, 17, 22, 22, 46, 51, 72"
7860,"1, 1, 1, 1, 1, 3, 3, 4, 6, 12, 15, 29, 43, 62, 74"
7861,"1, 1, 1, 1, 1, 2, 3, 5, 7, 11, 26, 35, 35, 56, 71"
7862,"1, 1, 1, 1, 1, 1, 2, 2, 3, 4, 15, 18, 41, 43, 60, 62"
7863,"1, 1, 1, 1, 2, 3, 3, 6, 22, 23, 39, 40, 56, 58"
7864,"1, 1, 1, 1, 2, 3, 7, 9, 13, 30, 32, 34, 55, 67"
7865,"1, 1, 1, 1, 2, 3, 5, 7, 9, 12, 14, 18, 47, 52, 83"
7866,"1, 1, 1, 2, 4, 5, 6, 8, 11, 23, 24, 38, 64, 68"
7867,"1, 1, 1, 2, 3, 5, 7, 11, 13, 20, 25, 35, 62, 70"
7868,"1, 1, 1, 1, 2, 2, 6, 7, 8, 8, 19, 26, 39, 65, 70"
7869,"1, 1, 1, 1, 1, 1, 2, 2, 4, 6, 19, 20, 26, 44, 57, 70"
7870,"1, 1, 1, 2, 3, 5, 6, 8, 11, 12, 19, 49, 58, 80"
7871,"1, 1, 1, 1, 1, 2, 2, 3, 5, 7, 15, 20, 25, 45, 52, 75"
7872,"1, 1, 1, 1, 2, 4, 6, 10, 18, 22, 29, 42, 55, 64"
7873,"1, 1, 2, 2, 2, 3, 4, 4, 5, 11, 16, 28, 50, 55, 72"
7874,"1, 1, 1, 1, 2, 2, 3, 5, 5, 19, 28, 33, 42, 55, 58"
7875,"1, 1, 1, 1, 2, 2, 4, 6, 6, 16, 16, 30, 46, 52, 72"
7876,"1, 1, 1, 3, 3, 9, 9, 9, 24, 39, 52, 52, 53"
7877,"1, 1, 1, 1, 2, 2, 2, 4, 6, 16, 18, 29, 43, 58, 72"
7878,"1, 1, 1, 1, 2, 3, 5, 11, 17, 21, 37, 44, 52, 60"
7879,"1, 1, 1, 1, 1, 2, 2, 3, 4, 9, 14, 16, 29, 42, 63, 67"
7880,"1, 1, 1, 2, 2, 8, 9, 10, 31, 40, 47, 52, 52"
7881,"1, 1, 1, 1, 1, 3, 5, 6, 10, 15, 16, 18, 44, 55, 79"
7882,"1, 1, 1, 3, 3, 4, 4, 9, 15, 17, 30, 45, 51, 72"
7883,"1, 1, 1, 2, 2, 3, 3, 5, 7, 7, 16, 31, 38, 69, 70"
7884,"1, 1, 1, 1, 3, 3, 5, 7, 7, 11, 16, 18, 45, 54, 83"
7885,"1, 1, 1, 1, 2, 2, 4, 6, 6, 15, 16, 28, 47, 56, 70"
7886,"1, 1, 1, 1, 2, 2, 3, 5, 6, 15, 16, 40, 45, 55, 63"
7887,"1, 1, 2, 3, 3, 3, 5, 7, 9, 17, 30, 37, 64, 74"
7888,"1, 1, 2, 2, 2, 3, 6, 7, 13, 18, 27, 48, 56, 70"
7889,"1, 1, 1, 3, 7, 7, 11, 13, 23, 24, 36, 60, 69"
7890,"1, 1, 1, 1, 1, 3, 3, 4, 9, 12, 23, 37, 39, 58, 63"
7891,"1, 1, 2, 2, 2, 3, 4, 9, 15, 23, 38, 46, 52, 58"
7892,"1, 1, 1, 1, 2, 2, 4, 5, 8, 12, 15, 35, 42, 60, 67"
7893,"1, 1, 1, 2, 3, 3, 9, 11, 14, 15, 31, 48, 49, 68"
7894,"1, 1, 1, 1, 2, 4, 4, 6, 8, 15, 16, 30, 45, 52, 70"
7895,"1, 1, 1, 2, 2, 3, 4, 4, 8, 10, 11, 34, 51, 52, 72"
7896,"1, 1, 1, 2, 2, 3, 3, 5, 7, 15, 18, 27, 46, 53, 72"
7897,"1, 1, 1, 2, 2, 2, 4, 4, 7, 15, 16, 28, 46, 56, 71"
7898,"1, 1, 1, 1, 1, 2, 3, 4, 13, 15, 17, 45, 47, 47, 58"
7899,"1, 1, 1, 2, 2, 3, 10, 11, 13, 18, 28, 49, 51, 66"
7900,"1, 1, 1, 1, 1, 1, 2, 3, 3, 5, 17, 29, 31, 43, 58, 59"
7901,"1, 1, 1, 1, 3, 5, 7, 11, 12, 16, 32, 50, 53, 63"
7902,"1, 1, 1, 1, 1, 1, 1, 4, 5, 6, 16, 23, 24, 44, 54, 73"
7903,"1, 1, 1, 1, 2, 3, 3, 9, 9, 12, 17, 19, 43, 51, 84"
7904,"1, 1, 2, 2, 4, 4, 8, 15, 22, 40, 43, 52, 62"
7905,"1, 1, 1, 1, 2, 5, 8, 11, 12, 21, 25, 34, 64, 70"
7906,"1, 1, 1, 1, 1, 1, 2, 2, 11, 14, 22, 40, 47, 52, 60"
7907,"1, 1, 1, 3, 3, 5, 5, 9, 12, 16, 31, 47, 50, 72"
7908,"1, 1, 2, 2, 3, 3, 3, 9, 15, 24, 37, 46, 52, 58"
7909,"1, 1, 1, 1, 1, 1, 2, 2, 6, 10, 11, 18, 35, 35, 59, 72"
7910,"1, 2, 2, 3, 4, 5, 7, 17, 23, 26, 36, 56, 74"
7911,"1, 1, 1, 1, 1, 1, 2, 2, 4, 7, 16, 19, 29, 43, 57, 71"
7912,"1, 1, 1, 2, 2, 2, 5, 6, 9, 9, 11, 20, 49, 50, 88"
7913,"1, 1, 1, 1, 1, 2, 2, 2, 2, 6, 11, 25, 37, 50, 55, 59"
7914,"1, 1, 1, 1, 2, 2, 4, 4, 8, 19, 20, 27, 42, 56, 68"
7915,"1, 1, 2, 2, 5, 6, 7, 12, 20, 21, 24, 67, 88"
7916,"1, 1, 1, 1, 3, 5, 9, 11, 15, 16, 16, 43, 54, 80"
7917,"1, 1, 1, 2, 3, 8, 13, 20, 21, 27, 39, 56, 64"
7918,"1, 2, 3, 3, 15, 37, 94, 101"
7919,"1, 2, 2, 2, 2, 6, 8, 15, 20, 40, 42, 54, 62"
7920,"1, 1, 1, 1, 2, 3, 3, 7, 9, 9, 15, 28, 53, 56, 67"
7921,"1, 1, 1, 2, 8, 14, 29, 95, 105"
7922,"1, 1, 1, 1, 2, 2, 3, 8, 10, 11, 22, 25, 34, 66, 69"
7923,"1, 1, 1, 1, 3, 3, 4, 6, 7, 11, 16, 33, 38, 61, 70"
7924,"1, 1, 2, 3, 4, 5, 6, 7, 11, 12, 20, 47, 54, 83"
7925,"1, 1, 1, 1, 2, 3, 10, 11, 11, 16, 32, 50, 51, 66"
7926,"1, 1, 1, 1, 4, 5, 7, 11, 12, 17, 29, 36, 63, 68"
7927,"1, 1, 1, 3, 4, 7, 10, 12, 20, 35, 40, 58, 64"
7928,"1, 1, 2, 2, 2, 5, 5, 6, 8, 21, 36, 42, 56, 69"
7929,"1, 1, 1, 2, 4, 4, 5, 7, 15, 18, 28, 48, 50, 72"
7930,"1, 1, 1, 1, 2, 2, 4, 8, 8, 11, 22, 24, 35, 67, 69"
7931,"1, 1, 1, 2, 2, 2, 3, 4, 9, 14, 16, 30, 48, 51, 72"
7932,"1, 1, 1, 2, 2, 3, 4, 4, 5, 14, 22, 38, 47, 56, 56"
7933,"1, 1, 1, 1, 2, 3, 3, 3, 9, 11, 24, 36, 37, 58, 66"
7934,"1, 1, 1, 1, 1, 2, 3, 9, 9, 9, 12, 35, 52, 52, 68"
7935,"1, 1, 1, 1, 1, 2, 2, 7, 7, 12, 23, 40, 48, 54, 56"
7936,"1, 1, 1, 3, 3, 6, 7, 10, 13, 18, 18, 41, 48, 86"
7937,"1, 1, 1, 1, 3, 4, 4, 6, 15, 21, 39, 44, 53, 63"
7938,"1, 1, 1, 1, 2, 2, 4, 5, 9, 10, 16, 30, 49, 52, 73"
7939,"1, 1, 1, 1, 1, 2, 2, 4, 6, 13, 26, 37, 48, 56, 57"
7940,"1, 1, 1, 2, 2, 3, 4, 4, 7, 8, 17, 27, 39, 70, 70"
7941,"1, 1, 1, 1, 2, 2, 4, 6, 9, 11, 16, 34, 37, 57, 74"
7942,"1, 1, 1, 1, 2, 2, 3, 9, 21, 26, 33, 42, 54, 60"
7943,"1, 1, 1, 1, 1, 1, 4, 7, 7, 10, 21, 39, 41, 56, 65"
7944,"1, 1, 1, 2, 2, 3, 3, 4, 6, 14, 15, 30, 48, 58, 68"
7945,"1, 1, 1, 1, 2, 3, 7, 8, 9, 19, 41, 52, 55, 56"
7946,"1, 2, 2, 2, 4, 4, 6, 22, 25, 38, 40, 54, 56"
7947,"1, 1, 1, 1, 1, 3, 5, 7, 10, 11, 15, 35, 36, 59, 70"
7948,"1, 1, 1, 1, 1, 1, 2, 2, 4, 9, 16, 16, 30, 41, 61, 69"
7949,"1, 1, 2, 3, 3, 4, 6, 7, 10, 19, 25, 37, 68, 70"
7950,"1, 1, 1, 1, 1, 2, 4, 12, 17, 21, 41, 45, 50, 59"
7951,"1, 1, 1, 1, 1, 1, 2, 3, 3, 5, 11, 17, 34, 42, 61, 72"
7952,"1, 1, 3, 4, 5, 7, 7, 17, 20, 23, 46, 54, 68"
7953,"1, 1, 1, 1, 3, 4, 7, 9, 14, 22, 29, 38, 56, 70"
7954,"1, 1, 1, 1, 2, 2, 3, 10, 19, 20, 36, 43, 58, 59"
7955,"1, 1, 1, 1, 2, 4, 4, 6, 6, 17, 19, 27, 44, 54, 69"
7956,"1, 1, 1, 1, 1, 3, 4, 7, 10, 12, 13, 19, 47, 54, 82"
7957,"1, 1, 1, 1, 1, 2, 4, 10, 10, 14, 17, 20, 41, 49, 84"
7958,"1, 1, 1, 1, 2, 3, 4, 11, 13, 27, 33, 33, 58, 68"
7959,"1, 1, 1, 1, 1, 2, 4, 5, 9, 12, 16, 29, 54, 56, 64"
7960,"1, 1, 1, 1, 2, 3, 4, 5, 8, 9, 18, 43, 51, 53, 56"
7961,"1, 1, 1, 1, 1, 1, 2, 7, 9, 18, 24, 37, 40, 54, 59"
7962,"1, 1, 1, 1, 3, 5, 7, 9, 15, 16, 29, 46, 48, 74"
7963,"1, 1, 1, 4, 7, 9, 10, 11, 13, 34, 50, 53, 62"
7964,"1, 1, 1, 1, 2, 2, 3, 4, 5, 16, 20, 26, 45, 55, 74"
7965,"1, 1, 1, 1, 2, 3, 4, 4, 8, 12, 14, 29, 44, 64, 68"
7966,"1, 1, 1, 1, 1, 1, 4, 8, 9, 11, 21, 35, 37, 57, 68"
7967,"1, 1, 1, 2, 2, 3, 6, 9, 13, 29, 33, 48, 52, 56"
7968,"1, 1, 2, 2, 4, 6, 8, 13, 16, 30, 41, 62, 70"
7969,"1, 1, 2, 2, 4, 6, 6, 8, 12, 13, 20, 46, 51, 84"
7970,"1, 1, 1, 1, 2, 3, 7, 9, 15, 17, 31, 46, 52, 70"
7971,"1, 1, 1, 1, 1, 2, 2, 7, 7, 13, 24, 36, 48, 56, 56"
7972,"1, 1, 1, 1, 2, 3, 4, 4, 6, 10, 11, 36, 43, 63, 70"
7973,"1, 1, 1, 2, 2, 2, 6, 12, 13, 17, 44, 49, 50, 56"
7974,"1, 1, 1, 1, 2, 2, 2, 4, 11, 12, 18, 43, 49, 51, 58"
7975,"1, 1, 1, 1, 1, 5, 7, 11, 13, 18, 30, 51, 55, 61"
7976,"1, 1, 1, 1, 1, 2, 3, 3, 5, 16, 25, 42, 44, 50, 61"
7977,"1, 1, 1, 2, 2, 2, 2, 6, 6, 12, 17, 18, 44, 56, 86"
7978,"1, 1, 2, 2, 3, 4, 9, 11, 28, 43, 48, 52, 52"
7979,"1, 1, 1, 2, 3, 3, 3, 8, 11, 14, 45, 52, 55, 57"
7980,"1, 1, 1, 1, 2, 3, 9, 9, 9, 22, 41, 51, 52, 54"
7981,"1, 1, 1, 1, 1, 2, 3, 3, 3, 9, 12, 13, 37, 48, 48, 73"
7982,"1, 1, 1, 1, 1, 1, 3, 3, 9, 9, 10, 15, 31, 51, 52, 67"
7983,"1, 1, 2, 2, 3, 4, 5, 8, 9, 10, 38, 48, 51, 74"
7984,"1, 1, 1, 1, 1, 3, 3, 5, 5, 15, 25, 37, 46, 56, 56"
7985,"1, 1, 2, 2, 2, 4, 4, 6, 14, 24, 30, 42, 52, 72"
7986,"1, 2, 2, 3, 4, 6, 9, 10, 21, 40, 52, 52, 54"
7987,"1, 1, 1, 2, 2, 2, 4, 4, 10, 15, 19, 30, 41, 50, 74"
7988,"1, 1, 1, 1, 1, 1, 1, 2, 2, 4, 5, 12, 14, 31, 48, 57, 74"
7989,"1, 1, 1, 1, 1, 3, 3, 7, 9, 12, 13, 18, 49, 53, 84"
7990,"1, 1, 1, 2, 2, 2, 2, 4, 10, 11, 18, 42, 51, 52, 57"
7991,"1, 1, 1, 1, 1, 2, 3, 6, 13, 16, 21, 24, 30, 64, 72"
7992,"1, 1, 1, 1, 2, 4, 4, 6, 6, 7, 19, 25, 40, 69, 70"
7993,"1, 1, 1, 1, 1, 1, 2, 2, 8, 10, 12, 23, 23, 34, 67, 69"
7994,"1, 1, 1, 1, 1, 1, 2, 5, 7, 10, 10, 13, 19, 51, 56, 77"
7995,"1, 1, 1, 2, 2, 3, 6, 9, 22, 23, 26, 40, 52, 68"
7996,"1, 1, 1, 1, 2, 2, 9, 11, 12, 26, 35, 38, 50, 67"
7997,"1, 1, 3, 3, 3, 7, 9, 14, 17, 31, 46, 51, 70"
7998,"1, 1, 1, 1, 1, 1, 2, 2, 7, 8, 13, 14, 33, 39, 62, 70"
7999,"1, 1, 3, 7, 7, 8, 13, 21, 32, 40, 58, 65"
8000,"1, 1, 1, 1, 1, 3, 3, 9, 11, 13, 13, 18, 51, 51, 79"
8001,"1, 1, 1, 1, 1, 1, 3, 7, 13, 29, 39, 44, 49, 66"
8002,"1, 1, 1, 1, 2, 2, 3, 5, 5, 16, 28, 32, 46, 56, 57"
8003,"1, 1, 1, 1, 1, 3, 4, 4, 9, 9, 17, 43, 53, 53, 56"
8004,"1, 1, 1, 1, 1, 2, 3, 5, 9, 19, 24, 26, 42, 53, 68"
8005,"1, 1, 1, 2, 2, 2, 4, 8, 10, 11, 22, 23, 33, 66, 70"
8006,"1, 1, 1, 1, 1, 2, 2, 2, 3, 23, 25, 28, 39, 62, 65"
8007,"1, 1, 1, 9, 22, 27, 71, 124"
8008,"1, 1, 1, 1, 2, 2, 3, 4, 9, 11, 23, 37, 38, 58, 65"
8009,"1, 1, 1, 2, 3, 3, 4, 9, 17, 23, 37, 45, 52, 58"
8010,"1, 1, 1, 3, 3, 4, 5, 6, 13, 21, 39, 49, 54, 56"
8011,"1, 1, 1, 1, 1, 2, 5, 5, 6, 6, 9, 10, 21, 50, 54, 83"
8012,"1, 1, 1, 1, 2, 2, 8, 11, 13, 22, 39, 50, 51, 54"
8013,"1, 1, 1, 1, 1, 2, 2, 3, 9, 17, 20, 37, 43, 58, 60"
8014,"1, 1, 2, 2, 2, 2, 2, 4, 6, 9, 18, 28, 53, 56, 70"
8015,"1, 1, 1, 1, 2, 3, 3, 6, 7, 15, 15, 29, 47, 54, 71"
8016,"1, 1, 1, 1, 2, 3, 7, 9, 9, 20, 41, 52, 53, 56"
8017,"1, 1, 1, 1, 1, 1, 3, 7, 11, 11, 22, 23, 39, 67, 67"
8018,"1, 1, 1, 1, 1, 2, 3, 5, 10, 16, 22, 23, 45, 55, 70"
8019,"1, 1, 1, 1, 1, 1, 2, 7, 14, 15, 15, 31, 47, 48, 71"
8020,"1, 1, 1, 1, 2, 2, 5, 5, 9, 10, 17, 22, 44, 50, 86"
8021,"1, 1, 1, 1, 1, 3, 5, 7, 8, 11, 13, 34, 53, 54, 63"
8022,"1, 1, 1, 1, 2, 2, 2, 2, 4, 4, 11, 15, 29, 50, 58, 73"
8023,"1, 1, 1, 1, 2, 2, 2, 2, 4, 20, 24, 36, 45, 57, 58"
8024,"1, 1, 1, 1, 1, 1, 2, 9, 11, 11, 18, 28, 35, 68, 68"
8025,"1, 1, 1, 2, 3, 5, 5, 10, 16, 17, 30, 43, 52, 70"
8026,"1, 1, 1, 1, 2, 3, 5, 12, 13, 14, 36, 48, 48, 71"
8027,"1, 1, 1, 1, 1, 2, 3, 4, 5, 9, 16, 45, 54, 54, 59"
8028,"1, 1, 1, 2, 3, 5, 5, 5, 14, 21, 33, 42, 53, 70"
8029,"1, 1, 1, 1, 1, 1, 1, 3, 3, 5, 17, 21, 25, 44, 55, 76"
8030,"1, 1, 1, 1, 6, 18, 30, 95, 103"
8031,"1, 1, 1, 1, 1, 2, 3, 6, 7, 13, 14, 31, 40, 63, 72"
8032,"1, 1, 1, 1, 1, 1, 2, 3, 5, 7, 9, 15, 16, 29, 79, 85"
8033,"1, 1, 1, 1, 2, 3, 4, 4, 7, 16, 21, 40, 45, 54, 56"
8034,"1, 1, 1, 1, 2, 4, 10, 12, 12, 17, 30, 50, 51, 64"
8035,"1, 1, 1, 1, 1, 2, 4, 9, 15, 18, 42, 44, 54, 63"
8036,"1, 1, 1, 2, 3, 3, 5, 6, 15, 25, 33, 47, 56, 58"
8037,"1, 1, 3, 5, 6, 7, 10, 13, 15, 16, 47, 48, 84"
8038,"1, 1, 1, 1, 2, 2, 7, 7, 15, 17, 30, 48, 54, 70"
8039,"1, 1, 1, 1, 2, 4, 4, 4, 7, 12, 17, 39, 44, 47, 72"
8040,"1, 1, 1, 1, 2, 2, 4, 9, 10, 10, 11, 21, 51, 52, 80"
8041,"1, 1, 1, 1, 1, 3, 3, 11, 12, 15, 32, 45, 64, 66"
8042,"1, 1, 1, 1, 2, 2, 3, 5, 5, 14, 15, 34, 45, 54, 73"
8043,"1, 1, 1, 1, 4, 5, 6, 7, 18, 20, 28, 44, 53, 67"
8044,"1, 1, 1, 1, 2, 2, 2, 4, 10, 18, 20, 26, 41, 60, 67"
8045,"1, 1, 1, 1, 1, 2, 3, 5, 7, 7, 9, 12, 21, 48, 53, 84"
8046,"1, 1, 1, 2, 3, 3, 4, 13, 13, 19, 41, 48, 49, 58"
8047,"1, 1, 1, 1, 1, 1, 2, 4, 4, 8, 17, 18, 29, 44, 53, 71"
8048,"1, 1, 1, 3, 4, 4, 4, 7, 15, 22, 22, 47, 54, 71"
8049,"1, 1, 1, 1, 1, 3, 3, 9, 10, 12, 15, 21, 49, 51, 78"
8050,"1, 1, 1, 1, 3, 3, 5, 5, 15, 27, 40, 42, 49, 63"
8051,"1, 1, 3, 4, 5, 5, 9, 9, 28, 31, 38, 56, 66"
8052,"1, 1, 1, 2, 2, 3, 5, 10, 10, 27, 34, 41, 52, 67"
8053,"1, 1, 2, 2, 5, 6, 13, 15, 15, 32, 32, 58, 74"
8054,"1, 1, 1, 2, 2, 5, 7, 9, 15, 20, 25, 46, 56, 66"
8055,"1, 1, 1, 1, 1, 2, 6, 7, 8, 11, 18, 20, 43, 56, 80"
8056,"1, 1, 1, 3, 3, 3, 4, 8, 13, 18, 26, 30, 61, 84"
8057,"1, 1, 1, 1, 1, 1, 2, 2, 3, 4, 16, 17, 29, 45, 59, 73"
8058,"1, 1, 2, 2, 3, 6, 6, 6, 13, 15, 19, 42, 56, 84"
8059,"1, 1, 1, 1, 2, 2, 3, 3, 11, 13, 17, 43, 49, 49, 60"
8060,"1, 1, 2, 4, 6, 6, 10, 14, 18, 30, 32, 62, 70"
8061,"1, 1, 1, 2, 2, 2, 6, 10, 18, 21, 36, 42, 56, 58"
8062,"1, 1, 1, 2, 2, 3, 5, 5, 5, 13, 16, 28, 49, 56, 69"
8063,"1, 1, 1, 2, 2, 3, 4, 6, 6, 11, 11, 32, 52, 55, 69"
8064,"1, 1, 1, 2, 3, 4, 6, 6, 11, 25, 37, 49, 54, 56"
8065,"1, 1, 1, 1, 3, 5, 7, 11, 13, 15, 17, 46, 47, 88"
8066,"1, 1, 1, 1, 2, 2, 2, 6, 8, 14, 17, 32, 38, 61, 70"
8067,"1, 1, 3, 4, 5, 7, 11, 11, 22, 22, 35, 66, 68"
8068,"1, 1, 2, 2, 3, 5, 7, 7, 9, 22, 24, 37, 66, 70"
8069,"1, 1, 1, 1, 1, 2, 2, 7, 14, 14, 14, 18, 47, 54, 79"
8070,"1, 1, 1, 1, 3, 6, 6, 9, 17, 19, 29, 44, 52, 67"
8071,"1, 1, 1, 1, 1, 1, 3, 3, 6, 15, 23, 39, 46, 57, 58"
8072,"1, 1, 1, 1, 1, 1, 1, 2, 4, 6, 7, 11, 14, 19, 46, 55, 85"
8073,"1, 1, 3, 3, 3, 9, 13, 15, 21, 23, 32, 64, 68"
8074,"1, 1, 1, 1, 1, 2, 4, 4, 6, 14, 22, 37, 48, 57, 57"
8075,"1, 1, 1, 1, 1, 1, 1, 2, 3, 13, 16, 20, 41, 45, 50, 59"
8076,"1, 1, 1, 1, 2, 3, 7, 9, 9, 12, 24, 50, 52, 84"
8077,"1, 1, 1, 1, 1, 2, 2, 3, 6, 14, 28, 33, 48, 56, 59"
8078,"1, 1, 1, 2, 2, 3, 6, 7, 8, 10, 24, 53, 54, 84"
8079,"1, 2, 2, 4, 5, 7, 19, 24, 36, 38, 58, 60"
8080,"1, 1, 1, 1, 1, 2, 4, 8, 11, 18, 44, 57, 107"
8081,"1, 1, 1, 2, 2, 3, 3, 4, 4, 7, 22, 39, 40, 57, 70"
8082,"1, 1, 1, 3, 3, 3, 3, 7, 14, 15, 27, 48, 54, 76"
8083,"1, 1, 1, 1, 1, 1, 2, 4, 6, 6, 12, 15, 31, 50, 55, 69"
8084,"1, 1, 1, 1, 1, 2, 4, 6, 6, 16, 17, 29, 46, 56, 69"
8085,"1, 1, 2, 5, 20, 23, 83, 121"
8086,"1, 1, 1, 1, 1, 1, 2, 3, 5, 6, 15, 21, 24, 47, 56, 71"
8087,"1, 1, 1, 2, 2, 3, 3, 7, 9, 12, 12, 32, 50, 52, 69"
8088,"1, 1, 1, 1, 1, 2, 4, 6, 9, 15, 16, 32, 46, 53, 68"
8089,"1, 1, 1, 2, 2, 5, 8, 10, 14, 16, 17, 51, 54, 74"
8090,"1, 1, 1, 1, 3, 3, 3, 5, 11, 12, 14, 17, 47, 57, 80"
8091,"1, 1, 1, 1, 2, 3, 5, 13, 17, 17, 44, 46, 47, 58"
8092,"1, 1, 1, 2, 2, 2, 4, 4, 4, 13, 21, 40, 48, 56, 57"
8093,"1, 1, 2, 4, 18, 40, 90, 100"
8094,"1, 1, 1, 1, 2, 2, 2, 8, 8, 12, 24, 37, 38, 53, 66"
8095,"1, 1, 1, 1, 1, 4, 8, 8, 20, 20, 28, 41, 54, 68"
8096,"1, 1, 1, 2, 2, 3, 3, 7, 14, 16, 45, 52, 109"
8097,"1, 1, 1, 1, 2, 2, 6, 7, 16, 25, 36, 46, 56, 56"
8098,"1, 1, 1, 1, 1, 2, 3, 4, 4, 5, 11, 18, 18, 44, 54, 88"
8099,"1, 1, 1, 2, 2, 3, 4, 5, 5, 13, 17, 26, 49, 58, 69"
8100,"1, 1, 1, 2, 2, 3, 3, 3, 9, 12, 19, 34, 36, 57, 73"
8101,"1, 1, 1, 2, 3, 4, 4, 6, 8, 10, 42, 52, 52, 70"
8102,"1, 1, 1, 2, 2, 2, 4, 8, 13, 28, 32, 49, 54, 59"
8103,"1, 1, 1, 2, 2, 2, 3, 4, 5, 11, 24, 36, 51, 55, 58"
8104,"1, 1, 1, 2, 2, 3, 5, 11, 15, 18, 28, 41, 62, 66"
8105,"1, 1, 1, 2, 2, 2, 4, 6, 10, 20, 29, 30, 62, 86"
8106,"1, 1, 1, 1, 1, 2, 2, 6, 9, 22, 23, 23, 40, 53, 71"
8107,"1, 1, 1, 1, 2, 2, 4, 4, 5, 9, 10, 37, 42, 65, 72"
8108,"1, 1, 1, 1, 3, 6, 7, 9, 9, 14, 22, 54, 54, 74"
8109,"1, 1, 1, 1, 1, 2, 4, 5, 11, 12, 22, 23, 36, 63, 73"
8110,"1, 2, 2, 2, 3, 3, 3, 7, 13, 14, 30, 42, 66, 68"
8111,"1, 1, 1, 1, 1, 2, 2, 4, 6, 8, 9, 14, 21, 47, 58, 80"
8112,"1, 1, 1, 2, 3, 5, 7, 9, 14, 20, 26, 47, 56, 64"
8113,"1, 1, 1, 1, 1, 1, 3, 4, 5, 7, 9, 16, 21, 45, 54, 86"
8114,"1, 1, 1, 1, 2, 2, 3, 7, 8, 10, 20, 41, 52, 53, 54"
8115,"1, 1, 1, 3, 4, 8, 8, 9, 21, 39, 52, 54, 55"
8116,"1, 1, 2, 2, 2, 3, 3, 5, 11, 24, 38, 42, 54, 68"
8117,"1, 1, 1, 1, 3, 4, 6, 9, 14, 18, 30, 45, 53, 70"
8118,"1, 1, 2, 2, 5, 8, 11, 14, 19, 34, 38, 57, 64"
8119,"1, 1, 1, 1, 2, 3, 5, 5, 9, 11, 17, 19, 45, 54, 82"
8120,"1, 1, 2, 2, 3, 4, 4, 7, 15, 22, 38, 47, 54, 56"
8121,"1, 1, 1, 1, 2, 3, 4, 5, 6, 6, 23, 37, 41, 55, 70"
8122,"1, 1, 1, 1, 1, 5, 7, 7, 18, 20, 35, 43, 56, 60"
8123,"1, 1, 2, 2, 2, 3, 4, 7, 21, 28, 34, 40, 53, 58"
8124,"1, 1, 1, 2, 2, 3, 3, 4, 6, 9, 15, 46, 52, 53, 58"
8125,"1, 1, 1, 1, 1, 1, 4, 6, 11, 12, 21, 25, 35, 61, 75"
8126,"1, 1, 2, 3, 4, 4, 4, 8, 15, 15, 28, 47, 52, 72"
8127,"1, 1, 1, 2, 5, 5, 7, 9, 9, 17, 20, 46, 50, 83"
8128,"1, 1, 1, 1, 1, 2, 2, 3, 5, 6, 7, 19, 42, 55, 55, 55"
8129,"1, 1, 1, 1, 1, 1, 2, 4, 6, 6, 7, 15, 25, 46, 54, 85"
8130,"1, 1, 1, 1, 2, 2, 6, 10, 16, 23, 39, 42, 52, 60"
8131,"1, 1, 1, 1, 2, 4, 7, 13, 14, 15, 32, 46, 48, 71"
8132,"1, 1, 1, 2, 2, 2, 4, 4, 6, 16, 25, 29, 40, 51, 72"
8133,"1, 1, 1, 1, 2, 3, 3, 3, 6, 13, 23, 39, 47, 55, 58"
8134,"1, 1, 1, 1, 2, 2, 2, 2, 8, 18, 20, 38, 41, 59, 60"
8135,"1, 1, 1, 1, 2, 4, 8, 8, 14, 18, 29, 47, 54, 68"
8136,"1, 1, 1, 1, 2, 2, 2, 4, 8, 18, 30, 32, 43, 54, 57"
8137,"1, 1, 1, 1, 1, 1, 2, 5, 6, 7, 13, 17, 18, 43, 55, 84"
8138,"1, 1, 1, 2, 2, 5, 16, 19, 24, 38, 44, 46, 57"
8139,"1, 1, 2, 2, 4, 6, 8, 19, 29, 30, 44, 54, 56"
8140,"1, 1, 1, 1, 2, 2, 5, 6, 9, 11, 11, 35, 48, 51, 72"
8141,"1, 1, 1, 1, 2, 3, 4, 5, 8, 10, 17, 44, 52, 52, 55"
8142,"1, 1, 1, 2, 2, 3, 3, 4, 5, 9, 13, 33, 41, 64, 74"
8143,"1, 1, 1, 2, 2, 3, 3, 3, 7, 16, 22, 38, 45, 54, 58"
8144,"1, 1, 1, 2, 2, 6, 8, 10, 13, 17, 18, 44, 53, 80"
8145,"1, 1, 1, 2, 2, 3, 4, 8, 18, 19, 28, 44, 58, 67"
8146,"1, 1, 1, 1, 2, 4, 9, 12, 12, 17, 18, 45, 53, 80"
8147,"1, 1, 1, 1, 4, 6, 8, 10, 10, 16, 21, 46, 46, 85"
8148,"1, 1, 1, 1, 1, 2, 2, 2, 4, 4, 4, 8, 20, 25, 37, 70, 73"
8149,"1, 1, 1, 1, 1, 5, 7, 13, 14, 17, 19, 44, 56, 76"
8150,"1, 1, 1, 1, 1, 2, 3, 7, 10, 13, 19, 43, 49, 51, 54"
8151,"1, 1, 1, 1, 2, 3, 3, 5, 7, 9, 12, 34, 53, 54, 70"
8152,"1, 1, 1, 2, 4, 5, 5, 8, 15, 20, 26, 47, 52, 69"
8153,"1, 1, 1, 1, 1, 2, 4, 4, 6, 18, 22, 28, 42, 55, 70"
8154,"1, 1, 1, 1, 3, 5, 6, 6, 15, 25, 35, 47, 52, 58"
8155,"1, 1, 1, 1, 1, 2, 2, 3, 4, 4, 11, 22, 37, 50, 57, 59"
8156,"1, 1, 1, 1, 2, 2, 3, 5, 8, 9, 17, 43, 53, 54, 56"
8157,"1, 1, 1, 2, 2, 2, 4, 6, 22, 24, 36, 46, 54, 55"
8158,"1, 1, 1, 3, 3, 4, 5, 6, 9, 17, 27, 42, 67, 70"
8159,"1, 1, 2, 3, 4, 4, 5, 6, 12, 22, 22, 48, 54, 72"
8160,"1, 1, 1, 2, 2, 4, 8, 8, 19, 22, 24, 43, 53, 68"
8161,"1, 1, 1, 1, 2, 2, 3, 3, 8, 11, 16, 47, 50, 51, 59"
8162,"1, 1, 1, 2, 2, 2, 3, 5, 8, 10, 13, 36, 50, 50, 72"
8163,"1, 1, 1, 1, 1, 2, 4, 5, 11, 12, 23, 34, 39, 57, 64"
8164,"1, 1, 2, 2, 4, 4, 6, 8, 12, 16, 18, 46, 54, 82"
8165,"1, 1, 1, 1, 1, 2, 4, 7, 20, 30, 32, 41, 55, 60"
8166,"1, 1, 1, 2, 2, 4, 6, 8, 16, 24, 30, 40, 53, 68"
8167,"1, 1, 1, 1, 1, 2, 4, 6, 9, 12, 19, 44, 48, 53, 54"
8168,"1, 1, 1, 1, 1, 1, 2, 2, 4, 4, 8, 9, 10, 36, 51, 51, 73"
8169,"1, 1, 1, 2, 3, 5, 5, 10, 11, 11, 37, 50, 51, 68"
8170,"1, 1, 1, 1, 1, 2, 2, 2, 7, 9, 12, 12, 18, 49, 58, 80"
8171,"1, 1, 1, 1, 2, 4, 8, 10, 15, 19, 31, 38, 60, 65"
8172,"1, 1, 2, 2, 2, 2, 3, 4, 5, 11, 15, 30, 50, 56, 72"
8173,"1, 1, 2, 2, 3, 6, 10, 15, 21, 38, 48, 51, 58"
8174,"1, 1, 2, 2, 3, 4, 9, 17, 32, 42, 45, 46, 52"
8175,"1, 1, 1, 1, 1, 1, 2, 4, 4, 7, 11, 14, 20, 47, 58, 83"
8176,"1, 1, 1, 1, 1, 4, 7, 8, 9, 13, 24, 50, 53, 83"
8177,"1, 1, 1, 1, 2, 3, 5, 12, 19, 19, 25, 41, 60, 66"
8178,"1, 1, 1, 1, 2, 3, 4, 5, 8, 15, 17, 28, 47, 52, 71"
8179,"1, 1, 2, 3, 3, 3, 3, 7, 17, 19, 38, 42, 58, 59"
8180,"1, 1, 1, 2, 2, 2, 8, 9, 10, 25, 38, 52, 52, 53"
8181,"1, 1, 1, 1, 1, 2, 2, 6, 6, 15, 22, 32, 40, 55, 71"
8182,"1, 1, 1, 1, 2, 2, 9, 11, 13, 28, 34, 47, 52, 54"
8183,"1, 1, 1, 1, 2, 3, 9, 9, 21, 23, 24, 40, 53, 68"
8184,"1, 1, 1, 1, 2, 3, 3, 3, 6, 14, 30, 31, 47, 56, 57"
8185,"1, 1, 1, 1, 1, 2, 3, 7, 7, 10, 30, 32, 36, 56, 68"
8186,"1, 2, 2, 2, 5, 9, 10, 12, 15, 18, 52, 52, 76"
8187,"1, 1, 1, 2, 2, 2, 3, 4, 5, 13, 19, 28, 48, 55, 72"
8188,"1, 1, 1, 1, 1, 1, 2, 2, 4, 9, 16, 17, 29, 45, 52, 74"
8189,"1, 1, 1, 1, 2, 3, 3, 4, 6, 16, 22, 29, 37, 56, 74"
8190,"1, 1, 1, 2, 4, 5, 7, 9, 10, 18, 27, 38, 65, 68"
8191,"1, 1, 1, 3, 3, 3, 9, 10, 11, 19, 26, 51, 52, 66"
8192,"1, 1, 1, 2, 3, 4, 7, 10, 11, 18, 45, 49, 50, 54"
8193,"1, 1, 1, 1, 1, 1, 3, 7, 11, 13, 21, 26, 35, 59, 75"
8194,"1, 1, 1, 1, 1, 4, 4, 4, 11, 14, 14, 30, 47, 52, 71"
8195,"1, 1, 2, 2, 2, 3, 4, 4, 6, 6, 20, 26, 37, 68, 74"
8196,"1, 1, 1, 2, 2, 2, 4, 12, 12, 18, 23, 27, 72, 79"
8197,"1, 1, 2, 2, 2, 4, 8, 8, 14, 16, 32, 38, 60, 68"
8198,"1, 1, 1, 1, 2, 2, 3, 3, 12, 13, 18, 43, 49, 50, 57"
8199,"1, 1, 1, 1, 2, 3, 3, 5, 5, 17, 20, 27, 44, 56, 70"
8200,"1, 1, 4, 4, 5, 6, 7, 13, 22, 22, 49, 52, 70"
8201,"1, 1, 1, 3, 3, 3, 9, 11, 13, 13, 19, 48, 49, 82"
8202,"1, 1, 1, 2, 2, 4, 8, 10, 11, 14, 34, 50, 51, 67"
8203,"1, 1, 1, 2, 2, 2, 9, 9, 9, 22, 38, 52, 54, 54"
8204,"1, 1, 2, 3, 4, 6, 7, 13, 30, 32, 50, 53, 54"
8205,"1, 1, 1, 1, 1, 2, 6, 6, 6, 12, 17, 20, 41, 57, 84"
8206,"1, 1, 2, 3, 3, 5, 5, 7, 12, 13, 13, 50, 58, 83"
8207,"1, 1, 1, 2, 4, 5, 10, 17, 17, 25, 44, 62, 67"
8208,"1, 1, 1, 3, 4, 9, 12, 18, 19, 26, 34, 58, 70"
8209,"1, 1, 1, 2, 2, 4, 4, 4, 6, 15, 20, 23, 45, 58, 70"
8210,"1, 1, 2, 2, 2, 3, 4, 4, 16, 20, 32, 42, 55, 72"
8211,"1, 1, 1, 1, 2, 3, 4, 6, 6, 13, 18, 32, 39, 59, 70"
8212,"1, 1, 1, 1, 1, 1, 1, 2, 5, 8, 19, 24, 27, 42, 53, 69"
8213,"1, 1, 1, 2, 2, 2, 4, 4, 5, 6, 21, 38, 41, 58, 70"
8214,"1, 1, 1, 1, 2, 3, 4, 7, 19, 19, 26, 42, 59, 71"
8215,"1, 1, 2, 2, 4, 4, 6, 9, 10, 16, 30, 36, 65, 70"
8216,"1, 1, 1, 1, 1, 1, 1, 1, 2, 6, 9, 12, 12, 35, 49, 52, 71"
8217,"1, 1, 1, 1, 1, 1, 2, 3, 9, 11, 21, 23, 30, 70, 81"
8218,"1, 1, 1, 1, 1, 1, 1, 2, 5, 9, 9, 23, 38, 53, 53, 57"
8219,"1, 1, 1, 1, 1, 1, 1, 2, 3, 4, 5, 11, 16, 34, 41, 61, 72"
8220,"1, 1, 1, 1, 1, 2, 2, 3, 4, 5, 12, 23, 38, 49, 55, 58"
8221,"1, 1, 1, 1, 2, 4, 8, 10, 15, 19, 32, 36, 59, 67"
8222,"1, 1, 1, 3, 3, 4, 5, 6, 14, 29, 32, 47, 54, 56"
8223,"1, 1, 1, 2, 3, 4, 8, 11, 12, 17, 19, 44, 50, 83"
8224,"1, 1, 1, 1, 1, 1, 1, 2, 3, 3, 3, 14, 20, 41, 41, 59, 63"
8225,"1, 1, 1, 1, 1, 3, 7, 9, 19, 31, 32, 43, 52, 55"
8226,"1, 1, 1, 1, 2, 5, 7, 10, 16, 17, 31, 45, 51, 68"
8227,"1, 1, 1, 2, 2, 2, 4, 6, 8, 10, 22, 24, 36, 66, 71"
8228,"1, 1, 1, 1, 1, 1, 1, 2, 3, 4, 22, 22, 39, 44, 55, 58"
8229,"1, 2, 2, 2, 3, 4, 8, 8, 11, 15, 16, 46, 54, 84"
8230,"1, 1, 1, 1, 6, 22, 30, 79, 115"
8231,"1, 1, 1, 1, 2, 2, 4, 4, 6, 12, 16, 30, 49, 53, 74"
8232,"1, 1, 1, 2, 5, 5, 7, 7, 9, 16, 30, 39, 66, 67"
8233,"1, 1, 1, 2, 2, 5, 7, 10, 11, 14, 31, 51, 52, 68"
8234,"1, 1, 3, 3, 4, 7, 7, 8, 22, 39, 40, 54, 67"
8235,"1, 1, 1, 1, 1, 1, 3, 7, 10, 13, 19, 27, 39, 63, 69"
8236,"1, 1, 1, 1, 1, 1, 2, 2, 3, 12, 14, 20, 31, 41, 49, 76"
8237,"1, 1, 1, 1, 2, 3, 7, 8, 17, 18, 28, 45, 55, 69"
8238,"1, 1, 2, 2, 3, 3, 5, 6, 11, 26, 35, 49, 56, 56"
8239,"1, 1, 1, 1, 2, 3, 3, 4, 8, 9, 24, 37, 38, 58, 66"
8240,"1, 2, 2, 2, 2, 3, 4, 9, 10, 17, 42, 52, 52, 58"
8241,"1, 1, 1, 2, 3, 3, 3, 4, 5, 11, 15, 27, 51, 57, 72"
8242,"1, 1, 1, 2, 2, 3, 8, 13, 17, 17, 28, 43, 50, 70"
8243,"1, 1, 2, 2, 2, 3, 3, 4, 6, 11, 18, 28, 48, 58, 69"
8244,"1, 1, 1, 2, 5, 5, 7, 8, 9, 18, 22, 44, 50, 83"
8245,"1, 1, 1, 1, 1, 5, 6, 9, 13, 17, 29, 50, 57, 65"
8246,"1, 1, 1, 2, 3, 4, 7, 11, 12, 16, 29, 52, 53, 64"
8247,"1, 1, 3, 3, 3, 6, 7, 11, 13, 31, 42, 63, 72"
8248,"1, 1, 1, 1, 1, 1, 2, 3, 4, 8, 14, 15, 31, 43, 63, 67"
8249,"1, 1, 1, 1, 1, 1, 5, 5, 7, 12, 25, 33, 50, 56, 57"
8250,"1, 1, 1, 1, 2, 2, 3, 9, 10, 12, 18, 28, 36, 65, 67"
8251,"1, 1, 2, 3, 3, 5, 6, 6, 10, 17, 28, 38, 64, 72"
8252,"1, 1, 1, 2, 2, 6, 6, 10, 13, 19, 27, 48, 56, 64"
8253,"1, 1, 1, 1, 2, 5, 7, 9, 11, 19, 42, 49, 52, 56"
8254,"1, 1, 1, 1, 2, 4, 5, 6, 8, 9, 15, 30, 38, 65, 70"
8255,"1, 1, 1, 1, 1, 2, 3, 6, 9, 13, 17, 26, 50, 54, 71"
8256,"1, 1, 1, 1, 1, 2, 2, 3, 5, 10, 11, 11, 35, 50, 51, 71"
8257,"1, 1, 1, 1, 1, 1, 2, 3, 5, 17, 22, 39, 42, 60, 60"
8258,"1, 1, 1, 2, 3, 4, 4, 13, 13, 24, 33, 37, 56, 64"
8259,"1, 1, 1, 2, 4, 4, 5, 6, 9, 14, 32, 54, 54, 69"
8260,"1, 1, 1, 1, 2, 3, 7, 7, 7, 12, 16, 18, 45, 54, 81"
8261,"1, 1, 1, 1, 2, 5, 9, 10, 11, 15, 32, 51, 53, 64"
8262,"1, 1, 1, 1, 1, 1, 3, 5, 6, 6, 14, 17, 29, 47, 51, 72"
8263,"1, 1, 1, 2, 3, 4, 7, 14, 14, 14, 32, 46, 47, 70"
8264,"1, 2, 3, 4, 4, 5, 9, 11, 21, 22, 36, 66, 72"
8265,"1, 1, 1, 1, 1, 1, 2, 4, 4, 10, 11, 11, 34, 51, 52, 71"
8266,"1, 1, 1, 1, 1, 1, 2, 2, 6, 6, 21, 24, 25, 40, 53, 71"
8267,"1, 1, 1, 1, 1, 3, 6, 6, 7, 14, 17, 30, 47, 53, 68"
8268,"1, 1, 1, 1, 1, 4, 6, 6, 8, 14, 17, 29, 47, 50, 70"
8269,"1, 1, 1, 1, 3, 4, 8, 11, 12, 15, 35, 48, 49, 67"
8270,"1, 1, 2, 2, 2, 4, 4, 8, 10, 16, 30, 50, 52, 74"
8271,"1, 1, 2, 3, 3, 4, 4, 9, 11, 12, 31, 35, 68, 72"
8272,"1, 1, 1, 2, 2, 3, 3, 3, 4, 14, 15, 31, 47, 57, 72"
8273,"1, 1, 1, 1, 4, 4, 8, 8, 15, 15, 32, 36, 63, 67"
8274,"1, 1, 2, 2, 3, 3, 7, 8, 9, 22, 24, 37, 67, 70"
8275,"1, 1, 1, 2, 2, 2, 3, 4, 4, 22, 24, 24, 42, 51, 73"
8276,"1, 1, 1, 1, 1, 1, 2, 3, 4, 4, 18, 22, 28, 42, 55, 72"
8277,"1, 1, 1, 2, 2, 2, 2, 3, 7, 16, 17, 28, 44, 60, 70"
8278,"1, 1, 1, 1, 2, 3, 4, 5, 7, 10, 14, 32, 39, 65, 71"
8279,"1, 1, 1, 2, 2, 3, 3, 9, 13, 21, 38, 50, 54, 58"
8280,"1, 1, 1, 2, 3, 3, 3, 3, 5, 16, 17, 28, 45, 56, 72"
8281,"1, 1, 1, 1, 2, 2, 3, 3, 4, 5, 10, 15, 30, 51, 56, 71"
8282,"1, 1, 1, 2, 5, 11, 11, 13, 17, 28, 48, 52, 66"
8283,"1, 1, 1, 1, 1, 1, 3, 4, 5, 11, 22, 36, 51, 58, 60"
8284,"1, 1, 1, 1, 1, 1, 4, 6, 7, 19, 20, 27, 42, 56, 69"
8285,"1, 1, 1, 1, 2, 4, 8, 9, 15, 17, 32, 38, 60, 67"
8286,"1, 1, 1, 1, 1, 2, 4, 4, 6, 8, 9, 19, 27, 35, 68, 69"
8287,"1, 1, 1, 1, 1, 1, 4, 4, 8, 8, 13, 16, 17, 45, 52, 83"
8288,"1, 1, 1, 1, 1, 2, 3, 4, 8, 15, 25, 36, 47, 52, 59"
8289,"1, 1, 1, 1, 2, 3, 5, 9, 20, 25, 25, 43, 54, 66"
8290,"1, 1, 1, 1, 2, 2, 5, 5, 9, 11, 20, 25, 35, 66, 72"
8291,"1, 1, 1, 3, 5, 5, 5, 9, 11, 11, 20, 49, 50, 85"
8292,"1, 1, 1, 2, 3, 3, 4, 6, 12, 25, 27, 36, 54, 81"
8293,"1, 1, 1, 1, 1, 4, 5, 7, 13, 26, 34, 49, 56, 57"
8294,"1, 1, 2, 2, 3, 6, 6, 9, 9, 14, 30, 38, 67, 68"
8295,"1, 1, 2, 3, 3, 4, 8, 9, 13, 21, 23, 32, 68, 68"
8296,"1, 2, 2, 6, 18, 31, 92, 104"
8297,"1, 1, 1, 2, 2, 4, 4, 12, 13, 24, 33, 38, 58, 63"
8298,"1, 1, 1, 1, 1, 1, 4, 7, 12, 12, 21, 41, 48, 49, 56"
8299,"1, 1, 2, 2, 2, 3, 3, 5, 8, 13, 16, 19, 40, 53, 88"
8300,"1, 1, 1, 2, 2, 4, 4, 6, 6, 11, 12, 20, 48, 53, 85"
8301,"1, 1, 2, 4, 6, 8, 10, 10, 13, 22, 48, 49, 82"
8302,"1, 1, 1, 1, 1, 2, 2, 2, 2, 8, 14, 15, 30, 47, 54, 75"
8303,"1, 1, 2, 3, 3, 5, 6, 15, 19, 27, 42, 60, 72"
8304,"1, 1, 1, 1, 3, 3, 5, 5, 5, 11, 13, 32, 41, 65, 69"
8305,"1, 1, 1, 1, 2, 4, 6, 10, 19, 25, 37, 43, 52, 54"
8306,"1, 1, 1, 3, 3, 3, 7, 7, 17, 17, 25, 45, 56, 70"
8307,"1, 2, 4, 5, 8, 9, 19, 20, 24, 44, 54, 66"
8308,"1, 1, 1, 2, 4, 4, 8, 8, 10, 18, 20, 42, 54, 83"
8309,"1, 1, 1, 1, 1, 2, 3, 5, 9, 16, 17, 30, 45, 53, 71"
8310,"1, 1, 1, 1, 2, 3, 3, 3, 11, 16, 16, 45, 46, 49, 58"
8311,"1, 1, 1, 3, 4, 6, 7, 8, 9, 19, 25, 38, 64, 70"
8312,"1, 1, 2, 3, 3, 4, 7, 9, 11, 16, 27, 50, 54, 68"
8313,"1, 1, 1, 1, 2, 4, 4, 4, 10, 16, 18, 29, 43, 50, 72"
8314,"1, 1, 1, 1, 2, 2, 3, 9, 10, 12, 15, 30, 51, 52, 66"
8315,"1, 1, 1, 1, 1, 4, 7, 12, 20, 24, 27, 38, 47, 72"
8316,"1, 1, 2, 2, 2, 4, 10, 15, 20, 42, 43, 52, 62"
8317,"1, 1, 1, 1, 2, 2, 3, 5, 8, 14, 20, 28, 46, 53, 71"
8318,"1, 1, 1, 1, 2, 2, 4, 4, 4, 6, 12, 14, 18, 46, 53, 87"
8319,"1, 1, 1, 1, 3, 5, 7, 7, 15, 16, 29, 48, 52, 70"
8320,"1, 1, 2, 2, 4, 4, 4, 6, 13, 22, 22, 34, 70, 71"
8321,"1, 1, 1, 1, 2, 3, 5, 7, 7, 7, 17, 26, 39, 68, 71"
8322,"1, 1, 1, 1, 1, 3, 5, 5, 9, 11, 15, 31, 42, 63, 67"
8323,"1, 1, 1, 1, 2, 3, 3, 6, 7, 13, 14, 25, 47, 48, 84"
8324,"1, 1, 1, 2, 2, 4, 8, 10, 13, 15, 31, 50, 50, 68"
8325,"1, 1, 1, 2, 2, 3, 4, 6, 6, 13, 15, 30, 48, 55, 69"
8326,"1, 1, 1, 1, 1, 2, 3, 6, 10, 12, 14, 17, 24, 79, 84"
8327,"1, 1, 2, 2, 3, 3, 7, 11, 13, 17, 28, 34, 64, 70"
8328,"1, 1, 1, 1, 2, 3, 12, 13, 13, 21, 25, 33, 64, 66"
8329,"1, 1, 1, 2, 5, 6, 11, 12, 20, 23, 51, 57, 66"
8330,"1, 1, 2, 2, 3, 4, 8, 10, 11, 22, 22, 36, 66, 68"
8331,"1, 1, 1, 3, 5, 7, 11, 13, 17, 29, 40, 64, 64"
8332,"1, 1, 1, 2, 2, 3, 8, 9, 13, 19, 25, 50, 54, 68"
8333,"1, 1, 2, 3, 5, 7, 11, 17, 19, 28, 44, 50, 68"
8334,"1, 1, 1, 1, 2, 4, 8, 11, 12, 14, 23, 49, 51, 78"
8335,"1, 1, 1, 2, 2, 3, 6, 8, 13, 17, 34, 38, 58, 72"
8336,"1, 1, 1, 1, 2, 3, 6, 8, 13, 20, 27, 47, 55, 71"
8337,"1, 1, 2, 2, 3, 6, 9, 14, 20, 42, 44, 52, 60"
8338,"1, 1, 1, 1, 1, 2, 5, 5, 10, 12, 20, 22, 41, 49, 85"
8339,"1, 1, 1, 1, 1, 3, 5, 5, 9, 10, 20, 22, 42, 50, 85"
8340,"1, 1, 1, 1, 3, 4, 4, 13, 17, 19, 30, 43, 47, 72"
8341,"1, 1, 1, 2, 3, 3, 4, 7, 10, 12, 35, 44, 63, 70"
8342,"1, 1, 2, 3, 3, 3, 7, 7, 15, 19, 24, 47, 54, 70"
8343,"1, 1, 2, 2, 2, 2, 8, 8, 19, 22, 22, 41, 54, 72"
8344,"1, 1, 1, 1, 1, 1, 3, 3, 6, 6, 7, 13, 17, 29, 81, 85"
8345,"1, 1, 1, 2, 2, 2, 4, 6, 8, 16, 18, 27, 44, 54, 70"
8346,"1, 1, 1, 1, 2, 2, 5, 9, 10, 11, 18, 19, 42, 52, 82"
8347,"1, 1, 1, 1, 1, 1, 2, 6, 7, 17, 18, 29, 41, 58, 72"
8348,"1, 1, 1, 1, 2, 3, 3, 11, 21, 24, 37, 42, 51, 58"
8349,"1, 1, 1, 1, 2, 4, 10, 11, 12, 17, 19, 44, 51, 82"
8350,"1, 1, 1, 1, 2, 2, 2, 7, 9, 12, 22, 23, 36, 66, 71"
8351,"1, 1, 1, 2, 3, 3, 6, 8, 11, 21, 42, 50, 51, 56"
8352,"1, 1, 1, 1, 1, 1, 4, 5, 7, 8, 11, 16, 19, 45, 52, 83"
8353,"1, 1, 2, 2, 2, 3, 3, 3, 7, 12, 15, 32, 42, 62, 69"
8354,"1, 1, 2, 2, 3, 3, 5, 11, 12, 12, 20, 50, 54, 80"
8355,"1, 1, 1, 1, 3, 3, 6, 28, 35, 41, 42, 44, 50"
8356,"1, 1, 1, 1, 2, 2, 2, 8, 10, 12, 20, 27, 34, 66, 69"
8357,"1, 1, 2, 2, 3, 3, 5, 9, 16, 17, 28, 46, 50, 73"
8358,"1, 1, 3, 3, 3, 3, 11, 13, 16, 32, 41, 63, 66"
8359,"1, 1, 2, 5, 11, 15, 15, 20, 26, 48, 52, 60"
8360,"1, 1, 1, 1, 2, 2, 3, 6, 9, 12, 16, 16, 24, 79, 83"
8361,"1, 1, 1, 2, 2, 3, 3, 5, 7, 11, 14, 32, 42, 62, 70"
8362,"1, 1, 1, 1, 2, 2, 3, 3, 7, 17, 23, 30, 39, 52, 74"
8363,"1, 1, 1, 2, 5, 7, 12, 19, 21, 28, 42, 49, 68"
8364,"1, 1, 1, 1, 1, 2, 3, 6, 11, 12, 31, 32, 33, 55, 66"
8365,"1, 1, 1, 1, 1, 3, 4, 4, 5, 17, 21, 29, 40, 56, 72"
8366,"1, 2, 2, 2, 3, 6, 10, 15, 20, 26, 32, 68, 69"
8367,"1, 1, 1, 1, 2, 2, 4, 4, 5, 20, 25, 25, 39, 52, 74"
8368,"1, 1, 1, 2, 3, 3, 5, 8, 13, 16, 30, 47, 54, 72"
8369,"1, 1, 1, 1, 1, 2, 7, 7, 7, 9, 14, 24, 48, 55, 78"
8370,"1, 1, 2, 2, 4, 12, 12, 13, 18, 28, 49, 50, 64"
8371,"1, 1, 1, 1, 2, 3, 6, 9, 20, 27, 28, 39, 50, 68"
8372,"1, 1, 1, 1, 1, 2, 2, 3, 3, 10, 13, 19, 27, 33, 67, 72"
8373,"1, 1, 1, 1, 1, 2, 4, 8, 12, 14, 15, 31, 48, 48, 69"
8374,"1, 1, 1, 2, 3, 3, 7, 8, 17, 20, 28, 38, 58, 69"
8375,"1, 1, 2, 3, 3, 9, 13, 15, 20, 27, 32, 62, 68"
8376,"1, 1, 1, 3, 6, 7, 9, 14, 16, 33, 40, 58, 67"
8377,"1, 1, 1, 2, 2, 4, 5, 8, 22, 24, 25, 42, 51, 68"
8378,"1, 1, 1, 1, 1, 1, 2, 3, 5, 9, 11, 15, 19, 45, 59, 82"
8379,"1, 1, 1, 2, 3, 3, 6, 7, 21, 23, 26, 40, 52, 70"
8380,"1, 1, 2, 2, 2, 4, 4, 10, 13, 16, 30, 41, 64, 66"
8381,"1, 1, 1, 2, 2, 3, 8, 10, 11, 13, 22, 51, 52, 79"
8382,"1, 1, 1, 1, 2, 3, 5, 5, 9, 9, 15, 22, 43, 53, 86"
8383,"1, 1, 1, 1, 2, 4, 4, 6, 8, 11, 20, 20, 41, 50, 86"
8384,"1, 1, 1, 1, 2, 3, 4, 7, 7, 10, 13, 33, 50, 54, 69"
8385,"1, 1, 1, 1, 1, 2, 11, 13, 14, 20, 28, 46, 51, 66"
8386,"1, 1, 1, 2, 2, 2, 4, 10, 11, 27, 42, 50, 51, 52"
8387,"1, 1, 1, 1, 1, 2, 3, 8, 9, 18, 21, 25, 44, 53, 68"
8388,"1, 1, 1, 1, 1, 2, 4, 7, 10, 11, 18, 34, 40, 59, 66"
8389,"1, 1, 1, 3, 4, 4, 8, 10, 13, 14, 18, 45, 50, 84"
8390,"1, 1, 1, 1, 3, 5, 7, 11, 14, 15, 20, 42, 57, 78"
8391,"1, 1, 1, 1, 2, 2, 3, 3, 5, 18, 28, 33, 44, 56, 58"
8392,"1, 1, 1, 2, 2, 5, 5, 8, 15, 19, 27, 46, 54, 70"
8393,"1, 1, 1, 1, 1, 1, 1, 1, 3, 7, 8, 27, 34, 43, 55, 71"
8394,"1, 1, 1, 1, 1, 2, 3, 6, 11, 13, 27, 33, 35, 56, 65"
8395,"1, 2, 2, 3, 5, 5, 11, 16, 19, 28, 44, 48, 72"
8396,"1, 1, 1, 1, 2, 2, 3, 7, 7, 9, 16, 29, 53, 54, 70"
8397,"1, 1, 1, 2, 2, 5, 8, 9, 11, 15, 20, 52, 54, 75"
8398,"1, 1, 1, 2, 2, 2, 6, 6, 19, 25, 36, 42, 56, 57"
8399,"1, 1, 1, 2, 3, 4, 7, 8, 15, 20, 26, 47, 52, 69"
8400,"1, 1, 1, 1, 2, 6, 6, 8, 15, 18, 28, 47, 56, 66"
8401,"1, 1, 1, 2, 3, 8, 9, 19, 28, 33, 43, 54, 54"
8402,"1, 1, 1, 2, 2, 2, 4, 5, 5, 13, 14, 32, 48, 57, 69"
8403,"1, 1, 2, 2, 3, 4, 4, 12, 15, 15, 30, 46, 48, 73"
8404,"1, 1, 1, 1, 1, 3, 3, 9, 13, 13, 14, 18, 48, 51, 79"
8405,"1, 1, 1, 1, 1, 1, 1, 3, 5, 7, 17, 20, 39, 45, 56, 57"
8406,"1, 1, 1, 2, 2, 3, 4, 5, 6, 15, 16, 28, 47, 55, 70"
8407,"1, 1, 1, 1, 1, 1, 2, 4, 8, 8, 10, 13, 33, 52, 53, 67"
8408,"1, 2, 2, 3, 4, 8, 23, 24, 38, 40, 53, 58"
8409,"1, 2, 2, 2, 2, 4, 6, 8, 13, 18, 28, 46, 54, 70"
8410,"1, 1, 1, 1, 3, 6, 7, 26, 28, 33, 40, 51, 58"
8411,"1, 1, 1, 2, 2, 2, 2, 6, 6, 13, 14, 32, 48, 54, 72"
8412,"1, 1, 1, 1, 3, 4, 5, 8, 18, 29, 31, 44, 52, 58"
8413,"1, 1, 1, 2, 2, 4, 5, 11, 13, 23, 35, 38, 58, 62"
8414,"1, 1, 1, 1, 1, 1, 4, 5, 7, 8, 9, 10, 24, 51, 51, 81"
8415,"1, 1, 1, 1, 2, 5, 9, 11, 14, 18, 28, 48, 54, 63"
8416,"1, 1, 1, 2, 2, 2, 3, 6, 7, 14, 16, 16, 44, 56, 85"
8417,"1, 1, 1, 1, 2, 2, 2, 6, 7, 17, 20, 23, 45, 56, 72"
8418,"1, 1, 1, 1, 2, 2, 3, 3, 11, 13, 16, 29, 43, 64, 66"
8419,"1, 1, 1, 1, 2, 2, 3, 9, 10, 14, 17, 18, 42, 51, 84"
8420,"1, 1, 1, 1, 2, 2, 3, 7, 10, 13, 13, 16, 27, 75, 84"
8421,"1, 1, 1, 1, 1, 2, 5, 7, 7, 19, 21, 26, 41, 56, 67"
8422,"1, 1, 1, 1, 3, 4, 6, 13, 15, 22, 23, 31, 66, 69"
8423,"1, 1, 1, 1, 2, 2, 4, 6, 8, 11, 19, 20, 43, 53, 84"
8424,"1, 1, 2, 2, 3, 5, 7, 11, 12, 18, 26, 34, 64, 70"
8425,"1, 1, 1, 1, 1, 2, 5, 5, 8, 18, 23, 39, 43, 54, 54"
8426,"1, 1, 2, 3, 4, 6, 6, 15, 21, 30, 42, 55, 70"
8427,"1, 1, 1, 2, 2, 4, 6, 7, 15, 17, 28, 46, 56, 70"
8428,"1, 1, 1, 2, 2, 2, 4, 4, 6, 13, 18, 27, 47, 58, 70"
8429,"1, 1, 1, 1, 2, 4, 4, 9, 17, 26, 36, 45, 53, 56"
8430,"1, 1, 1, 1, 2, 3, 3, 8, 10, 11, 17, 27, 51, 54, 66"
8431,"1, 1, 1, 1, 2, 3, 4, 7, 7, 8, 14, 31, 40, 67, 69"
8432,"1, 1, 1, 2, 3, 3, 9, 11, 13, 13, 33, 48, 50, 68"
8433,"1, 1, 1, 2, 2, 2, 6, 9, 10, 21, 40, 52, 52, 57"
8434,"1, 1, 1, 1, 1, 2, 4, 12, 18, 20, 28, 41, 46, 80"
8435,"1, 1, 1, 2, 3, 4, 10, 21, 22, 26, 44, 55, 66"
8436,"1, 1, 1, 1, 2, 2, 3, 5, 8, 14, 16, 31, 47, 52, 72"
8437,"1, 1, 2, 2, 3, 4, 4, 10, 11, 21, 40, 49, 50, 58"
8438,"1, 1, 1, 1, 2, 6, 8, 11, 13, 14, 20, 50, 53, 75"
8439,"1, 1, 2, 3, 3, 3, 7, 11, 13, 15, 30, 47, 50, 70"
8440,"1, 1, 1, 1, 2, 2, 5, 5, 10, 10, 19, 20, 43, 50, 86"
8441,"1, 1, 1, 1, 2, 2, 2, 2, 3, 7, 9, 12, 34, 51, 53, 75"
8442,"1, 1, 1, 1, 3, 3, 5, 9, 20, 22, 28, 40, 55, 67"
8443,"1, 1, 1, 1, 2, 3, 3, 5, 7, 7, 17, 22, 39, 72, 75"
8444,"1, 1, 1, 1, 1, 3, 3, 5, 9, 11, 18, 30, 37, 62, 73"
8445,"1, 1, 1, 1, 1, 1, 2, 2, 4, 11, 14, 17, 28, 42, 63, 67"
8446,"1, 1, 1, 1, 2, 3, 3, 3, 11, 14, 16, 33, 44, 49, 74"
8447,"1, 1, 1, 1, 2, 2, 3, 6, 8, 11, 17, 28, 50, 50, 75"
8448,"1, 1, 1, 1, 2, 6, 7, 10, 12, 17, 33, 40, 61, 64"
8449,"1, 1, 1, 1, 2, 6, 6, 10, 13, 17, 45, 50, 51, 52"
8450,"1, 1, 2, 3, 5, 9, 12, 12, 13, 20, 50, 52, 76"
8451,"1, 1, 1, 2, 3, 6, 6, 9, 9, 21, 26, 37, 66, 68"
8452,"1, 1, 1, 1, 1, 2, 4, 6, 8, 12, 13, 26, 48, 49, 83"
8453,"1, 1, 1, 3, 4, 4, 5, 8, 11, 16, 24, 43, 47, 88"
8454,"1, 1, 2, 2, 3, 3, 5, 10, 14, 17, 42, 48, 52, 56"
8455,"1, 1, 1, 2, 2, 2, 3, 5, 7, 12, 13, 32, 42, 64, 69"
8456,"1, 1, 1, 2, 5, 5, 7, 11, 12, 18, 27, 34, 64, 68"
8457,"1, 1, 1, 2, 3, 3, 3, 9, 15, 24, 37, 45, 54, 58"
8458,"1, 1, 2, 2, 3, 3, 9, 9, 11, 11, 34, 50, 52, 68"
8459,"1, 1, 1, 1, 3, 5, 5, 7, 16, 20, 26, 44, 54, 72"
8460,"1, 1, 1, 1, 2, 3, 4, 7, 8, 12, 20, 24, 33, 69, 70"
8461,"1, 1, 1, 1, 1, 1, 2, 4, 5, 7, 8, 18, 28, 39, 66, 73"
8462,"1, 1, 1, 2, 2, 3, 4, 4, 7, 15, 16, 29, 43, 56, 72"
8463,"1, 1, 2, 2, 3, 3, 4, 6, 15, 24, 36, 48, 54, 57"
8464,"1, 1, 1, 1, 1, 1, 2, 2, 5, 5, 16, 28, 32, 45, 57, 58"
8465,"1, 1, 1, 1, 2, 3, 3, 4, 7, 13, 16, 30, 44, 61, 69"
8466,"1, 1, 1, 1, 1, 2, 2, 5, 7, 20, 28, 32, 42, 56, 57"
8467,"1, 1, 1, 1, 1, 1, 3, 4, 5, 10, 11, 15, 31, 35, 65, 71"
8468,"1, 1, 1, 1, 1, 1, 2, 2, 3, 5, 21, 25, 26, 41, 50, 75"
8469,"1, 1, 1, 1, 2, 2, 6, 8, 22, 24, 30, 39, 47, 72"
8470,"1, 1, 1, 1, 1, 1, 4, 8, 10, 11, 17, 29, 49, 51, 71"
8471,"1, 1, 1, 1, 1, 3, 3, 3, 11, 11, 17, 44, 50, 51, 58"
8472,"1, 1, 2, 3, 5, 9, 9, 9, 18, 27, 50, 54, 68"
8473,"1, 1, 1, 2, 3, 5, 7, 7, 19, 21, 24, 41, 56, 68"
8474,"1, 1, 3, 4, 5, 8, 9, 11, 22, 23, 36, 66, 67"
8475,"1, 1, 1, 1, 1, 1, 2, 2, 8, 10, 11, 17, 28, 51, 54, 67"
8476,"1, 1, 3, 4, 4, 9, 10, 11, 16, 27, 50, 52, 68"
8477,"1, 1, 2, 2, 2, 5, 7, 8, 11, 11, 34, 52, 54, 66"
8478,"1, 1, 1, 2, 2, 4, 4, 6, 14, 15, 31, 43, 62, 70"
8479,"1, 1, 1, 2, 2, 3, 4, 5, 8, 11, 16, 19, 42, 55, 86"
8480,"1, 1, 1, 2, 2, 2, 11, 11, 12, 15, 30, 50, 50, 68"
8481,"1, 1, 2, 2, 3, 6, 12, 15, 20, 28, 45, 49, 72"
8482,"1, 1, 1, 1, 2, 3, 5, 5, 9, 12, 19, 27, 48, 56, 66"
8483,"1, 1, 1, 1, 1, 4, 4, 6, 8, 18, 19, 27, 44, 53, 68"
8484,"1, 1, 1, 2, 2, 2, 3, 5, 7, 11, 14, 32, 50, 54, 71"
8485,"1, 1, 1, 2, 3, 3, 4, 6, 7, 12, 12, 17, 48, 54, 85"
8486,"1, 1, 1, 1, 1, 2, 5, 5, 6, 7, 21, 40, 52, 56, 57"
8487,"1, 1, 1, 1, 3, 3, 7, 11, 16, 17, 28, 44, 51, 72"
8488,"1, 1, 1, 1, 1, 1, 2, 8, 10, 13, 17, 30, 49, 55, 66"
8489,"1, 1, 1, 2, 2, 3, 3, 9, 19, 22, 38, 44, 52, 59"
8490,"1, 1, 1, 3, 3, 4, 5, 8, 15, 17, 25, 47, 58, 68"
8491,"1, 1, 1, 1, 2, 2, 2, 2, 5, 7, 9, 14, 30, 39, 64, 76"
8492,"1, 1, 1, 2, 2, 3, 4, 6, 8, 12, 17, 17, 43, 56, 83"
8493,"1, 2, 2, 2, 3, 3, 4, 13, 20, 40, 44, 60, 62"
8494,"1, 1, 1, 1, 1, 1, 2, 3, 8, 10, 11, 21, 25, 35, 65, 70"
8495,"1, 1, 1, 1, 2, 2, 2, 3, 4, 17, 22, 40, 43, 58, 59"
8496,"1, 1, 2, 2, 3, 10, 11, 14, 26, 36, 48, 50, 52"
8497,"1, 1, 2, 2, 3, 3, 3, 4, 16, 19, 28, 44, 57, 73"
8498,"1, 1, 1, 1, 2, 3, 3, 5, 9, 12, 20, 25, 34, 68, 71"
8499,"1, 1, 1, 2, 2, 5, 6, 7, 18, 22, 24, 43, 52, 72"
8500,"1, 1, 1, 2, 2, 2, 2, 14, 16, 21, 32, 40, 46, 76"
8501,"1, 1, 1, 1, 1, 1, 2, 3, 5, 7, 12, 18, 33, 39, 60, 71"
8502,"1, 1, 2, 3, 4, 6, 6, 7, 8, 9, 20, 52, 53, 84"
8503,"1, 1, 1, 3, 4, 11, 32, 97, 106"
8504,"1, 1, 2, 2, 3, 4, 9, 13, 20, 39, 50, 54, 58"
8505,"1, 1, 1, 1, 2, 5, 8, 11, 15, 18, 32, 32, 59, 70"
8506,"1, 1, 1, 1, 2, 4, 4, 11, 13, 20, 42, 50, 51, 55"
8507,"1, 1, 1, 1, 2, 2, 4, 4, 10, 13, 21, 24, 49, 58, 65"
8508,"1, 1, 1, 1, 1, 1, 3, 4, 4, 6, 11, 15, 31, 41, 66, 69"
8509,"1, 1, 1, 1, 1, 1, 2, 4, 4, 5, 14, 17, 42, 45, 55, 62"
8510,"1, 1, 1, 1, 2, 4, 8, 10, 10, 12, 24, 47, 51, 84"
8511,"1, 1, 1, 1, 1, 2, 2, 4, 4, 7, 9, 11, 36, 51, 55, 70"
8512,"1, 1, 1, 1, 1, 2, 3, 6, 6, 12, 12, 35, 44, 64, 67"
8513,"1, 1, 1, 1, 1, 3, 6, 11, 11, 18, 20, 28, 70, 84"
8514,"1, 2, 2, 3, 4, 6, 10, 13, 17, 28, 50, 54, 66"
8515,"1, 2, 2, 3, 5, 6, 9, 11, 16, 30, 49, 50, 72"
8516,"1, 1, 1, 1, 1, 1, 4, 7, 12, 12, 21, 41, 48, 49, 56"
8517,"1, 1, 1, 2, 3, 6, 6, 7, 14, 15, 20, 42, 56, 82"
8518,"1, 1, 2, 3, 3, 4, 5, 8, 14, 15, 29, 47, 52, 72"
8519,"1, 2, 2, 3, 4, 5, 10, 22, 22, 23, 38, 52, 72"
8520,"1, 1, 1, 4, 4, 4, 8, 17, 24, 40, 44, 52, 56"
8521,"1, 1, 2, 2, 4, 6, 6, 6, 9, 18, 27, 52, 52, 70"
8522,"1, 1, 1, 1, 1, 2, 2, 11, 17, 23, 35, 46, 55, 60"
8523,"1, 2, 3, 3, 4, 8, 11, 15, 15, 30, 46, 50, 68"
8524,"1, 2, 2, 3, 3, 4, 4, 7, 11, 14, 30, 49, 54, 72"
8525,"1, 1, 1, 1, 2, 2, 2, 2, 6, 7, 10, 14, 30, 51, 56, 70"
8526,"1, 1, 1, 1, 3, 4, 4, 8, 16, 21, 39, 44, 52, 61"
8527,"1, 1, 1, 2, 3, 6, 10, 13, 23, 39, 42, 52, 63"
8528,"1, 1, 1, 1, 3, 3, 3, 7, 7, 8, 21, 39, 53, 54, 54"
8529,"1, 1, 1, 1, 1, 5, 7, 11, 19, 20, 27, 43, 47, 72"
8530,"1, 1, 3, 5, 19, 30, 93, 104"
8531,"1, 1, 1, 1, 1, 1, 1, 2, 2, 6, 8, 12, 21, 25, 34, 68, 71"
8532,"1, 1, 1, 2, 3, 3, 3, 9, 21, 27, 33, 40, 52, 60"
8533,"1, 1, 1, 1, 2, 3, 9, 11, 13, 20, 26, 34, 64, 70"
8534,"1, 1, 2, 2, 3, 3, 5, 11, 13, 14, 33, 48, 48, 72"
8535,"1, 1, 1, 1, 1, 1, 4, 14, 15, 18, 28, 45, 62, 64"
8536,"1, 1, 2, 2, 2, 3, 9, 10, 11, 12, 32, 51, 52, 68"
8537,"1, 1, 1, 2, 2, 4, 8, 9, 12, 14, 32, 53, 54, 63"
8538,"1, 1, 1, 2, 2, 2, 2, 3, 6, 18, 21, 26, 43, 56, 72"
8539,"1, 1, 1, 1, 2, 2, 4, 6, 6, 16, 26, 35, 45, 54, 56"
8540,"1, 1, 2, 3, 4, 5, 5, 18, 27, 30, 44, 56, 60"
8541,"1, 1, 2, 3, 4, 4, 5, 6, 6, 21, 38, 41, 54, 70"
8542,"1, 1, 1, 2, 2, 4, 6, 6, 9, 28, 40, 49, 53, 54"
8543,"1, 1, 1, 1, 1, 2, 3, 4, 5, 17, 20, 27, 41, 58, 74"
8544,"1, 1, 1, 1, 3, 5, 7, 13, 14, 16, 31, 32, 59, 72"
8545,"1, 1, 1, 1, 2, 3, 7, 8, 20, 29, 31, 42, 54, 56"
8546,"1, 1, 1, 1, 2, 4, 7, 8, 13, 18, 45, 49, 52, 54"
8547,"1, 1, 1, 1, 3, 3, 5, 7, 17, 27, 31, 45, 56, 58"
8548,"1, 1, 2, 2, 3, 4, 7, 7, 10, 22, 24, 38, 66, 69"
8549,"1, 1, 1, 1, 2, 3, 3, 12, 16, 30, 35, 41, 44, 66"
8550,"1, 1, 1, 2, 2, 4, 6, 8, 16, 17, 30, 44, 56, 68"
8551,"1, 1, 1, 1, 1, 5, 6, 7, 8, 8, 19, 28, 37, 65, 68"
8552,"1, 1, 1, 2, 3, 3, 5, 9, 19, 23, 39, 42, 50, 58"
8553,"1, 1, 1, 1, 1, 2, 3, 5, 10, 11, 15, 32, 34, 67, 72"
8554,"1, 1, 2, 3, 3, 3, 3, 7, 14, 15, 31, 47, 54, 72"
8555,"1, 1, 1, 1, 2, 2, 4, 4, 8, 11, 20, 41, 51, 52, 57"
8556,"1, 1, 1, 1, 1, 1, 3, 4, 7, 13, 17, 42, 44, 55, 65"
8557,"1, 1, 1, 1, 1, 2, 2, 7, 10, 17, 18, 30, 39, 58, 68"
8558,"1, 1, 1, 1, 4, 5, 9, 11, 12, 19, 19, 43, 48, 82"
8559,"1, 1, 1, 1, 4, 4, 5, 6, 12, 24, 24, 41, 64, 68"
8560,"1, 1, 2, 2, 3, 5, 5, 8, 13, 13, 18, 47, 54, 84"
8561,"1, 1, 2, 2, 2, 4, 7, 9, 14, 15, 32, 45, 48, 74"
8562,"1, 1, 2, 3, 4, 8, 9, 11, 18, 26, 51, 52, 70"
8563,"1, 1, 2, 2, 4, 5, 5, 10, 12, 13, 36, 47, 48, 70"
8564,"1, 1, 1, 1, 3, 4, 8, 9, 15, 17, 28, 48, 53, 67"
8565,"1, 1, 1, 4, 4, 4, 4, 11, 12, 18, 25, 35, 64, 72"
8566,"1, 1, 1, 1, 2, 4, 4, 6, 13, 25, 30, 39, 53, 76"
8567,"1, 1, 1, 2, 2, 3, 4, 10, 22, 24, 25, 42, 51, 68"
8568,"1, 1, 1, 1, 2, 3, 5, 5, 6, 18, 46, 53, 56, 58"
8569,"1, 1, 1, 1, 2, 2, 4, 4, 4, 18, 25, 27, 41, 54, 71"
8570,"1, 1, 2, 3, 4, 5, 12, 16, 22, 38, 46, 50, 56"
8571,"1, 1, 1, 2, 3, 5, 5, 5, 16, 22, 40, 46, 53, 56"
8572,"1, 1, 1, 1, 1, 1, 3, 3, 7, 8, 11, 17, 27, 38, 65, 71"
8573,"1, 1, 3, 3, 5, 5, 5, 16, 28, 31, 46, 56, 56"
8574,"1, 1, 2, 2, 3, 8, 11, 16, 17, 29, 40, 60, 66"
8575,"1, 1, 1, 2, 2, 3, 3, 4, 6, 16, 16, 29, 38, 60, 74"
8576,"1, 1, 1, 3, 3, 4, 6, 9, 16, 17, 27, 46, 54, 68"
8577,"1, 1, 1, 2, 3, 5, 5, 11, 13, 16, 30, 34, 63, 71"
8578,"1, 1, 1, 1, 1, 1, 2, 3, 3, 9, 17, 17, 30, 43, 59, 67"
8579,"1, 1, 1, 1, 2, 4, 4, 8, 18, 22, 39, 44, 51, 60"
8580,"1, 1, 1, 1, 2, 4, 4, 6, 9, 9, 10, 36, 50, 53, 69"
8581,"1, 1, 1, 2, 2, 3, 3, 4, 15, 27, 41, 44, 48, 64"
8582,"1, 1, 1, 1, 3, 4, 4, 5, 20, 25, 38, 42, 55, 56"
8583,"1, 1, 1, 1, 1, 2, 3, 7, 9, 15, 18, 27, 38, 63, 69"
8584,"1, 1, 1, 1, 1, 2, 4, 8, 9, 20, 20, 25, 41, 54, 68"
8585,"1, 1, 1, 1, 2, 3, 5, 5, 7, 12, 14, 33, 48, 56, 67"
8586,"1, 1, 3, 4, 6, 10, 20, 28, 33, 42, 50, 58"
8587,"1, 1, 1, 1, 1, 2, 3, 3, 4, 4, 13, 15, 30, 48, 58, 71"
8588,"1, 1, 1, 1, 3, 5, 6, 9, 12, 17, 45, 46, 53, 56"
8589,"1, 1, 1, 1, 1, 3, 3, 5, 5, 18, 22, 29, 39, 53, 74"
8590,"1, 1, 1, 2, 2, 2, 3, 7, 8, 9, 20, 24, 39, 67, 70"
8591,"1, 1, 1, 1, 1, 2, 3, 4, 6, 21, 23, 26, 42, 51, 73"
8592,"1, 1, 1, 2, 2, 4, 5, 8, 13, 18, 26, 31, 60, 84"
8593,"1, 1, 2, 2, 2, 4, 4, 8, 16, 17, 30, 45, 54, 70"
8594,"1, 1, 1, 1, 2, 3, 3, 3, 11, 14, 18, 43, 48, 50, 57"
8595,"1, 1, 2, 2, 3, 3, 5, 9, 11, 18, 42, 52, 52, 55"
8596,"1, 1, 1, 1, 1, 2, 2, 3, 3, 7, 11, 21, 25, 35, 68, 74"
8597,"1, 1, 1, 2, 2, 2, 6, 10, 18, 29, 34, 42, 52, 56"
8598,"1, 1, 1, 1, 1, 1, 2, 2, 8, 10, 15, 16, 20, 41, 53, 83"
8599,"1, 1, 1, 1, 1, 3, 6, 7, 8, 13, 13, 18, 49, 53, 81"
8600,"1, 1, 1, 1, 2, 6, 6, 6, 13, 17, 33, 40, 62, 67"
8601,"1, 1, 1, 1, 2, 3, 3, 4, 4, 16, 22, 23, 46, 60, 69"
8602,"1, 1, 1, 2, 3, 4, 5, 10, 10, 21, 24, 42, 65, 67"
8603,"1, 1, 1, 1, 2, 2, 4, 7, 8, 12, 16, 29, 40, 63, 69"
8604,"1, 1, 1, 1, 1, 4, 4, 6, 12, 12, 17, 29, 34, 62, 71"
8605,"1, 1, 1, 1, 2, 2, 3, 4, 4, 8, 9, 14, 21, 46, 51, 88"
8606,"1, 1, 1, 1, 2, 2, 3, 3, 6, 16, 22, 39, 45, 56, 58"
8607,"1, 1, 1, 1, 1, 1, 1, 3, 3, 7, 19, 21, 22, 43, 55, 76"
8608,"1, 1, 1, 1, 1, 1, 2, 5, 9, 21, 24, 28, 41, 50, 70"
8609,"1, 1, 1, 2, 2, 4, 8, 8, 14, 19, 32, 37, 59, 68"
8610,"1, 1, 1, 1, 2, 2, 3, 4, 6, 14, 28, 34, 46, 53, 60"
8611,"1, 1, 1, 2, 2, 4, 4, 8, 13, 26, 37, 48, 52, 57"
8612,"1, 1, 1, 1, 1, 2, 3, 5, 9, 14, 17, 31, 42, 60, 68"
8613,"1, 2, 2, 2, 11, 12, 16, 22, 26, 50, 50, 62"
8614,"1, 1, 1, 1, 1, 1, 1, 2, 5, 8, 15, 17, 30, 41, 61, 70"
8615,"1, 1, 1, 2, 2, 5, 6, 6, 7, 17, 23, 41, 72, 72"
8616,"1, 1, 1, 2, 2, 2, 2, 4, 8, 20, 21, 25, 44, 55, 68"
8617,"1, 2, 2, 2, 3, 3, 3, 6, 15, 24, 35, 46, 56, 58"
8618,"1, 1, 1, 1, 1, 2, 2, 10, 11, 13, 18, 27, 49, 52, 67"
8619,"1, 1, 1, 1, 1, 2, 7, 8, 19, 26, 35, 44, 54, 56"
8620,"1, 1, 1, 1, 1, 2, 2, 4, 6, 8, 10, 14, 21, 46, 54, 84"
8621,"1, 1, 1, 1, 2, 2, 2, 2, 3, 5, 12, 22, 38, 49, 55, 60"
8622,"1, 1, 2, 2, 3, 5, 6, 7, 14, 21, 24, 46, 56, 68"
8623,"1, 1, 1, 1, 2, 2, 3, 7, 10, 16, 21, 24, 45, 54, 68"
8624,"1, 1, 2, 2, 4, 8, 8, 11, 18, 42, 52, 52, 55"
8625,"1, 1, 1, 2, 2, 2, 3, 3, 6, 15, 21, 30, 40, 56, 73"
8626,"1, 1, 1, 2, 2, 4, 4, 12, 12, 20, 22, 40, 49, 86"
8627,"1, 1, 1, 1, 1, 2, 3, 5, 7, 7, 8, 9, 36, 53, 54, 67"
8628,"1, 1, 1, 1, 2, 3, 4, 5, 12, 14, 17, 17, 43, 55, 80"
8629,"1, 1, 1, 1, 1, 1, 5, 7, 10, 11, 21, 41, 48, 51, 56"
8630,"1, 1, 1, 1, 2, 2, 2, 6, 8, 15, 16, 29, 48, 59, 65"
8631,"1, 1, 1, 1, 1, 3, 3, 3, 11, 11, 20, 34, 35, 57, 74"
8632,"1, 1, 1, 1, 1, 1, 1, 3, 5, 5, 15, 25, 37, 47, 56, 56"
8633,"1, 1, 1, 1, 2, 3, 3, 7, 8, 9, 12, 23, 49, 52, 84"
8634,"1, 1, 1, 1, 1, 2, 3, 3, 8, 11, 18, 46, 50, 53, 57"
8635,"1, 1, 1, 1, 1, 2, 4, 7, 8, 11, 17, 35, 39, 60, 68"
8636,"1, 1, 1, 2, 4, 4, 6, 10, 10, 22, 22, 39, 48, 86"
8637,"1, 1, 1, 1, 1, 4, 5, 10, 14, 15, 34, 41, 62, 66"
8638,"1, 1, 1, 1, 2, 4, 4, 6, 6, 11, 15, 30, 51, 53, 70"
8639,"1, 1, 1, 1, 1, 1, 1, 2, 5, 8, 9, 26, 35, 37, 54, 73"
8640,"1, 1, 1, 1, 1, 1, 3, 3, 5, 7, 13, 15, 31, 49, 50, 74"
8641,"1, 1, 1, 1, 2, 2, 3, 5, 10, 20, 22, 24, 41, 52, 71"
8642,"1, 1, 1, 1, 1, 1, 1, 3, 7, 7, 9, 23, 23, 37, 70, 70"
8643,"1, 1, 1, 1, 1, 2, 2, 3, 9, 14, 28, 32, 35, 59, 67"
8644,"1, 1, 1, 2, 2, 2, 3, 6, 9, 10, 15, 29, 38, 66, 71"
8645,"1, 1, 1, 1, 2, 3, 6, 9, 22, 29, 31, 40, 54, 56"
8646,"1, 1, 1, 1, 1, 2, 3, 5, 11, 11, 11, 36, 49, 51, 72"
8647,"1, 1, 1, 1, 2, 2, 2, 3, 6, 9, 9, 13, 32, 51, 56, 67"
8648,"1, 1, 1, 1, 2, 3, 10, 14, 15, 16, 21, 45, 46, 80"
8649,"1, 1, 1, 1, 2, 3, 5, 6, 6, 11, 13, 20, 47, 56, 83"
8650,"1, 1, 1, 1, 2, 3, 3, 5, 5, 13, 16, 31, 44, 62, 68"
8651,"1, 1, 1, 1, 2, 3, 5, 5, 9, 10, 18, 20, 44, 55, 81"
8652,"1, 1, 1, 2, 2, 3, 3, 6, 9, 13, 15, 29, 48, 52, 71"
8653,"1, 1, 3, 5, 6, 7, 9, 10, 19, 25, 38, 64, 68"
8654,"1, 1, 3, 5, 5, 7, 9, 11, 17, 28, 37, 64, 68"
8655,"1, 1, 1, 2, 2, 2, 2, 11, 16, 27, 32, 35, 48, 76"
8656,"1, 1, 1, 1, 2, 5, 9, 10, 14, 15, 31, 36, 64, 66"
8657,"1, 1, 1, 2, 3, 3, 3, 10, 15, 23, 39, 45, 52, 58"
8658,"1, 1, 1, 1, 1, 3, 3, 4, 8, 15, 19, 28, 46, 52, 73"
8659,"1, 1, 1, 2, 2, 2, 4, 4, 4, 15, 28, 31, 45, 58, 58"
8660,"1, 1, 1, 1, 2, 4, 7, 9, 13, 26, 34, 47, 54, 56"
8661,"1, 1, 1, 1, 1, 2, 3, 4, 9, 11, 20, 38, 51, 54, 59"
8662,"1, 1, 1, 1, 3, 3, 9, 11, 11, 17, 30, 49, 52, 67"
8663,"1, 1, 1, 1, 3, 7, 9, 9, 11, 19, 20, 43, 51, 80"
8664,"1, 1, 1, 1, 1, 2, 2, 6, 10, 11, 21, 40, 51, 52, 56"
8665,"1, 1, 1, 1, 1, 1, 3, 3, 5, 8, 11, 22, 27, 35, 55, 81"
8666,"1, 1, 2, 5, 5, 6, 9, 12, 12, 20, 26, 75, 82"
8667,"1, 1, 1, 1, 2, 2, 4, 5, 6, 18, 22, 27, 42, 54, 70"
8668,"1, 1, 1, 1, 2, 2, 4, 4, 10, 12, 20, 36, 39, 58, 65"
8669,"1, 1, 2, 2, 2, 3, 7, 9, 9, 18, 42, 52, 54, 54"
8670,"1, 1, 1, 1, 2, 3, 3, 3, 7, 13, 17, 31, 42, 61, 70"
8671,"1, 1, 1, 1, 3, 4, 4, 7, 16, 21, 31, 40, 55, 71"
8672,"1, 1, 1, 1, 1, 1, 2, 4, 6, 11, 12, 14, 19, 50, 55, 77"
8673,"1, 1, 1, 1, 1, 2, 4, 4, 11, 14, 16, 31, 46, 52, 71"
8674,"1, 1, 1, 1, 2, 2, 3, 3, 8, 9, 23, 41, 53, 54, 54"
8675,"1, 1, 1, 1, 1, 4, 5, 7, 8, 9, 12, 21, 49, 52, 84"
8676,"1, 1, 1, 1, 2, 4, 8, 8, 20, 21, 24, 42, 51, 72"
8677,"1, 2, 2, 2, 3, 3, 3, 6, 19, 23, 24, 42, 54, 72"
8678,"1, 1, 1, 2, 3, 3, 3, 9, 19, 21, 23, 44, 58, 68"
8679,"1, 1, 2, 2, 4, 4, 6, 8, 12, 18, 28, 48, 50, 72"
8680,"1, 1, 1, 1, 1, 2, 2, 4, 6, 6, 10, 12, 22, 48, 55, 84"
8681,"1, 2, 2, 3, 3, 5, 7, 7, 13, 15, 16, 44, 54, 84"
8682,"1, 1, 1, 2, 2, 3, 4, 5, 6, 17, 20, 26, 43, 55, 70"
8683,"1, 1, 1, 1, 2, 2, 3, 6, 8, 11, 14, 18, 48, 55, 85"
8684,"1, 1, 1, 1, 1, 1, 1, 2, 2, 5, 8, 12, 14, 25, 47, 48, 86"
8685,"1, 1, 1, 1, 3, 3, 6, 9, 10, 25, 36, 37, 60, 63"
8686,"1, 1, 1, 1, 1, 3, 8, 9, 15, 19, 27, 48, 55, 67"
8687,"1, 2, 2, 2, 3, 3, 5, 11, 13, 16, 28, 34, 64, 72"
8688,"1, 1, 1, 1, 1, 1, 4, 9, 10, 11, 12, 21, 51, 53, 79"
8689,"1, 1, 1, 2, 5, 7, 9, 20, 21, 27, 42, 48, 72"
8690,"1, 1, 1, 1, 2, 3, 4, 6, 7, 13, 19, 27, 48, 53, 70"
8691,"1, 1, 1, 1, 1, 4, 5, 11, 16, 26, 34, 46, 52, 57"
8692,"1, 1, 1, 1, 3, 3, 9, 11, 13, 19, 26, 49, 49, 70"
8693,"1, 1, 1, 1, 1, 1, 2, 3, 8, 10, 11, 17, 29, 51, 54, 65"
8694,"1, 1, 1, 2, 3, 3, 3, 4, 4, 9, 17, 27, 42, 68, 71"
8695,"1, 1, 1, 1, 1, 1, 1, 4, 11, 14, 23, 40, 47, 52, 58"
8696,"1, 1, 1, 1, 1, 2, 4, 5, 7, 14, 16, 30, 41, 60, 72"
8697,"1, 1, 2, 2, 3, 3, 5, 6, 15, 30, 31, 45, 56, 56"
8698,"1, 1, 2, 2, 3, 3, 7, 9, 14, 22, 24, 32, 68, 68"
8699,"1, 2, 2, 2, 3, 3, 6, 6, 13, 17, 25, 48, 56, 72"
8700,"1, 1, 1, 1, 2, 2, 4, 4, 7, 18, 22, 24, 43, 56, 70"
8701,"1, 1, 1, 1, 1, 2, 3, 7, 9, 16, 20, 29, 40, 58, 67"
8702,"1, 1, 1, 1, 1, 4, 4, 6, 10, 10, 10, 37, 49, 52, 69"
8703,"1, 1, 1, 2, 2, 3, 4, 5, 7, 10, 21, 24, 35, 68, 72"
8704,"1, 1, 5, 5, 7, 11, 15, 20, 28, 48, 52, 63"
8705,"1, 1, 1, 1, 2, 3, 3, 6, 9, 13, 18, 28, 39, 64, 67"
8706,"1, 1, 1, 1, 1, 4, 4, 8, 10, 13, 17, 20, 42, 50, 83"
8707,"1, 1, 1, 1, 1, 2, 3, 7, 7, 18, 20, 40, 41, 54, 59"
8708,"1, 1, 2, 2, 4, 5, 11, 15, 16, 30, 43, 62, 64"
8709,"1, 1, 1, 1, 2, 3, 9, 10, 17, 19, 27, 38, 59, 68"
8710,"1, 1, 1, 1, 1, 1, 6, 6, 6, 6, 9, 12, 21, 49, 52, 83"
8711,"1, 1, 1, 1, 2, 2, 4, 4, 6, 14, 23, 38, 48, 54, 57"
8712,"1, 1, 1, 2, 2, 6, 10, 10, 13, 18, 18, 42, 52, 80"
8713,"1, 1, 1, 2, 3, 3, 3, 13, 13, 17, 42, 48, 49, 60"
8714,"1, 1, 1, 1, 1, 2, 2, 2, 6, 6, 9, 20, 25, 37, 71, 71"
8715,"1, 1, 2, 2, 7, 7, 8, 11, 17, 24, 40, 50, 86"
8716,"1, 1, 1, 2, 2, 3, 4, 5, 6, 13, 14, 30, 49, 54, 71"
8717,"1, 1, 1, 1, 1, 1, 3, 7, 8, 12, 25, 35, 49, 55, 56"
8718,"1, 1, 1, 1, 1, 1, 2, 2, 5, 10, 13, 14, 32, 41, 63, 68"
8719,"1, 1, 1, 1, 1, 2, 3, 7, 7, 10, 17, 28, 51, 56, 70"
8720,"1, 1, 1, 2, 2, 2, 12, 14, 14, 16, 18, 44, 48, 81"
8721,"1, 1, 1, 2, 4, 4, 6, 8, 16, 20, 30, 42, 51, 70"
8722,"1, 1, 1, 1, 1, 2, 3, 3, 5, 9, 13, 17, 18, 43, 54, 84"
8723,"1, 1, 1, 1, 2, 2, 4, 6, 8, 16, 16, 30, 45, 53, 70"
8724,"1, 1, 2, 2, 2, 3, 8, 11, 16, 17, 30, 44, 49, 70"
8725,"1, 1, 1, 2, 2, 3, 5, 10, 12, 19, 35, 36, 58, 71"
8726,"1, 1, 1, 1, 1, 1, 3, 6, 6, 7, 9, 17, 21, 45, 53, 83"
8727,"1, 1, 1, 1, 2, 3, 7, 12, 14, 20, 25, 50, 56, 63"
8728,"1, 1, 1, 1, 1, 1, 1, 3, 3, 5, 9, 12, 19, 27, 33, 67, 71"
8729,"1, 1, 1, 1, 1, 2, 2, 2, 8, 9, 10, 16, 29, 50, 54, 69"
8730,"1, 1, 1, 1, 2, 3, 4, 6, 12, 23, 39, 47, 56, 60"
8731,"1, 1, 1, 2, 3, 3, 9, 9, 9, 16, 29, 38, 65, 70"
8732,"1, 1, 1, 1, 4, 5, 7, 10, 13, 13, 34, 49, 50, 67"
8733,"1, 1, 1, 1, 1, 1, 3, 3, 5, 5, 11, 17, 29, 49, 56, 72"
8734,"1, 1, 1, 1, 2, 3, 10, 10, 14, 21, 23, 48, 52, 69"
8735,"1, 1, 1, 1, 1, 2, 2, 4, 4, 6, 11, 17, 29, 50, 55, 71"
8736,"1, 1, 1, 2, 2, 3, 4, 5, 6, 13, 15, 30, 48, 55, 70"
8737,"1, 2, 3, 4, 10, 10, 13, 28, 33, 34, 50, 68"
8738,"1, 1, 1, 1, 1, 2, 3, 3, 5, 5, 17, 18, 29, 43, 54, 72"
8739,"1, 1, 2, 3, 3, 4, 4, 6, 11, 21, 24, 35, 67, 74"
8740,"1, 1, 1, 1, 2, 2, 3, 6, 9, 18, 22, 24, 43, 55, 68"
8741,"1, 1, 1, 2, 3, 4, 9, 10, 11, 13, 21, 50, 50, 80"
8742,"1, 1, 2, 2, 2, 4, 7, 7, 8, 18, 28, 54, 56, 66"
8743,"1, 1, 1, 1, 1, 1, 3, 4, 5, 22, 25, 37, 43, 55, 56"
8744,"1, 1, 1, 2, 2, 2, 6, 6, 8, 10, 14, 20, 46, 53, 84"
8745,"1, 1, 2, 3, 4, 4, 8, 19, 29, 32, 44, 51, 58"
8746,"1, 1, 1, 1, 1, 2, 2, 2, 3, 4, 5, 8, 22, 23, 37, 70, 73"
8747,"1, 1, 1, 1, 2, 3, 4, 5, 6, 15, 18, 28, 47, 55, 69"
8748,"1, 1, 1, 2, 2, 3, 5, 6, 19, 21, 26, 42, 56, 71"
8749,"1, 1, 1, 2, 2, 4, 4, 12, 14, 15, 32, 45, 47, 76"
8750,"1, 1, 1, 1, 1, 2, 2, 2, 3, 7, 7, 17, 42, 55, 55, 59"
8751,"1, 1, 1, 2, 2, 3, 12, 27, 95, 112"
8752,"1, 1, 1, 2, 4, 4, 5, 5, 15, 21, 30, 40, 58, 69"
8753,"1, 1, 2, 2, 5, 8, 11, 16, 17, 30, 32, 61, 70"
8754,"1, 2, 2, 3, 4, 7, 8, 9, 22, 36, 54, 54, 54"
8755,"1, 1, 1, 1, 1, 2, 2, 3, 4, 6, 10, 11, 35, 43, 62, 73"
8756,"1, 1, 1, 3, 3, 3, 9, 9, 13, 14, 17, 47, 52, 83"
8757,"1, 1, 1, 2, 2, 4, 6, 6, 19, 21, 28, 35, 56, 74"
8758,"1, 1, 1, 1, 1, 2, 3, 4, 5, 6, 12, 14, 29, 50, 55, 71"
8759,"1, 1, 1, 1, 1, 2, 2, 11, 12, 14, 15, 16, 47, 52, 80"
8760,"1, 1, 1, 1, 1, 4, 4, 6, 7, 9, 18, 22, 23, 73, 85"
8761,"1, 1, 1, 1, 1, 1, 2, 3, 5, 6, 18, 25, 37, 43, 55, 56"
8762,"1, 1, 1, 2, 2, 3, 6, 10, 21, 21, 23, 39, 52, 74"
8763,"1, 2, 2, 2, 4, 4, 10, 19, 24, 36, 44, 50, 58"
8764,"1, 1, 1, 2, 2, 3, 7, 8, 16, 18, 38, 45, 54, 60"
8765,"1, 1, 1, 1, 2, 2, 3, 3, 8, 13, 18, 42, 50, 53, 58"
8766,"1, 1, 2, 2, 3, 9, 10, 14, 15, 34, 48, 49, 68"
8767,"1, 1, 1, 1, 2, 4, 6, 6, 8, 10, 12, 21, 48, 50, 85"
8768,"1, 1, 1, 1, 2, 2, 5, 7, 17, 25, 34, 46, 56, 58"
8769,"1, 1, 2, 2, 3, 3, 5, 10, 12, 16, 34, 36, 59, 72"
8770,"1, 1, 1, 2, 3, 3, 4, 10, 21, 23, 24, 42, 55, 66"
8771,"1, 1, 1, 1, 1, 1, 2, 4, 10, 18, 19, 27, 43, 59, 68"
8772,"1, 1, 1, 1, 1, 2, 2, 3, 10, 13, 17, 27, 46, 65, 66"
8773,"1, 1, 1, 1, 2, 4, 5, 5, 7, 9, 14, 22, 23, 75, 86"
8774,"1, 1, 1, 1, 1, 2, 5, 7, 7, 13, 18, 18, 42, 56, 83"
8775,"1, 1, 3, 4, 7, 8, 16, 18, 29, 53, 56, 60"
8776,"1, 1, 1, 2, 3, 5, 5, 8, 20, 21, 24, 42, 54, 69"
8777,"1, 1, 1, 1, 2, 2, 2, 5, 10, 11, 14, 33, 34, 67, 72"
8778,"1, 1, 1, 1, 2, 4, 5, 5, 6, 7, 17, 27, 41, 68, 70"
8779,"1, 1, 1, 3, 4, 9, 10, 15, 22, 26, 47, 51, 66"
8780,"1, 1, 1, 1, 1, 3, 3, 5, 9, 9, 19, 26, 42, 67, 68"
8781,"1, 1, 1, 2, 2, 3, 4, 5, 8, 13, 22, 24, 32, 67, 71"
8782,"1, 1, 1, 1, 1, 1, 3, 5, 7, 15, 23, 37, 47, 55, 58"
8783,"1, 1, 1, 1, 2, 2, 4, 5, 5, 20, 22, 26, 42, 55, 69"
8784,"1, 1, 1, 1, 1, 1, 3, 4, 6, 7, 11, 16, 35, 38, 61, 69"
8785,"1, 1, 1, 2, 2, 3, 7, 9, 10, 23, 36, 52, 53, 56"
8786,"1, 1, 1, 1, 1, 1, 1, 5, 9, 22, 22, 26, 45, 55, 65"
8787,"1, 1, 2, 2, 4, 8, 8, 13, 26, 34, 50, 53, 54"
8788,"1, 1, 1, 1, 1, 2, 4, 6, 11, 12, 13, 20, 49, 55, 79"
8789,"1, 1, 1, 1, 1, 4, 6, 6, 8, 11, 16, 18, 46, 54, 82"
8790,"1, 1, 1, 1, 2, 3, 4, 5, 11, 12, 15, 35, 46, 48, 71"
8791,"1, 2, 2, 2, 4, 6, 6, 18, 23, 28, 44, 52, 68"
8792,"1, 1, 1, 1, 2, 2, 5, 5, 7, 14, 15, 30, 47, 55, 70"
8793,"1, 1, 1, 1, 2, 2, 5, 7, 9, 12, 13, 17, 48, 58, 79"
8794,"1, 1, 1, 1, 1, 1, 3, 4, 5, 8, 15, 16, 16, 44, 56, 83"
8795,"1, 1, 2, 2, 3, 4, 6, 6, 13, 19, 26, 48, 57, 68"
8796,"1, 1, 1, 2, 5, 7, 8, 13, 17, 23, 50, 56, 72"
8797,"1, 1, 1, 2, 3, 3, 5, 6, 15, 17, 41, 42, 56, 63"
8798,"1, 1, 1, 1, 2, 2, 4, 5, 13, 13, 15, 30, 33, 61, 74"
8799,"1, 1, 1, 1, 1, 2, 3, 3, 5, 7, 9, 9, 34, 53, 54, 72"
8800,"1, 1, 1, 1, 2, 3, 7, 11, 12, 21, 24, 50, 56, 66"
8801,"1, 1, 1, 1, 3, 3, 3, 4, 6, 10, 29, 32, 36, 57, 69"
8802,"1, 1, 1, 2, 2, 2, 8, 12, 13, 16, 31, 49, 52, 66"
8803,"1, 1, 1, 1, 1, 1, 1, 4, 7, 12, 13, 14, 18, 49, 55, 77"
8804,"1, 1, 1, 1, 2, 2, 3, 3, 9, 19, 20, 26, 42, 59, 67"
8805,"1, 1, 3, 3, 4, 7, 9, 20, 20, 24, 42, 52, 70"
8806,"1, 1, 1, 2, 3, 4, 5, 10, 12, 19, 26, 41, 65, 66"
8807,"1, 1, 2, 2, 2, 3, 5, 5, 10, 23, 36, 52, 56, 58"
8808,"1, 1, 1, 1, 1, 2, 3, 4, 5, 6, 14, 17, 29, 46, 53, 72"
8809,"1, 1, 1, 1, 3, 3, 5, 6, 15, 16, 31, 48, 53, 72"
8810,"1, 1, 1, 1, 1, 3, 5, 6, 17, 17, 41, 43, 57, 62"
8811,"1, 1, 1, 1, 2, 3, 3, 5, 7, 8, 16, 45, 53, 54, 56"
8812,"1, 1, 1, 1, 4, 4, 8, 10, 12, 12, 19, 49, 52, 82"
8813,"1, 1, 1, 2, 3, 6, 6, 9, 15, 21, 25, 46, 52, 68"
8814,"1, 1, 2, 2, 3, 4, 7, 8, 11, 16, 29, 50, 54, 68"
8815,"1, 1, 1, 2, 2, 4, 8, 9, 12, 13, 32, 52, 54, 65"
8816,"1, 1, 1, 1, 1, 2, 4, 6, 8, 10, 22, 39, 51, 51, 58"
8817,"1, 1, 1, 1, 2, 4, 5, 5, 5, 10, 10, 21, 50, 54, 86"
8818,"1, 2, 2, 7, 17, 29, 80, 118"
8819,"1, 2, 2, 2, 2, 3, 3, 9, 11, 12, 32, 46, 63, 68"
8820,"1, 1, 1, 2, 3, 4, 5, 9, 9, 21, 37, 52, 53, 58"
8821,"1, 1, 1, 1, 1, 1, 7, 7, 7, 13, 13, 23, 50, 55, 75"
8822,"1, 1, 1, 2, 2, 2, 7, 9, 12, 24, 37, 38, 56, 64"
8823,"1, 1, 1, 3, 5, 5, 6, 17, 21, 37, 42, 56, 61"
8824,"1, 1, 2, 2, 3, 21, 27, 80, 119"
8825,"1, 1, 1, 1, 4, 6, 7, 7, 16, 19, 28, 46, 49, 70"
8826,"1, 1, 1, 1, 2, 2, 3, 5, 11, 11, 20, 26, 34, 66, 72"
8827,"1, 1, 1, 1, 2, 2, 2, 3, 6, 11, 18, 44, 52, 53, 59"
8828,"1, 1, 1, 1, 1, 1, 1, 2, 5, 8, 18, 21, 41, 41, 54, 59"
8829,"1, 1, 1, 1, 1, 2, 5, 5, 7, 18, 18, 29, 43, 50, 74"
8830,"1, 1, 1, 1, 2, 3, 3, 5, 5, 15, 22, 28, 44, 55, 70"
8831,"1, 1, 1, 1, 2, 2, 4, 4, 4, 18, 22, 27, 44, 54, 71"
8832,"1, 1, 1, 1, 1, 1, 1, 5, 7, 9, 11, 13, 19, 49, 57, 79"
8833,"1, 1, 2, 2, 2, 2, 5, 7, 13, 18, 39, 44, 60, 60"
8834,"1, 1, 1, 2, 2, 4, 4, 10, 19, 24, 37, 43, 52, 56"
8835,"1, 1, 1, 1, 1, 3, 9, 9, 9, 24, 40, 51, 53, 53"
8836,"1, 2, 2, 2, 2, 4, 5, 5, 9, 24, 36, 52, 54, 58"
8837,"1, 1, 2, 2, 2, 3, 3, 3, 19, 27, 34, 41, 58, 60"
8838,"1, 1, 1, 1, 1, 3, 4, 5, 6, 15, 17, 30, 46, 54, 71"
8839,"1, 1, 1, 1, 2, 3, 3, 3, 9, 18, 24, 37, 43, 52, 58"
8840,"1, 1, 1, 1, 3, 3, 3, 5, 7, 9, 27, 33, 37, 56, 69"
8841,"1, 1, 1, 1, 2, 3, 5, 7, 17, 24, 35, 46, 55, 58"
8842,"1, 1, 2, 3, 3, 7, 9, 17, 22, 38, 42, 52, 59"
8843,"1, 1, 1, 1, 1, 2, 2, 3, 5, 6, 11, 17, 28, 49, 56, 72"
8844,"1, 1, 1, 1, 1, 1, 2, 4, 6, 17, 18, 40, 45, 57, 61"
8845,"1, 1, 2, 3, 3, 3, 5, 11, 11, 21, 24, 34, 65, 72"
8846,"1, 1, 2, 2, 3, 5, 5, 8, 15, 17, 28, 45, 54, 70"
8847,"1, 1, 1, 1, 1, 2, 3, 5, 5, 20, 27, 32, 42, 57, 58"
8848,"1, 1, 1, 1, 1, 3, 4, 5, 8, 12, 15, 32, 42, 63, 67"
8849,"1, 1, 1, 1, 1, 2, 2, 2, 2, 4, 6, 8, 16, 29, 38, 66, 76"
8850,"1, 1, 1, 4, 5, 7, 8, 12, 18, 30, 37, 64, 68"
8851,"1, 1, 1, 1, 3, 3, 4, 11, 12, 19, 32, 43, 50, 75"
8852,"1, 1, 1, 5, 6, 8, 9, 17, 17, 29, 46, 50, 66"
8853,"1, 1, 1, 2, 2, 4, 8, 8, 17, 17, 28, 46, 52, 69"
8854,"1, 1, 1, 2, 3, 3, 7, 14, 16, 22, 23, 29, 64, 70"
8855,"1, 1, 1, 1, 1, 3, 5, 5, 7, 19, 20, 28, 42, 53, 69"
8856,"1, 1, 1, 2, 2, 4, 6, 6, 20, 22, 23, 42, 58, 68"
8857,"1, 1, 1, 2, 3, 3, 5, 7, 11, 25, 36, 49, 54, 58"
8858,"1, 1, 1, 1, 1, 2, 5, 8, 11, 12, 15, 31, 48, 50, 69"
8859,"1, 1, 1, 1, 3, 4, 7, 10, 11, 21, 41, 50, 52, 53"
8860,"1, 1, 1, 1, 2, 3, 4, 5, 8, 16, 18, 29, 44, 52, 71"
8861,"1, 1, 1, 1, 2, 5, 6, 9, 14, 21, 26, 46, 57, 66"
8862,"1, 1, 1, 1, 2, 2, 3, 4, 7, 11, 15, 28, 51, 55, 74"
8863,"1, 1, 1, 2, 2, 4, 5, 5, 6, 13, 15, 30, 47, 54, 70"
8864,"1, 1, 1, 1, 1, 3, 3, 4, 5, 6, 11, 11, 19, 49, 55, 85"
8865,"1, 1, 1, 1, 2, 4, 4, 4, 8, 13, 20, 25, 49, 55, 68"
8866,"1, 1, 1, 1, 1, 2, 2, 2, 2, 6, 11, 25, 37, 50, 55, 59"
8867,"1, 1, 1, 1, 3, 3, 5, 5, 17, 29, 29, 46, 57, 58"
8868,"1, 1, 2, 2, 2, 2, 3, 3, 6, 14, 22, 38, 46, 56, 58"
8869,"1, 1, 1, 1, 1, 1, 1, 2, 2, 4, 7, 12, 16, 33, 39, 61, 73"
8870,"1, 1, 1, 2, 2, 2, 7, 12, 17, 19, 28, 40, 58, 66"
8871,"1, 1, 1, 2, 2, 2, 2, 4, 4, 17, 20, 25, 44, 58, 73"
8872,"1, 1, 1, 2, 2, 4, 4, 4, 8, 13, 20, 25, 47, 56, 68"
8873,"1, 1, 1, 1, 1, 1, 2, 3, 3, 5, 12, 17, 42, 44, 59, 63"
8874,"1, 1, 1, 1, 2, 3, 4, 6, 8, 12, 17, 28, 50, 55, 67"
8875,"1, 1, 1, 1, 2, 3, 4, 4, 5, 12, 20, 42, 49, 55, 56"
8876,"1, 1, 1, 1, 1, 3, 3, 5, 5, 17, 22, 29, 40, 55, 72"
8877,"1, 1, 1, 1, 1, 3, 7, 7, 9, 20, 41, 55, 109"
8878,"1, 1, 1, 1, 1, 1, 3, 3, 3, 5, 18, 21, 24, 42, 59, 72"
8879,"1, 1, 1, 2, 3, 4, 4, 4, 8, 11, 19, 25, 34, 68, 71"
8880,"1, 1, 2, 2, 2, 4, 8, 12, 15, 22, 24, 29, 66, 68"
8881,"1, 1, 1, 1, 1, 2, 5, 9, 10, 11, 12, 21, 49, 52, 80"
8882,"1, 1, 1, 2, 2, 3, 3, 5, 6, 11, 15, 33, 39, 62, 72"
8883,"1, 1, 3, 4, 11, 13, 18, 19, 28, 36, 58, 64"
8884,"1, 1, 1, 1, 1, 1, 4, 7, 9, 10, 23, 23, 37, 65, 72"
8885,"1, 1, 1, 3, 3, 5, 7, 9, 9, 19, 26, 37, 67, 68"
8886,"1, 1, 1, 2, 3, 3, 5, 7, 23, 24, 25, 40, 52, 69"
8887,"1, 1, 1, 1, 1, 2, 3, 7, 9, 22, 22, 24, 39, 53, 70"
8888,"1, 1, 1, 1, 2, 3, 4, 5, 9, 10, 16, 27, 37, 67, 72"
8889,"1, 1, 1, 2, 3, 3, 8, 9, 9, 17, 43, 52, 53, 54"
8890,"1, 1, 1, 2, 2, 2, 6, 6, 21, 22, 39, 42, 55, 56"
8891,"1, 4, 8, 12, 37, 92, 102"
8892,"1, 1, 1, 1, 3, 5, 7, 9, 12, 18, 36, 36, 59, 67"
8893,"1, 1, 1, 2, 3, 3, 3, 5, 5, 13, 17, 28, 47, 55, 72"
8894,"1, 1, 1, 1, 1, 4, 4, 7, 7, 11, 17, 29, 39, 62, 71"
8895,"1, 1, 1, 4, 5, 7, 10, 16, 20, 32, 42, 50, 67"
8896,"1, 1, 1, 1, 1, 2, 4, 6, 10, 14, 20, 26, 32, 65, 72"
8897,"1, 1, 1, 1, 1, 2, 4, 9, 9, 10, 14, 31, 53, 53, 66"
8898,"1, 1, 1, 1, 1, 4, 6, 6, 10, 11, 15, 19, 47, 53, 80"
8899,"1, 1, 1, 1, 2, 2, 2, 4, 12, 15, 18, 43, 47, 49, 58"
8900,"1, 1, 1, 1, 2, 3, 3, 7, 9, 9, 23, 24, 36, 67, 69"
8901,"1, 1, 2, 2, 3, 17, 21, 88, 121"
8902,"1, 1, 2, 2, 3, 4, 7, 10, 11, 12, 32, 52, 53, 66"
8903,"1, 1, 1, 2, 3, 4, 5, 6, 12, 13, 32, 47, 57, 72"
8904,"1, 1, 1, 3, 5, 7, 11, 13, 21, 22, 50, 55, 66"
8905,"1, 1, 1, 2, 2, 3, 6, 8, 18, 23, 38, 38, 56, 59"
8906,"1, 1, 2, 2, 3, 5, 5, 7, 9, 18, 28, 40, 66, 69"
8907,"1, 1, 1, 1, 2, 2, 3, 11, 12, 18, 30, 49, 59, 66"
8908,"1, 1, 1, 1, 2, 2, 2, 4, 4, 6, 14, 18, 27, 46, 57, 70"
8909,"1, 1, 1, 2, 3, 3, 4, 10, 17, 24, 30, 38, 48, 74"
8910,"1, 1, 1, 2, 2, 2, 5, 5, 7, 9, 10, 25, 52, 52, 82"
8911,"1, 1, 2, 2, 3, 4, 5, 9, 14, 21, 24, 46, 50, 74"
8912,"1, 1, 1, 1, 1, 1, 1, 2, 2, 2, 4, 20, 23, 25, 45, 53, 73"
8913,"1, 1, 1, 1, 1, 8, 10, 13, 20, 28, 50, 56, 66"
8914,"1, 1, 1, 1, 2, 2, 3, 4, 7, 14, 20, 42, 42, 53, 63"
8915,"1, 1, 1, 2, 3, 5, 6, 7, 18, 19, 23, 44, 56, 70"
8916,"1, 1, 1, 1, 2, 2, 7, 12, 20, 22, 26, 39, 56, 66"
8917,"1, 1, 1, 1, 2, 2, 4, 5, 7, 14, 16, 32, 44, 52, 74"
8918,"1, 2, 2, 2, 5, 6, 8, 13, 19, 28, 38, 60, 72"
8919,"1, 1, 1, 1, 1, 2, 2, 3, 7, 8, 15, 16, 18, 42, 53, 85"
8920,"1, 1, 1, 1, 1, 1, 2, 5, 5, 12, 26, 37, 50, 56, 57"
8921,"1, 1, 1, 1, 1, 3, 4, 5, 9, 10, 22, 37, 51, 52, 58"
8922,"1, 1, 1, 1, 2, 3, 3, 4, 5, 13, 23, 37, 49, 56, 57"
8923,"1, 1, 1, 1, 1, 3, 3, 7, 9, 9, 21, 41, 52, 53, 53"
8924,"1, 1, 1, 1, 1, 2, 6, 8, 9, 9, 19, 20, 43, 54, 81"
8925,"1, 1, 2, 2, 3, 4, 8, 9, 11, 12, 21, 50, 52, 80"
8926,"1, 1, 1, 3, 5, 7, 9, 14, 18, 29, 48, 50, 70"
8927,"1, 1, 1, 1, 2, 3, 4, 8, 9, 13, 18, 21, 39, 51, 84"
8928,"1, 1, 1, 1, 2, 2, 3, 4, 8, 11, 13, 26, 47, 51, 85"
8929,"1, 1, 1, 1, 1, 2, 3, 3, 3, 5, 18, 22, 27, 41, 55, 72"
8930,"1, 1, 1, 1, 1, 3, 3, 5, 7, 16, 21, 39, 42, 54, 61"
8931,"1, 1, 1, 2, 2, 3, 3, 7, 7, 17, 20, 25, 43, 54, 70"
8932,"1, 1, 1, 1, 2, 2, 2, 6, 10, 14, 16, 21, 40, 51, 88"
8933,"1, 1, 1, 1, 1, 2, 6, 11, 18, 26, 35, 42, 52, 59"
8934,"1, 1, 1, 1, 2, 3, 3, 6, 8, 15, 16, 29, 47, 49, 74"
8935,"1, 1, 1, 1, 1, 2, 2, 2, 3, 4, 15, 18, 42, 46, 58, 59"
8936,"1, 1, 1, 1, 1, 2, 3, 7, 9, 21, 23, 24, 39, 54, 69"
8937,"1, 1, 1, 1, 1, 1, 2, 5, 8, 16, 19, 28, 40, 59, 73"
8938,"1, 1, 1, 1, 1, 1, 1, 2, 7, 8, 12, 17, 29, 38, 64, 72"
8939,"1, 1, 1, 3, 4, 5, 13, 14, 21, 39, 46, 48, 60"
8940,"1, 1, 1, 1, 2, 2, 2, 4, 8, 18, 19, 28, 41, 60, 68"
8941,"1, 1, 1, 1, 2, 2, 3, 5, 6, 12, 20, 27, 48, 55, 72"
8942,"1, 1, 1, 2, 2, 2, 4, 6, 6, 17, 22, 24, 43, 53, 72"
8943,"1, 1, 1, 1, 2, 3, 4, 8, 9, 9, 14, 31, 52, 53, 67"
8944,"1, 1, 1, 1, 2, 3, 3, 5, 7, 14, 24, 37, 47, 52, 58"
8945,"1, 1, 1, 1, 4, 5, 8, 10, 11, 14, 23, 48, 51, 78"
8946,"1, 1, 1, 1, 1, 2, 5, 5, 8, 15, 26, 31, 38, 51, 70"
8947,"1, 1, 1, 1, 1, 2, 4, 7, 21, 29, 33, 42, 56, 57"
8948,"1, 1, 2, 2, 4, 4, 8, 12, 16, 32, 54, 56, 64"
8949,"1, 1, 1, 1, 1, 5, 7, 9, 15, 18, 29, 37, 57, 74"
8950,"1, 1, 1, 1, 1, 2, 2, 7, 11, 15, 16, 30, 46, 52, 70"
8951,"1, 1, 1, 2, 2, 2, 5, 6, 11, 11, 14, 18, 46, 56, 80"
8952,"1, 1, 1, 1, 1, 2, 3, 5, 6, 21, 22, 26, 41, 53, 72"
8953,"1, 1, 2, 2, 2, 2, 3, 3, 8, 14, 15, 32, 46, 53, 72"
8954,"1, 1, 1, 2, 2, 3, 5, 9, 10, 21, 37, 52, 52, 60"
8955,"1, 1, 1, 1, 1, 2, 3, 5, 5, 5, 12, 17, 28, 49, 54, 71"
8956,"1, 1, 1, 1, 2, 3, 3, 3, 5, 16, 24, 27, 41, 54, 74"
8957,"1, 1, 1, 2, 2, 2, 3, 4, 9, 15, 17, 30, 44, 51, 74"
8958,"1, 1, 1, 1, 2, 2, 2, 3, 6, 7, 12, 20, 25, 33, 68, 72"
8959,"1, 1, 1, 2, 3, 18, 30, 93, 107"
8960,"1, 2, 2, 3, 3, 11, 11, 15, 18, 28, 46, 50, 66"
8961,"1, 1, 1, 1, 2, 2, 3, 3, 9, 9, 21, 37, 38, 60, 68"
8962,"1, 1, 1, 2, 2, 3, 4, 4, 5, 11, 15, 28, 50, 57, 72"
8963,"1, 1, 1, 4, 4, 11, 12, 12, 17, 30, 48, 51, 64"
8964,"1, 1, 1, 1, 2, 4, 10, 27, 97, 112"
8965,"1, 1, 1, 2, 3, 3, 7, 11, 13, 15, 19, 50, 52, 78"
8966,"1, 1, 1, 1, 2, 2, 4, 6, 9, 11, 22, 24, 34, 69, 69"
8967,"1, 1, 1, 2, 2, 3, 6, 8, 20, 21, 38, 39, 56, 58"
8968,"1, 1, 1, 1, 3, 3, 7, 7, 11, 21, 38, 41, 56, 65"
8969,"1, 1, 1, 1, 1, 2, 3, 5, 9, 15, 16, 30, 45, 54, 72"
8970,"1, 2, 2, 3, 3, 6, 7, 21, 22, 23, 42, 52, 72"
8971,"1, 1, 1, 1, 2, 3, 5, 9, 16, 22, 32, 40, 56, 67"
8972,"1, 1, 2, 2, 3, 3, 7, 9, 15, 20, 25, 46, 52, 70"
8973,"1, 2, 2, 2, 4, 4, 12, 15, 26, 32, 32, 58, 66"
8974,"1, 1, 1, 1, 1, 1, 4, 5, 6, 7, 8, 14, 23, 47, 52, 84"
8975,"1, 1, 1, 2, 3, 4, 6, 9, 17, 19, 26, 46, 53, 68"
8976,"1, 1, 1, 1, 2, 3, 4, 5, 6, 11, 14, 32, 49, 56, 70"
8977,"1, 1, 1, 2, 3, 3, 3, 4, 5, 6, 22, 37, 41, 57, 70"
8978,"1, 1, 1, 1, 1, 2, 3, 3, 9, 11, 23, 37, 51, 54, 58"
8979,"1, 1, 1, 1, 2, 2, 5, 5, 18, 35, 39, 44, 44, 58"
8980,"1, 1, 2, 3, 4, 5, 15, 16, 18, 30, 31, 58, 72"
8981,"1, 1, 1, 1, 1, 2, 2, 2, 3, 5, 17, 23, 29, 42, 54, 72"
8982,"1, 1, 1, 1, 1, 2, 2, 3, 3, 4, 10, 22, 39, 50, 58, 58"
8983,"1, 1, 1, 1, 2, 3, 3, 5, 7, 17, 22, 29, 38, 54, 72"
8984,"1, 1, 1, 1, 1, 2, 2, 2, 4, 8, 18, 21, 25, 43, 54, 72"
8985,"1, 2, 2, 3, 3, 8, 9, 13, 19, 30, 36, 60, 70"
8986,"1, 1, 1, 1, 1, 4, 4, 5, 9, 15, 17, 29, 47, 50, 71"
8987,"1, 1, 2, 2, 2, 2, 4, 12, 19, 20, 26, 41, 58, 66"
8988,"1, 1, 1, 1, 1, 2, 3, 3, 9, 13, 19, 28, 47, 59, 68"
8989,"1, 1, 1, 1, 1, 2, 2, 3, 3, 8, 15, 16, 29, 45, 54, 74"
8990,"1, 1, 1, 2, 3, 4, 5, 6, 16, 19, 30, 39, 59, 70"
8991,"1, 1, 1, 1, 2, 3, 3, 5, 6, 15, 17, 29, 46, 55, 71"
8992,"1, 1, 1, 1, 2, 3, 3, 10, 19, 27, 33, 44, 51, 60"
8993,"1, 2, 3, 5, 6, 6, 8, 9, 13, 24, 45, 50, 84"
8994,"1, 1, 1, 2, 3, 3, 4, 8, 9, 28, 32, 36, 58, 70"
8995,"1, 1, 1, 1, 2, 3, 3, 3, 9, 11, 25, 34, 35, 58, 69"
8996,"1, 1, 2, 2, 2, 3, 9, 9, 10, 15, 28, 52, 52, 70"
8997,"1, 1, 1, 1, 2, 2, 2, 3, 5, 24, 26, 35, 40, 54, 59"
8998,"1, 2, 2, 2, 2, 4, 6, 8, 13, 18, 26, 48, 56, 68"
8999,"1, 1, 2, 4, 4, 6, 8, 15, 19, 26, 48, 54, 68"
9000,"1, 1, 1, 2, 5, 17, 32, 92, 105"
9001,"1, 1, 1, 1, 1, 1, 1, 2, 4, 4, 5, 11, 13, 33, 49, 57, 71"
9002,"1, 1, 1, 1, 1, 1, 2, 4, 4, 7, 12, 18, 21, 40, 55, 87"
9003,"1, 1, 1, 2, 4, 9, 13, 13, 20, 24, 48, 50, 70"
9004,"1, 1, 1, 1, 1, 2, 3, 3, 5, 7, 8, 28, 33, 37, 54, 71"
9005,"1, 1, 1, 2, 4, 4, 8, 8, 13, 14, 29, 50, 53, 68"
9006,"1, 1, 1, 1, 1, 2, 3, 3, 7, 9, 10, 14, 31, 51, 52, 69"
9007,"1, 1, 1, 1, 3, 3, 4, 5, 5, 16, 22, 22, 45, 55, 72"
9008,"1, 1, 1, 1, 2, 4, 5, 5, 10, 12, 18, 18, 43, 50, 85"
9009,"1, 1, 1, 1, 2, 2, 2, 4, 6, 16, 16, 29, 42, 60, 73"
9010,"1, 1, 2, 3, 4, 5, 7, 7, 10, 12, 18, 48, 54, 84"
9011,"1, 1, 1, 1, 2, 3, 3, 3, 3, 5, 14, 17, 26, 47, 57, 72"
9012,"1, 1, 1, 1, 1, 1, 3, 5, 11, 13, 17, 26, 35, 52, 88"
9013,"1, 1, 1, 2, 2, 4, 6, 7, 18, 20, 28, 42, 56, 68"
9014,"1, 1, 1, 2, 2, 3, 3, 3, 5, 17, 19, 30, 42, 56, 71"
9015,"1, 1, 1, 2, 3, 4, 7, 8, 15, 18, 29, 43, 56, 68"
9016,"1, 1, 1, 1, 1, 2, 3, 5, 7, 7, 8, 12, 33, 53, 54, 67"
9017,"1, 1, 1, 3, 3, 4, 5, 7, 10, 12, 35, 53, 55, 66"
9018,"1, 1, 1, 1, 2, 2, 2, 2, 5, 20, 26, 36, 41, 56, 60"
9019,"1, 1, 1, 2, 3, 3, 7, 11, 12, 15, 18, 52, 53, 77"
9020,"1, 1, 1, 1, 1, 2, 2, 3, 7, 8, 8, 13, 34, 52, 54, 68"
9021,"1, 1, 3, 3, 4, 5, 11, 16, 16, 31, 33, 60, 72"
9022,"1, 1, 1, 1, 1, 3, 5, 5, 12, 13, 13, 32, 34, 65, 69"
9023,"1, 1, 1, 1, 1, 4, 6, 6, 10, 11, 18, 20, 43, 50, 83"
9024,"1, 1, 1, 1, 2, 4, 6, 9, 15, 22, 37, 48, 53, 56"
9025,"1, 1, 1, 2, 4, 5, 6, 9, 11, 11, 20, 53, 54, 78"
9026,"1, 1, 1, 1, 2, 5, 6, 9, 18, 18, 28, 44, 50, 72"
9027,"1, 1, 1, 1, 3, 6, 8, 13, 13, 17, 29, 33, 64, 66"
9028,"1, 1, 1, 1, 1, 1, 4, 5, 5, 6, 9, 15, 21, 46, 54, 85"
9029,"1, 1, 1, 1, 2, 3, 4, 13, 14, 23, 34, 38, 60, 61"
9030,"1, 1, 1, 3, 8, 9, 10, 11, 21, 26, 36, 61, 68"
9031,"1, 1, 1, 1, 1, 2, 3, 4, 8, 13, 16, 31, 49, 49, 76"
9032,"1, 1, 1, 1, 2, 2, 4, 4, 7, 10, 15, 32, 49, 55, 72"
9033,"1, 1, 1, 1, 1, 1, 2, 4, 4, 10, 11, 14, 36, 47, 50, 72"
9034,"1, 1, 1, 1, 1, 3, 4, 6, 9, 13, 19, 27, 49, 54, 67"
9035,"1, 1, 1, 2, 2, 3, 12, 23, 29, 31, 40, 50, 61"
9036,"1, 1, 1, 1, 2, 2, 4, 10, 11, 18, 41, 51, 52, 61"
9037,"1, 1, 1, 1, 1, 1, 3, 11, 11, 14, 17, 24, 37, 51, 82"
9038,"1, 1, 2, 4, 4, 8, 10, 18, 18, 28, 44, 52, 66"
9039,"1, 1, 1, 2, 3, 4, 4, 5, 7, 7, 15, 28, 39, 67, 72"
9040,"1, 1, 1, 1, 2, 3, 3, 8, 11, 14, 46, 51, 114"
9041,"1, 1, 1, 2, 2, 2, 6, 8, 13, 25, 38, 48, 49, 60"
9042,"1, 1, 1, 1, 1, 3, 3, 4, 10, 12, 15, 32, 43, 63, 66"
9043,"1, 1, 2, 3, 4, 6, 9, 11, 34, 36, 38, 43, 68"
9044,"1, 1, 1, 1, 1, 1, 2, 3, 3, 8, 12, 23, 38, 49, 53, 59"
9045,"1, 1, 1, 1, 1, 2, 5, 5, 9, 13, 20, 25, 49, 57, 66"
9046,"1, 1, 1, 2, 2, 2, 6, 12, 15, 22, 39, 48, 50, 55"
9047,"1, 1, 1, 1, 2, 2, 5, 6, 7, 9, 11, 22, 55, 56, 77"
9048,"1, 1, 1, 2, 2, 3, 6, 12, 17, 17, 28, 46, 49, 71"
9049,"1, 1, 1, 1, 1, 2, 4, 9, 10, 11, 12, 20, 51, 52, 80"
9050,"1, 1, 1, 2, 2, 2, 6, 6, 8, 23, 29, 30, 62, 83"
9051,"1, 1, 1, 1, 2, 2, 3, 5, 8, 16, 22, 24, 44, 56, 70"
9052,"1, 1, 1, 1, 1, 1, 2, 3, 3, 7, 16, 16, 39, 45, 58, 61"
9053,"1, 1, 1, 1, 1, 2, 7, 9, 14, 15, 21, 42, 53, 88"
9054,"1, 1, 2, 2, 2, 3, 3, 5, 6, 12, 16, 28, 47, 56, 72"
9055,"1, 2, 3, 4, 5, 5, 6, 11, 20, 26, 39, 64, 70"
9056,"1, 1, 1, 1, 1, 2, 2, 2, 2, 10, 12, 18, 43, 50, 51, 59"
9057,"1, 1, 1, 1, 1, 2, 3, 4, 6, 7, 12, 17, 20, 42, 53, 85"
9058,"1, 1, 1, 1, 1, 2, 2, 7, 10, 15, 17, 30, 40, 61, 67"
9059,"1, 1, 1, 1, 3, 8, 13, 15, 19, 29, 40, 59, 66"
9060,"1, 1, 2, 2, 3, 4, 4, 10, 10, 22, 24, 49, 58, 66"
9061,"1, 1, 1, 2, 5, 5, 7, 7, 14, 20, 26, 47, 52, 68"
9062,"1, 1, 1, 1, 2, 2, 3, 5, 9, 11, 11, 36, 50, 53, 70"
9063,"1, 1, 1, 1, 2, 3, 4, 6, 7, 10, 17, 27, 55, 56, 65"
9064,"1, 1, 1, 2, 2, 4, 6, 8, 17, 23, 24, 45, 52, 70"
9065,"1, 1, 1, 1, 2, 2, 4, 5, 8, 16, 22, 24, 44, 51, 74"
9066,"1, 1, 2, 2, 3, 4, 8, 8, 12, 13, 20, 45, 53, 84"
9067,"1, 1, 1, 1, 2, 2, 3, 3, 5, 20, 25, 26, 42, 52, 72"
9068,"1, 1, 1, 1, 1, 3, 6, 7, 10, 12, 19, 27, 35, 62, 70"
9069,"1, 1, 1, 3, 3, 3, 9, 9, 11, 17, 27, 52, 53, 66"
9070,"1, 1, 1, 1, 1, 3, 3, 5, 7, 17, 24, 30, 38, 53, 71"
9071,"1, 1, 2, 2, 2, 3, 4, 7, 18, 19, 28, 42, 55, 72"
9072,"1, 1, 1, 2, 2, 4, 8, 10, 18, 21, 24, 44, 52, 68"
9073,"1, 1, 1, 1, 1, 2, 3, 7, 9, 11, 12, 18, 50, 60, 79"
9074,"1, 1, 1, 2, 2, 3, 8, 8, 13, 19, 25, 50, 53, 70"
9075,"1, 1, 1, 2, 2, 3, 7, 14, 14, 17, 31, 46, 48, 69"
9076,"1, 1, 1, 1, 2, 3, 5, 5, 9, 11, 12, 24, 48, 50, 83"
9077,"1, 1, 1, 2, 2, 4, 6, 10, 10, 17, 36, 37, 60, 69"
9078,"1, 1, 2, 2, 3, 5, 7, 7, 13, 18, 27, 48, 54, 68"
9079,"1, 2, 2, 4, 6, 6, 11, 12, 16, 28, 36, 62, 70"
9080,"1, 1, 1, 2, 4, 4, 6, 10, 12, 23, 24, 34, 66, 68"
9081,"1, 1, 2, 3, 7, 13, 18, 89, 122"
9082,"1, 1, 1, 1, 2, 2, 5, 9, 19, 21, 25, 46, 58, 65"
9083,"1, 2, 3, 3, 3, 6, 10, 15, 22, 23, 46, 58, 64"
9084,"1, 1, 1, 1, 2, 4, 6, 9, 12, 21, 22, 41, 50, 85"
9085,"1, 1, 2, 2, 2, 3, 4, 5, 13, 22, 35, 48, 58, 60"
9086,"1, 1, 1, 1, 1, 2, 3, 3, 3, 5, 13, 17, 28, 50, 56, 71"
9087,"1, 1, 1, 1, 2, 6, 8, 12, 12, 18, 30, 33, 65, 66"
9088,"1, 1, 2, 4, 4, 4, 10, 16, 18, 32, 42, 50, 72"
9089,"1, 1, 1, 1, 4, 4, 4, 5, 9, 28, 39, 47, 54, 58"
9090,"1, 1, 1, 1, 1, 2, 3, 3, 9, 14, 23, 40, 43, 52, 62"
9091,"1, 1, 1, 1, 3, 5, 9, 9, 9, 15, 32, 51, 54, 65"
9092,"1, 1, 1, 1, 2, 2, 2, 2, 4, 6, 11, 13, 34, 41, 64, 71"
9093,"1, 1, 1, 1, 1, 2, 2, 4, 5, 5, 11, 13, 19, 48, 58, 84"
9094,"1, 1, 1, 2, 2, 2, 2, 3, 6, 13, 21, 39, 48, 56, 59"
9095,"1, 1, 1, 1, 2, 2, 4, 5, 8, 17, 21, 26, 42, 57, 68"
9096,"1, 1, 1, 3, 4, 4, 7, 8, 9, 19, 24, 39, 68, 68"
9097,"1, 1, 1, 1, 1, 2, 3, 7, 7, 10, 19, 36, 39, 59, 69"
9098,"1, 1, 2, 3, 3, 7, 7, 15, 28, 36, 46, 53, 54"
9099,"1, 1, 1, 1, 1, 2, 3, 4, 7, 20, 29, 32, 41, 55, 58"
9100,"1, 1, 1, 2, 2, 4, 6, 10, 17, 21, 28, 42, 49, 72"
9101,"1, 1, 1, 1, 1, 3, 7, 9, 15, 27, 34, 48, 53, 55"
9102,"1, 1, 1, 1, 1, 1, 2, 3, 5, 8, 13, 20, 34, 37, 57, 71"
9103,"1, 1, 1, 1, 2, 6, 6, 8, 12, 19, 21, 42, 53, 83"
9104,"1, 1, 2, 2, 3, 6, 6, 7, 11, 20, 25, 34, 68, 70"
9105,"1, 1, 1, 1, 2, 2, 4, 4, 8, 20, 22, 25, 42, 55, 68"
9106,"1, 1, 1, 1, 3, 4, 4, 4, 8, 16, 17, 27, 45, 52, 72"
9107,"1, 1, 2, 2, 2, 4, 4, 6, 19, 22, 38, 44, 55, 56"
9108,"1, 1, 1, 2, 2, 4, 5, 6, 10, 19, 43, 52, 54, 56"
9109,"1, 1, 1, 2, 2, 3, 5, 5, 20, 21, 24, 42, 60, 69"
9110,"1, 1, 2, 2, 3, 4, 5, 7, 10, 12, 35, 54, 54, 66"
9111,"1, 1, 1, 1, 2, 3, 6, 9, 11, 23, 37, 50, 53, 58"
9112,"1, 1, 1, 2, 2, 4, 5, 13, 18, 19, 27, 43, 46, 74"
9113,"1, 1, 1, 1, 2, 3, 3, 4, 9, 12, 29, 32, 33, 58, 67"
9114,"1, 1, 1, 1, 1, 1, 2, 4, 8, 9, 10, 10, 23, 49, 50, 85"
9115,"1, 1, 1, 1, 1, 2, 3, 4, 5, 5, 6, 12, 33, 55, 57, 69"
9116,"1, 1, 1, 1, 1, 2, 3, 6, 6, 15, 19, 29, 41, 59, 71"
9117,"1, 1, 1, 1, 1, 2, 4, 4, 8, 11, 27, 34, 36, 58, 67"
9118,"1, 1, 1, 1, 1, 3, 4, 4, 9, 9, 17, 43, 53, 53, 56"
9119,"1, 1, 1, 2, 2, 2, 3, 4, 6, 15, 21, 30, 44, 54, 70"
9120,"1, 1, 1, 1, 2, 2, 7, 14, 19, 21, 27, 40, 56, 64"
9121,"1, 1, 1, 1, 2, 2, 2, 5, 7, 11, 16, 28, 40, 62, 77"
9122,"1, 1, 1, 1, 1, 1, 3, 7, 9, 15, 17, 30, 40, 61, 68"
9123,"1, 1, 2, 2, 5, 6, 7, 18, 23, 27, 42, 54, 68"
9124,"1, 1, 1, 2, 2, 3, 4, 4, 8, 8, 17, 43, 52, 54, 56"
9125,"1, 1, 1, 2, 4, 4, 8, 20, 22, 25, 44, 56, 68"
9126,"1, 1, 2, 2, 3, 4, 5, 6, 12, 24, 38, 48, 54, 56"
9127,"1, 1, 1, 2, 8, 8, 10, 10, 15, 32, 38, 38, 45, 47"
9128,"1, 1, 1, 1, 1, 1, 2, 2, 2, 4, 6, 12, 18, 26, 33, 35, 54, 56"
9129,"1, 1, 1, 1, 1, 1, 2, 2, 2, 4, 4, 14, 20, 24, 33, 36, 44, 65"
9130,"1, 1, 1, 1, 2, 3, 4, 4, 8, 12, 19, 28, 29, 35, 51, 57"
9131,"1, 1, 1, 1, 3, 8, 10, 21, 23, 23, 38, 38, 39, 49"
9132,"1, 1, 1, 2, 2, 4, 6, 22, 24, 30, 33, 36, 47, 47"
9133,"1, 1, 1, 1, 3, 4, 7, 9, 11, 20, 32, 34, 36, 39, 57"
9134,"1, 1, 2, 2, 2, 2, 4, 4, 6, 12, 19, 28, 30, 33, 52, 58"
9135,"1, 1, 1, 3, 4, 5, 5, 9, 12, 14, 22, 29, 37, 55, 58"
9136,"1, 1, 1, 1, 1, 2, 2, 3, 3, 13, 15, 15, 28, 33, 37, 47, 53"
9137,"1, 1, 1, 1, 2, 2, 2, 5, 11, 12, 21, 29, 32, 40, 47, 49"
9138,"1, 1, 1, 1, 2, 3, 3, 3, 12, 16, 19, 21, 29, 37, 50, 57"
9139,"1, 1, 1, 3, 4, 4, 4, 5, 14, 21, 24, 32, 41, 46, 55"
9140,"1, 1, 1, 1, 1, 1, 1, 2, 4, 11, 14, 20, 23, 27, 42, 47, 59"
9141,"1, 1, 1, 1, 1, 1, 2, 2, 3, 7, 16, 22, 28, 30, 31, 54, 55"
9142,"1, 1, 1, 1, 1, 2, 2, 2, 5, 8, 10, 22, 24, 33, 39, 51, 53"
9143,"1, 1, 1, 3, 4, 6, 11, 16, 19, 28, 32, 33, 50, 51"
9144,"1, 1, 1, 1, 4, 4, 5, 6, 17, 27, 29, 29, 36, 41, 54"
9145,"1, 1, 3, 3, 4, 5, 7, 15, 16, 27, 35, 35, 44, 60"
9146,"1, 1, 1, 1, 3, 6, 12, 17, 21, 23, 34, 40, 46, 50"
9147,"1, 1, 2, 2, 5, 7, 7, 15, 24, 26, 34, 44, 44, 44"
9148,"1, 1, 2, 2, 3, 3, 5, 5, 15, 16, 25, 35, 35, 46, 62"
9149,"1, 1, 1, 1, 1, 2, 3, 4, 9, 17, 17, 24, 33, 37, 52, 53"
9150,"1, 1, 1, 1, 2, 2, 6, 12, 18, 18, 29, 32, 41, 44, 48"
9151,"1, 1, 4, 4, 5, 12, 15, 19, 28, 31, 34, 46, 56"
9152,"1, 1, 1, 1, 1, 2, 2, 5, 6, 14, 21, 29, 33, 40, 44, 55"
9153,"1, 1, 2, 2, 2, 5, 12, 20, 21, 23, 26, 41, 42, 58"
9154,"1, 1, 1, 3, 4, 5, 13, 14, 21, 21, 37, 41, 46, 48"
9155,"1, 2, 2, 4, 7, 11, 20, 23, 26, 38, 38, 40, 44"
9156,"1, 1, 1, 1, 2, 2, 3, 3, 4, 6, 9, 18, 28, 33, 41, 50, 53"
9157,"1, 1, 1, 1, 2, 4, 8, 8, 16, 17, 26, 35, 42, 46, 48"
9158,"1, 1, 1, 1, 4, 4, 10, 10, 10, 21, 23, 37, 39, 44, 50"
9159,"1, 1, 1, 2, 2, 5, 8, 8, 12, 17, 25, 33, 43, 44, 54"
9160,"1, 1, 1, 2, 3, 3, 4, 4, 15, 25, 28, 31, 38, 46, 54"
9161,"1, 1, 3, 5, 7, 7, 20, 21, 25, 30, 41, 46, 49"
9162,"1, 1, 1, 1, 2, 2, 3, 4, 9, 15, 20, 25, 30, 35, 46, 61"
9163,"1, 1, 1, 1, 2, 2, 3, 4, 9, 20, 22, 23, 33, 37, 38, 59"
9164,"1, 1, 1, 1, 1, 2, 4, 4, 6, 16, 22, 30, 30, 40, 48, 49"
9165,"1, 1, 1, 1, 2, 2, 4, 4, 16, 25, 28, 48, 58, 65"
9166,"1, 1, 2, 3, 3, 7, 11, 15, 16, 23, 38, 45, 45, 46"
9167,"1, 1, 1, 1, 1, 2, 2, 2, 4, 7, 13, 20, 30, 38, 41, 43, 49"
9168,"1, 1, 1, 1, 1, 1, 1, 2, 3, 5, 5, 11, 24, 26, 35, 40, 45, 53"
9169,"1, 1, 1, 2, 7, 9, 11, 14, 17, 20, 32, 39, 50, 52"
9170,"1, 1, 1, 2, 3, 5, 7, 21, 24, 30, 32, 38, 45, 46"
9171,"1, 1, 1, 1, 2, 3, 3, 11, 13, 25, 26, 40, 40, 43, 46"
9172,"1, 1, 1, 2, 4, 7, 10, 13, 19, 30, 31, 44, 44, 49"
9173,"1, 1, 1, 2, 4, 5, 8, 17, 25, 31, 34, 40, 43, 44"
9174,"1, 1, 1, 1, 2, 3, 3, 4, 5, 14, 24, 25, 34, 37, 45, 56"
9175,"1, 1, 2, 3, 3, 4, 6, 6, 8, 22, 22, 37, 40, 50, 51"
9176,"1, 1, 1, 1, 1, 2, 5, 8, 8, 9, 10, 22, 40, 45, 49, 53"
9177,"1, 1, 1, 1, 1, 2, 4, 4, 6, 15, 24, 28, 30, 31, 46, 61"
9178,"1, 1, 1, 1, 1, 1, 1, 3, 3, 5, 17, 21, 21, 35, 46, 49, 49"
9179,"1, 1, 1, 1, 1, 2, 4, 7, 7, 12, 24, 27, 38, 41, 42, 47"
9180,"1, 1, 1, 1, 3, 3, 3, 12, 14, 19, 25, 33, 39, 49, 52"
9181,"1, 1, 1, 2, 2, 3, 3, 5, 7, 13, 18, 25, 33, 34, 52, 56"
9182,"1, 1, 1, 1, 3, 3, 5, 5, 5, 13, 16, 19, 28, 37, 54, 64"
9183,"1, 1, 2, 3, 6, 10, 19, 23, 28, 38, 40, 41, 44"
9184,"1, 1, 2, 2, 3, 3, 5, 5, 17, 25, 25, 35, 42, 42, 48"
9185,"1, 1, 1, 2, 3, 4, 7, 7, 15, 16, 24, 28, 35, 50, 62"
9186,"1, 1, 2, 3, 3, 3, 3, 3, 15, 21, 23, 37, 42, 44, 55"
9187,"1, 1, 2, 2, 2, 3, 3, 11, 17, 20, 25, 27, 34, 50, 58"
9188,"1, 1, 2, 2, 3, 4, 6, 6, 13, 16, 27, 42, 42, 45, 46"
9189,"1, 1, 1, 1, 2, 3, 3, 4, 4, 17, 22, 28, 29, 39, 48, 53"
9190,"1, 1, 1, 1, 3, 4, 4, 6, 16, 24, 27, 33, 38, 43, 54"
9191,"1, 1, 1, 1, 1, 2, 2, 3, 6, 7, 10, 16, 27, 35, 35, 54, 54"
9192,"1, 1, 1, 1, 1, 2, 4, 6, 10, 12, 18, 29, 31, 43, 46, 50"
9193,"1, 1, 1, 5, 6, 8, 17, 28, 29, 34, 42, 42, 42"
9194,"1, 1, 1, 1, 1, 1, 1, 2, 3, 5, 19, 19, 19, 39, 39, 43, 61"
9195,"1, 1, 1, 1, 1, 2, 4, 5, 8, 17, 19, 28, 33, 35, 49, 51"
9196,"1, 1, 1, 1, 1, 1, 2, 4, 6, 16, 22, 28, 39, 40, 43, 50"
9197,"1, 1, 1, 1, 1, 1, 2, 4, 5, 7, 12, 22, 29, 39, 40, 43, 47"
9198,"1, 1, 1, 1, 1, 2, 5, 12, 15, 16, 29, 31, 33, 44, 64"
9199,"1, 1, 1, 2, 3, 3, 4, 10, 16, 21, 21, 35, 37, 49, 52"
9200,"1, 1, 1, 1, 1, 2, 3, 5, 5, 11, 22, 32, 37, 39, 46, 49"
9201,"1, 1, 1, 2, 2, 3, 11, 20, 22, 30, 32, 37, 42, 52"
9202,"1, 1, 1, 2, 2, 3, 3, 7, 20, 28, 29, 31, 33, 42, 53"
9203,"1, 1, 1, 1, 1, 2, 2, 3, 3, 4, 13, 26, 29, 32, 33, 47, 57"
9204,"1, 1, 1, 1, 1, 1, 1, 3, 4, 10, 14, 15, 27, 38, 42, 42, 54"
9205,"1, 1, 1, 2, 4, 5, 5, 5, 16, 18, 26, 31, 36, 43, 62"
9206,"1, 1, 1, 1, 1, 1, 2, 3, 8, 17, 21, 35, 36, 39, 43, 46"
9207,"1, 1, 1, 1, 1, 2, 2, 3, 6, 14, 24, 29, 34, 37, 44, 56"
9208,"1, 1, 1, 1, 1, 1, 2, 2, 3, 4, 4, 11, 21, 27, 34, 38, 49, 55"
9209,"1, 1, 2, 2, 2, 3, 7, 12, 13, 14, 26, 34, 44, 47, 48"
9210,"1, 1, 1, 1, 1, 1, 3, 8, 10, 11, 14, 34, 37, 42, 44, 47"
9211,"1, 1, 1, 1, 1, 1, 2, 2, 4, 6, 13, 20, 28, 32, 34, 47, 62"
9212,"1, 1, 1, 1, 1, 2, 3, 5, 11, 17, 18, 22, 33, 37, 47, 56"
9213,"1, 1, 1, 1, 1, 2, 2, 4, 5, 8, 11, 13, 26, 34, 46, 49, 51"
9214,"1, 1, 1, 3, 4, 6, 8, 19, 19, 24, 33, 41, 44, 52"
9215,"1, 2, 4, 4, 6, 7, 8, 9, 19, 22, 28, 40, 50, 56"
9216,"1, 1, 1, 1, 1, 1, 1, 2, 3, 8, 15, 22, 25, 35, 39, 46, 54"
9217,"1, 1, 1, 1, 1, 3, 4, 11, 21, 22, 29, 31, 34, 45, 51"
9218,"1, 1, 1, 2, 3, 4, 5, 11, 15, 17, 22, 28, 43, 46, 57"
9219,"1, 1, 1, 1, 2, 2, 3, 3, 3, 4, 11, 15, 32, 34, 35, 51, 57"
9220,"1, 1, 1, 2, 2, 2, 6, 12, 19, 20, 23, 34, 38, 45, 50"
9221,"1, 1, 1, 2, 2, 2, 6, 10, 20, 23, 24, 33, 34, 37, 60"
9222,"1, 1, 1, 1, 2, 2, 6, 6, 22, 24, 25, 27, 27, 45, 66"
9223,"1, 1, 1, 2, 6, 8, 8, 16, 19, 26, 33, 37, 48, 50"
9224,"1, 1, 1, 1, 2, 3, 6, 6, 18, 19, 25, 27, 46, 49, 51"
9225,"1, 1, 1, 1, 1, 2, 2, 4, 5, 16, 25, 34, 34, 35, 45, 49"
9226,"1, 1, 1, 1, 2, 2, 5, 9, 17, 24, 27, 30, 31, 45, 60"
9227,"1, 1, 1, 2, 2, 3, 6, 6, 13, 23, 28, 37, 41, 44, 48"
9228,"1, 1, 1, 3, 4, 4, 5, 6, 17, 19, 22, 31, 32, 48, 62"
9229,"1, 1, 1, 2, 2, 5, 15, 16, 17, 34, 35, 36, 36, 55"
9230,"1, 1, 1, 1, 2, 4, 4, 9, 17, 22, 26, 34, 38, 40, 56"
9231,"1, 2, 3, 3, 3, 9, 9, 13, 16, 18, 34, 42, 43, 60"
9232,"1, 1, 1, 1, 1, 1, 2, 2, 5, 11, 13, 16, 22, 39, 39, 48, 53"
9233,"1, 1, 1, 1, 2, 2, 2, 3, 6, 19, 23, 28, 38, 40, 42, 47"
9234,"1, 2, 2, 3, 4, 6, 6, 16, 26, 28, 32, 32, 46, 52"
9235,"1, 1, 1, 1, 1, 2, 2, 3, 9, 17, 18, 25, 38, 43, 44, 50"
9236,"1, 1, 1, 1, 2, 3, 3, 4, 8, 11, 18, 23, 26, 42, 48, 64"
9237,"1, 1, 1, 1, 2, 3, 7, 9, 17, 24, 25, 28, 37, 44, 56"
9238,"1, 1, 1, 1, 1, 2, 2, 2, 3, 5, 15, 20, 29, 31, 32, 52, 58"
9239,"1, 1, 1, 1, 2, 2, 5, 5, 12, 13, 13, 20, 31, 46, 49, 54"
9240,"1, 1, 1, 1, 1, 2, 4, 8, 8, 14, 22, 26, 35, 39, 46, 47"
9241,"1, 1, 1, 1, 2, 2, 3, 3, 8, 13, 24, 31, 39, 62, 65"
9242,"1, 1, 3, 3, 5, 7, 9, 13, 16, 29, 34, 41, 44, 50"
9243,"1, 1, 1, 2, 2, 3, 3, 8, 18, 25, 26, 35, 36, 41, 54"
9244,"1, 1, 1, 2, 2, 3, 5, 6, 6, 8, 23, 24, 27, 35, 52, 60"
9245,"1, 1, 1, 2, 2, 2, 4, 6, 8, 14, 20, 22, 30, 40, 43, 60"
9246,"1, 1, 1, 2, 4, 6, 6, 12, 22, 23, 38, 38, 48, 54"
9247,"1, 1, 2, 3, 4, 5, 7, 14, 25, 29, 37, 38, 44, 46"
9248,"1, 1, 1, 2, 4, 5, 12, 15, 24, 30, 38, 39, 40, 44"
9249,"1, 1, 1, 1, 1, 2, 2, 4, 6, 15, 25, 26, 28, 32, 46, 65"
9250,"1, 1, 1, 1, 2, 3, 5, 5, 10, 14, 32, 38, 45, 46, 52"
9251,"1, 1, 1, 2, 3, 4, 5, 9, 14, 15, 29, 31, 33, 52, 56"
9252,"1, 1, 1, 1, 2, 2, 3, 4, 9, 14, 22, 30, 38, 39, 43, 46"
9253,"1, 2, 3, 3, 3, 4, 8, 15, 15, 27, 35, 36, 44, 60"
9254,"1, 1, 1, 2, 3, 4, 5, 6, 19, 23, 27, 30, 33, 47, 54"
9255,"1, 1, 2, 2, 3, 4, 4, 6, 20, 21, 23, 28, 32, 48, 61"
9256,"1, 1, 1, 1, 2, 2, 4, 4, 5, 12, 22, 32, 35, 38, 47, 49"
9257,"1, 1, 1, 1, 2, 4, 12, 21, 24, 25, 32, 39, 46, 47"
9258,"1, 1, 1, 2, 3, 3, 3, 4, 4, 14, 22, 22, 35, 38, 45, 58"
9259,"1, 1, 1, 1, 1, 2, 2, 3, 11, 14, 19, 29, 29, 44, 47, 51"
9260,"1, 1, 1, 1, 1, 2, 2, 3, 11, 20, 23, 23, 32, 38, 48, 49"
9261,"1, 1, 1, 1, 1, 2, 3, 4, 4, 4, 12, 17, 27, 35, 40, 47, 56"
9262,"1, 1, 1, 2, 3, 6, 12, 22, 23, 23, 29, 37, 46, 50"
9263,"1, 1, 1, 2, 2, 2, 3, 4, 6, 16, 20, 23, 30, 39, 53, 53"
9264,"1, 1, 2, 2, 2, 2, 3, 3, 9, 15, 19, 30, 30, 32, 51, 54"
9265,"1, 1, 1, 3, 4, 4, 5, 18, 27, 30, 36, 36, 42, 48"
9266,"1, 1, 1, 1, 2, 3, 4, 7, 15, 21, 26, 41, 41, 46, 46"
9267,"1, 1, 2, 3, 6, 8, 10, 12, 14, 26, 38, 42, 43, 50"
9268,"1, 1, 1, 1, 1, 2, 3, 3, 4, 5, 11, 15, 22, 36, 37, 54, 59"
9269,"1, 1, 1, 1, 2, 2, 2, 3, 4, 17, 18, 20, 42, 43, 43, 56"
9270,"1, 1, 1, 3, 5, 5, 9, 15, 19, 27, 36, 41, 44, 49"
9271,"1, 1, 1, 1, 2, 2, 3, 4, 10, 14, 18, 25, 34, 38, 50, 52"
9272,"1, 1, 2, 2, 10, 26, 45, 75, 94"
9273,"1, 1, 1, 1, 1, 3, 6, 12, 15, 20, 25, 33, 38, 44, 55"
9274,"1, 1, 1, 1, 1, 2, 2, 3, 3, 19, 25, 27, 31, 37, 50, 52"
9275,"1, 1, 1, 1, 1, 1, 1, 1, 2, 6, 7, 16, 17, 21, 32, 41, 43, 63"
9276,"1, 1, 1, 1, 2, 2, 3, 6, 10, 10, 19, 33, 34, 35, 40, 58"
9277,"1, 1, 2, 2, 5, 6, 7, 18, 24, 26, 36, 40, 44, 44"
9278,"1, 1, 1, 1, 1, 2, 2, 2, 16, 18, 20, 29, 33, 40, 43, 46"
9279,"1, 1, 1, 3, 3, 5, 11, 17, 19, 29, 31, 42, 44, 49"
9280,"1, 1, 1, 1, 1, 1, 2, 7, 13, 15, 19, 23, 40, 41, 44, 46"
9281,"1, 2, 3, 3, 4, 11, 22, 27, 28, 28, 31, 46, 50"
9282,"1, 1, 1, 1, 1, 4, 4, 14, 17, 18, 27, 30, 30, 46, 61"
9283,"1, 1, 2, 2, 3, 3, 3, 3, 20, 20, 21, 32, 37, 50, 58"
9284,"1, 1, 1, 1, 2, 3, 6, 10, 12, 20, 31, 32, 39, 43, 54"
9285,"1, 1, 1, 1, 2, 2, 2, 3, 4, 5, 16, 17, 27, 28, 32, 57, 57"
9286,"1, 1, 1, 1, 1, 2, 4, 4, 6, 15, 20, 26, 32, 33, 54, 55"
9287,"1, 1, 1, 2, 2, 3, 3, 5, 9, 12, 15, 25, 35, 35, 49, 58"
9288,"1, 2, 2, 2, 3, 6, 8, 21, 21, 24, 30, 40, 46, 50"
9289,"1, 1, 1, 2, 2, 3, 5, 6, 16, 18, 24, 36, 41, 44, 56"
9290,"1, 1, 1, 1, 1, 2, 2, 3, 4, 6, 16, 18, 23, 29, 33, 54, 61"
9291,"1, 1, 1, 1, 1, 2, 3, 7, 7, 13, 18, 19, 39, 42, 43, 58"
9292,"1, 1, 1, 1, 1, 2, 2, 5, 11, 17, 18, 19, 32, 42, 44, 59"
9293,"1, 1, 1, 3, 5, 5, 9, 19, 22, 27, 32, 40, 42, 49"
9294,"1, 1, 1, 4, 6, 6, 6, 18, 20, 24, 34, 38, 43, 54"
9295,"1, 1, 1, 2, 3, 4, 8, 8, 10, 15, 27, 33, 45, 46, 52"
9296,"1, 1, 1, 2, 2, 2, 3, 4, 7, 16, 18, 24, 36, 42, 43, 54"
9297,"1, 1, 1, 2, 3, 4, 6, 10, 10, 17, 26, 34, 43, 48, 50"
9298,"1, 1, 1, 2, 2, 3, 7, 8, 18, 19, 29, 30, 33, 46, 56"
9299,"1, 1, 1, 1, 2, 4, 6, 6, 16, 23, 23, 37, 40, 43, 52"
9300,"1, 1, 1, 3, 3, 5, 5, 6, 12, 18, 32, 33, 35, 48, 53"
9301,"1, 1, 1, 1, 1, 2, 2, 3, 5, 7, 13, 25, 28, 33, 35, 47, 51"
9302,"1, 1, 1, 1, 2, 3, 3, 4, 7, 11, 25, 28, 32, 40, 43, 54"
9303,"1, 1, 1, 1, 2, 2, 3, 5, 5, 17, 24, 26, 34, 38, 41, 55"
9304,"1, 1, 1, 2, 2, 3, 6, 9, 18, 22, 30, 31, 38, 40, 52"
9305,"1, 1, 1, 1, 2, 2, 4, 5, 9, 14, 21, 24, 31, 35, 49, 56"
9306,"1, 1, 1, 1, 3, 3, 5, 5, 5, 9, 20, 29, 39, 40, 46, 48"
9307,"1, 1, 1, 1, 1, 1, 3, 5, 6, 19, 19, 20, 29, 42, 51, 56"
9308,"1, 2, 2, 3, 6, 8, 8, 8, 13, 29, 32, 46, 48, 50"
9309,"1, 1, 1, 1, 1, 2, 5, 5, 7, 15, 20, 30, 39, 41, 43, 44"
9310,"1, 1, 1, 1, 1, 1, 2, 2, 2, 5, 5, 7, 19, 28, 33, 40, 49, 58"
9311,"1, 1, 1, 2, 2, 2, 3, 6, 19, 25, 26, 35, 35, 42, 56"
9312,"1, 1, 1, 2, 3, 3, 4, 4, 6, 12, 19, 23, 37, 39, 47, 54"
9313,"1, 1, 1, 1, 1, 2, 2, 3, 3, 5, 13, 15, 21, 37, 44, 47, 59"
9314,"1, 1, 1, 1, 1, 4, 5, 6, 6, 10, 14, 33, 33, 46, 47, 47"
9315,"1, 1, 1, 1, 1, 2, 3, 3, 5, 7, 12, 13, 19, 34, 40, 51, 62"
9316,"1, 1, 1, 1, 2, 5, 8, 8, 9, 23, 30, 39, 39, 41, 48"
9317,"1, 1, 2, 3, 3, 3, 5, 9, 15, 18, 20, 31, 41, 50, 54"
9318,"1, 1, 1, 1, 2, 2, 3, 4, 8, 10, 22, 32, 38, 38, 41, 52"
9319,"1, 1, 1, 1, 1, 1, 3, 6, 10, 15, 19, 23, 37, 44, 46, 47"
9320,"1, 1, 1, 1, 1, 2, 4, 7, 8, 15, 18, 20, 41, 41, 43, 52"
9321,"1, 1, 1, 2, 2, 2, 5, 8, 17, 22, 23, 35, 43, 46, 48"
9322,"1, 1, 2, 2, 4, 9, 11, 16, 19, 24, 32, 39, 44, 52"
9323,"1, 1, 1, 1, 2, 3, 4, 8, 13, 16, 35, 35, 44, 44, 48"
9324,"1, 1, 1, 2, 4, 8, 14, 17, 20, 23, 37, 38, 40, 50"
9325,"1, 1, 1, 1, 2, 3, 10, 10, 14, 18, 27, 34, 35, 44, 55"
9326,"1, 1, 1, 1, 3, 6, 13, 15, 20, 32, 39, 39, 40, 45"
9327,"1, 1, 1, 2, 5, 5, 11, 17, 20, 22, 38, 42, 44, 47"
9328,"1, 1, 1, 2, 2, 3, 4, 4, 5, 15, 16, 16, 34, 36, 52, 64"
9329,"1, 1, 1, 2, 4, 5, 5, 8, 13, 14, 15, 43, 44, 49, 51"
9330,"1, 1, 1, 1, 2, 2, 5, 7, 22, 24, 26, 38, 39, 43, 44"
9331,"1, 1, 1, 2, 3, 3, 4, 6, 16, 19, 20, 35, 43, 44, 58"
9332,"1, 1, 2, 2, 2, 2, 2, 3, 9, 17, 17, 19, 32, 34, 45, 68"
9333,"1, 1, 1, 1, 3, 3, 5, 9, 19, 21, 24, 28, 32, 50, 58"
9334,"1, 1, 1, 1, 3, 3, 13, 19, 22, 23, 33, 37, 49, 50"
9335,"1, 1, 1, 1, 1, 2, 2, 4, 4, 4, 12, 17, 18, 40, 43, 48, 57"
9336,"1, 1, 2, 2, 2, 3, 4, 9, 9, 16, 27, 36, 42, 44, 58"
9337,"1, 1, 1, 1, 1, 2, 2, 2, 5, 6, 15, 15, 25, 32, 36, 55, 56"
9338,"1, 1, 1, 2, 2, 3, 4, 4, 4, 18, 19, 23, 31, 38, 50, 55"
9339,"1, 1, 1, 1, 2, 3, 3, 4, 9, 10, 17, 31, 37, 43, 44, 49"
9340,"1, 1, 1, 1, 1, 2, 4, 5, 11, 12, 15, 26, 37, 43, 47, 49"
9341,"1, 2, 3, 7, 8, 10, 15, 21, 21, 30, 42, 42, 54"
9342,"1, 1, 1, 1, 1, 1, 3, 6, 8, 19, 26, 27, 29, 31, 49, 52"
9343,"1, 1, 1, 2, 2, 4, 5, 6, 20, 21, 24, 27, 41, 48, 53"
9344,"1, 1, 1, 2, 3, 6, 6, 15, 22, 23, 33, 39, 46, 58"
9345,"1, 1, 1, 1, 1, 1, 3, 5, 5, 6, 12, 20, 27, 33, 41, 45, 53"
9346,"1, 1, 1, 1, 2, 3, 4, 4, 12, 14, 16, 20, 39, 45, 45, 48"
9347,"1, 1, 1, 1, 1, 1, 2, 5, 9, 14, 22, 31, 39, 39, 42, 47"
9348,"1, 1, 1, 1, 2, 8, 32, 41, 75, 94"
9349,"1, 1, 1, 2, 2, 3, 8, 10, 14, 16, 27, 35, 38, 42, 56"
9350,"1, 1, 1, 1, 1, 1, 2, 2, 3, 5, 14, 16, 25, 42, 45, 47, 49"
9351,"1, 1, 1, 1, 5, 7, 13, 15, 22, 35, 36, 36, 39, 44"
9352,"1, 1, 2, 2, 4, 8, 10, 14, 20, 28, 38, 40, 42, 46"
9353,"1, 1, 2, 2, 2, 2, 3, 7, 16, 22, 27, 34, 40, 45, 52"
9354,"1, 1, 1, 1, 2, 2, 2, 2, 15, 15, 20, 29, 30, 30, 47, 58"
9355,"1, 1, 1, 2, 2, 3, 4, 5, 19, 24, 29, 32, 35, 41, 57"
9356,"1, 1, 1, 2, 3, 4, 4, 8, 14, 19, 21, 36, 41, 43, 58"
9357,"1, 1, 1, 2, 2, 2, 3, 4, 6, 17, 19, 26, 34, 44, 45, 49"
9358,"1, 1, 1, 1, 2, 2, 2, 4, 4, 5, 15, 19, 22, 30, 31, 51, 65"
9359,"1, 1, 1, 1, 1, 2, 3, 5, 7, 16, 21, 23, 36, 44, 45, 49"
9360,"1, 1, 2, 2, 3, 5, 5, 8, 10, 13, 33, 36, 45, 46, 46"
9361,"1, 1, 1, 2, 3, 3, 6, 6, 17, 19, 19, 40, 42, 44, 52"
9362,"1, 1, 1, 1, 2, 2, 4, 14, 20, 21, 24, 29, 41, 42, 53"
9363,"1, 1, 1, 2, 3, 3, 4, 5, 8, 13, 15, 19, 33, 35, 53, 60"
9364,"1, 1, 1, 1, 1, 1, 3, 5, 7, 19, 21, 23, 35, 39, 47, 51"
9365,"1, 1, 1, 1, 1, 2, 3, 7, 7, 13, 15, 29, 36, 39, 42, 58"
9366,"1, 1, 2, 2, 3, 3, 3, 11, 12, 24, 26, 34, 35, 49, 50"
9367,"1, 1, 1, 2, 2, 2, 4, 6, 14, 26, 29, 32, 34, 46, 56"
9368,"1, 1, 1, 1, 1, 2, 2, 6, 8, 14, 18, 22, 33, 39, 52, 55"
9369,"1, 1, 1, 1, 1, 1, 2, 5, 5, 14, 17, 23, 44, 45, 47, 48"
9370,"1, 1, 1, 1, 2, 2, 2, 3, 10, 14, 18, 29, 31, 44, 45, 52"
9371,"1, 1, 2, 2, 2, 3, 5, 11, 15, 17, 26, 26, 43, 44, 58"
9372,"1, 1, 1, 2, 3, 3, 6, 6, 14, 18, 29, 31, 33, 50, 58"
9373,"1, 1, 1, 1, 1, 2, 3, 6, 8, 16, 16, 17, 42, 44, 48, 49"
9374,"1, 1, 1, 1, 2, 2, 3, 4, 7, 14, 26, 32, 34, 35, 46, 47"
9375,"1, 2, 2, 2, 3, 3, 4, 10, 13, 21, 23, 26, 38, 48, 60"
9376,"1, 2, 4, 4, 5, 8, 16, 19, 30, 32, 36, 47, 52"
9377,"1, 1, 1, 2, 3, 3, 3, 7, 12, 15, 30, 39, 42, 43, 54"
9378,"1, 1, 2, 4, 5, 6, 8, 13, 25, 30, 30, 36, 45, 50"
9379,"1, 1, 1, 1, 1, 2, 2, 3, 9, 18, 18, 27, 35, 42, 43, 52"
9380,"1, 1, 1, 1, 1, 2, 3, 5, 8, 15, 17, 24, 29, 43, 44, 61"
9381,"1, 1, 1, 2, 2, 3, 5, 9, 13, 25, 28, 32, 37, 48, 49"
9382,"1, 1, 1, 1, 2, 3, 4, 8, 21, 25, 26, 26, 43, 44, 50"
9383,"1, 1, 1, 1, 2, 3, 7, 12, 13, 14, 30, 31, 44, 46, 50"
9384,"1, 1, 2, 2, 3, 5, 7, 16, 23, 29, 31, 38, 42, 56"
9385,"1, 1, 2, 3, 3, 5, 7, 19, 23, 24, 37, 38, 42, 51"
9386,"1, 1, 1, 3, 3, 3, 4, 8, 11, 16, 21, 34, 37, 50, 63"
9387,"1, 1, 1, 1, 2, 3, 4, 7, 22, 23, 24, 36, 39, 40, 52"
9388,"1, 1, 1, 1, 2, 3, 3, 15, 17, 19, 34, 35, 36, 37, 51"
9389,"1, 1, 1, 1, 1, 1, 1, 2, 2, 2, 5, 16, 18, 20, 41, 42, 45, 56"
9390,"1, 1, 1, 2, 3, 5, 5, 23, 25, 28, 28, 42, 44, 48"
9391,"1, 1, 1, 1, 2, 2, 3, 4, 7, 18, 22, 24, 30, 38, 49, 53"
9392,"1, 1, 1, 1, 2, 3, 4, 7, 17, 26, 28, 34, 34, 40, 57"
9393,"1, 1, 1, 1, 1, 2, 3, 11, 21, 29, 31, 32, 40, 41, 41"
9394,"1, 1, 2, 3, 3, 8, 9, 14, 21, 29, 30, 34, 49, 52"
9395,"1, 1, 2, 3, 4, 5, 7, 7, 8, 17, 17, 39, 43, 50, 52"
9396,"1, 1, 3, 3, 4, 4, 11, 16, 22, 24, 29, 36, 50, 52"
9397,"1, 1, 1, 1, 1, 1, 1, 2, 13, 21, 25, 30, 31, 37, 41, 49"
9398,"1, 1, 1, 1, 2, 2, 6, 7, 15, 23, 32, 39, 39, 40, 47"
9399,"1, 1, 1, 1, 1, 5, 7, 7, 11, 26, 28, 35, 39, 44, 49"
9400,"1, 1, 1, 3, 3, 4, 6, 21, 25, 29, 33, 35, 40, 54"
9401,"1, 1, 1, 1, 2, 6, 6, 8, 12, 16, 17, 33, 34, 54, 64"
9402,"1, 1, 1, 1, 2, 2, 4, 6, 8, 12, 19, 28, 32, 43, 45, 51"
9403,"1, 1, 1, 1, 1, 1, 1, 3, 4, 4, 16, 18, 29, 37, 38, 49, 51"
9404,"1, 1, 1, 1, 2, 3, 3, 3, 5, 19, 21, 22, 37, 40, 42, 55"
9405,"1, 1, 1, 1, 1, 3, 3, 3, 9, 17, 19, 24, 28, 34, 52, 59"
9406,"1, 1, 1, 1, 1, 2, 9, 12, 15, 16, 24, 38, 40, 45, 50"
9407,"1, 1, 1, 2, 2, 2, 3, 5, 5, 11, 18, 32, 35, 36, 46, 56"
9408,"1, 1, 1, 1, 1, 3, 3, 6, 9, 14, 18, 25, 35, 43, 43, 52"
9409,"1, 1, 1, 2, 2, 2, 3, 4, 6, 14, 18, 25, 34, 43, 44, 56"
9410,"1, 1, 1, 3, 3, 4, 4, 7, 13, 22, 24, 32, 40, 47, 54"
9411,"1, 1, 1, 4, 4, 9, 11, 16, 18, 20, 38, 39, 44, 50"
9412,"1, 1, 1, 1, 2, 2, 4, 12, 21, 22, 25, 36, 38, 41, 49"
9413,"1, 1, 1, 1, 1, 1, 1, 2, 3, 4, 6, 13, 16, 25, 35, 37, 54, 54"
9414,"1, 1, 1, 2, 2, 3, 7, 12, 15, 19, 23, 25, 38, 49, 58"
9415,"1, 1, 1, 2, 3, 6, 8, 19, 20, 24, 33, 36, 44, 58"
9416,"1, 1, 1, 1, 1, 2, 4, 6, 8, 12, 18, 31, 38, 43, 44, 45"
9417,"1, 1, 1, 1, 1, 2, 3, 6, 7, 14, 24, 30, 36, 39, 45, 45"
9418,"1, 1, 1, 1, 2, 2, 7, 7, 18, 24, 28, 30, 39, 41, 54"
9419,"1, 1, 1, 2, 3, 4, 12, 21, 24, 27, 31, 31, 42, 56"
9420,"1, 1, 1, 1, 1, 1, 3, 3, 11, 17, 21, 23, 36, 39, 47, 50"
9421,"1, 1, 1, 1, 2, 3, 4, 5, 7, 11, 23, 27, 32, 38, 47, 53"
9422,"1, 1, 1, 2, 2, 3, 3, 6, 8, 9, 19, 27, 34, 40, 49, 51"
9423,"1, 1, 1, 1, 2, 4, 4, 4, 6, 14, 14, 16, 42, 43, 47, 56"
9424,"1, 1, 1, 1, 2, 2, 3, 5, 7, 17, 18, 19, 29, 36, 51, 63"
9425,"1, 1, 1, 1, 2, 3, 3, 3, 9, 14, 17, 27, 37, 40, 46, 51"
9426,"1, 1, 2, 2, 3, 8, 11, 16, 21, 25, 28, 32, 48, 58"
9427,"1, 1, 1, 1, 1, 1, 2, 4, 5, 19, 30, 30, 33, 34, 43, 50"
9428,"1, 1, 3, 3, 4, 5, 5, 19, 22, 24, 35, 38, 40, 56"
9429,"1, 1, 1, 1, 1, 2, 2, 4, 5, 7, 9, 20, 24, 27, 40, 51, 60"
9430,"1, 1, 1, 1, 1, 1, 2, 7, 13, 14, 18, 25, 36, 39, 45, 51"
9431,"1, 1, 1, 1, 1, 1, 1, 4, 4, 6, 10, 17, 21, 35, 41, 50, 61"
9432,"1, 1, 1, 1, 1, 3, 4, 12, 21, 27, 27, 28, 34, 39, 56"
9433,"1, 1, 1, 1, 2, 4, 4, 5, 6, 12, 12, 27, 31, 32, 53, 64"
9434,"1, 1, 1, 1, 2, 2, 5, 5, 9, 11, 13, 25, 33, 40, 48, 59"
9435,"1, 1, 1, 2, 2, 2, 4, 12, 12, 26, 30, 38, 40, 41, 44"
9436,"1, 1, 2, 2, 4, 4, 5, 6, 16, 19, 22, 29, 29, 46, 70"
9437,"1, 1, 1, 1, 2, 2, 2, 4, 4, 4, 16, 16, 19, 42, 42, 44, 55"
9438,"1, 1, 1, 2, 2, 3, 3, 7, 18, 25, 32, 35, 37, 43, 46"
9439,"1, 1, 1, 1, 1, 2, 2, 5, 8, 14, 22, 25, 25, 39, 47, 62"
9440,"1, 1, 1, 2, 2, 3, 4, 5, 7, 14, 15, 24, 35, 37, 51, 54"
9441,"1, 2, 3, 4, 6, 8, 14, 26, 26, 26, 42, 48, 50"
9442,"1, 1, 1, 1, 1, 3, 3, 4, 6, 19, 20, 21, 41, 42, 45, 47"
9443,"1, 1, 1, 1, 2, 3, 4, 4, 6, 13, 25, 28, 32, 35, 47, 53"
9444,"1, 1, 1, 1, 3, 3, 6, 6, 19, 24, 29, 29, 40, 43, 50"
9445,"1, 1, 1, 1, 2, 2, 2, 3, 5, 5, 10, 21, 22, 31, 37, 50, 62"
9446,"1, 1, 1, 3, 3, 6, 6, 10, 12, 12, 25, 36, 41, 46, 53"
9447,"1, 1, 1, 1, 1, 1, 2, 3, 4, 6, 11, 13, 26, 37, 45, 45, 58"
9448,"1, 1, 1, 1, 1, 1, 2, 2, 2, 9, 14, 15, 30, 31, 39, 50, 56"
9449,"1, 1, 1, 1, 2, 2, 3, 4, 6, 9, 25, 28, 30, 42, 44, 57"
9450,"1, 1, 1, 1, 1, 1, 3, 4, 10, 18, 20, 25, 35, 35, 49, 51"
9451,"1, 1, 1, 2, 3, 3, 5, 9, 15, 20, 24, 36, 43, 44, 49"
9452,"1, 1, 1, 2, 3, 3, 7, 7, 15, 19, 21, 38, 38, 47, 53"
9453,"1, 1, 1, 1, 5, 5, 9, 17, 23, 32, 39, 40, 41, 41"
9454,"1, 1, 1, 1, 2, 2, 3, 3, 5, 18, 24, 25, 35, 37, 43, 55"
9455,"1, 1, 1, 1, 1, 2, 6, 6, 8, 10, 16, 32, 37, 41, 46, 47"
9456,"1, 1, 1, 1, 2, 5, 6, 8, 12, 24, 27, 29, 32, 50, 57"
9457,"1, 1, 2, 3, 5, 5, 7, 15, 21, 29, 35, 38, 42, 52"
9458,"1, 1, 2, 4, 6, 12, 14, 25, 34, 36, 36, 39, 46"
9459,"1, 1, 1, 1, 2, 2, 7, 9, 16, 20, 21, 41, 42, 45, 47"
9460,"1, 1, 1, 2, 3, 6, 8, 19, 28, 33, 33, 34, 38, 49"
9461,"1, 1, 1, 1, 1, 2, 2, 7, 9, 18, 24, 28, 29, 33, 47, 52"
9462,"1, 1, 1, 1, 2, 2, 5, 9, 17, 19, 26, 29, 39, 42, 62"
9463,"1, 1, 1, 1, 1, 1, 2, 3, 6, 8, 13, 18, 21, 34, 39, 48, 58"
9464,"1, 1, 1, 2, 4, 4, 4, 5, 17, 26, 26, 33, 34, 42, 56"
9465,"1, 1, 1, 1, 1, 2, 2, 3, 4, 8, 14, 18, 26, 33, 35, 52, 54"
9466,"1, 1, 1, 1, 2, 4, 8, 10, 14, 19, 23, 30, 44, 48, 50"
9467,"1, 1, 1, 1, 1, 1, 4, 6, 12, 14, 20, 33, 33, 37, 38, 53"
9468,"1, 1, 1, 3, 4, 7, 9, 19, 20, 23, 32, 41, 47, 48"
9469,"1, 1, 1, 1, 2, 2, 2, 2, 8, 16, 22, 25, 34, 45, 46, 48"
9470,"1, 1, 1, 1, 1, 2, 4, 6, 20, 27, 29, 29, 42, 43, 49"
9471,"1, 1, 1, 1, 2, 2, 4, 5, 11, 18, 22, 38, 39, 51, 60"
9472,"1, 1, 2, 2, 3, 5, 6, 7, 9, 15, 27, 32, 38, 50, 58"
9473,"1, 1, 1, 2, 3, 3, 6, 9, 16, 19, 25, 26, 41, 43, 60"
9474,"1, 1, 1, 1, 2, 2, 2, 3, 10, 12, 15, 24, 38, 47, 48, 49"
9475,"1, 1, 2, 2, 2, 2, 3, 4, 6, 14, 17, 21, 40, 42, 45, 54"
9476,"1, 1, 1, 1, 2, 2, 3, 5, 7, 19, 20, 25, 27, 33, 49, 60"
9477,"1, 1, 1, 3, 4, 4, 4, 9, 13, 18, 26, 33, 41, 42, 56"
9478,"1, 1, 2, 4, 5, 5, 8, 15, 24, 28, 29, 38, 44, 52"
9479,"1, 1, 1, 2, 5, 5, 5, 19, 21, 21, 39, 40, 42, 54"
9480,"1, 1, 2, 2, 8, 28, 35, 89, 90"
9481,"1, 1, 1, 1, 2, 2, 2, 3, 11, 14, 14, 27, 31, 33, 47, 66"
9482,"1, 1, 1, 1, 2, 2, 3, 7, 13, 15, 25, 28, 38, 57, 62"
9483,"1, 1, 1, 2, 4, 5, 5, 5, 16, 19, 21, 34, 34, 46, 62"
9484,"1, 3, 3, 5, 6, 7, 14, 21, 31, 33, 42, 44, 46"
9485,"1, 2, 4, 7, 35, 39, 74, 94"
9486,"1, 1, 1, 1, 2, 2, 3, 4, 6, 14, 17, 26, 34, 35, 53, 56"
9487,"1, 1, 1, 1, 1, 1, 2, 5, 7, 12, 15, 30, 35, 47, 48, 49"
9488,"1, 1, 1, 3, 3, 3, 3, 5, 20, 21, 23, 31, 35, 46, 60"
9489,"1, 1, 1, 1, 2, 2, 3, 5, 9, 14, 18, 24, 33, 42, 45, 55"
9490,"1, 2, 3, 3, 7, 9, 14, 14, 31, 48, 54, 70"
9491,"1, 1, 1, 1, 1, 1, 2, 2, 5, 7, 15, 18, 25, 34, 35, 52, 55"
9492,"1, 1, 1, 1, 3, 7, 9, 17, 27, 31, 31, 36, 44, 47"
9493,"1, 1, 1, 3, 3, 5, 5, 8, 14, 14, 25, 35, 42, 45, 54"
9494,"1, 1, 1, 1, 1, 2, 2, 3, 3, 5, 13, 22, 28, 37, 41, 47, 48"
9495,"1, 1, 1, 3, 3, 6, 8, 19, 22, 29, 33, 36, 42, 52"
9496,"1, 1, 1, 1, 2, 9, 9, 21, 25, 27, 28, 38, 43, 50"
9497,"1, 1, 1, 1, 2, 3, 5, 15, 16, 19, 27, 33, 43, 44, 45"
9498,"1, 1, 1, 1, 2, 2, 3, 4, 8, 19, 21, 23, 29, 36, 52, 53"
9499,"1, 1, 1, 2, 2, 2, 2, 2, 3, 3, 10, 16, 26, 33, 34, 58, 60"
9500,"1, 1, 1, 2, 2, 2, 5, 7, 17, 23, 24, 30, 44, 45, 52"
9501,"1, 1, 1, 1, 1, 1, 1, 2, 3, 3, 8, 9, 18, 31, 37, 43, 45, 50"
9502,"1, 1, 1, 1, 1, 2, 3, 4, 4, 6, 13, 22, 23, 27, 29, 57, 61"
9503,"1, 1, 1, 2, 3, 5, 8, 8, 13, 18, 25, 35, 42, 46, 48"
9504,"1, 1, 1, 2, 2, 2, 5, 9, 22, 23, 23, 26, 30, 48, 61"
9505,"1, 1, 1, 1, 2, 4, 6, 8, 17, 19, 24, 36, 42, 43, 51"
9506,"1, 1, 2, 2, 3, 3, 5, 7, 18, 19, 24, 30, 45, 46, 50"
9507,"1, 1, 1, 1, 1, 2, 3, 5, 13, 15, 19, 20, 26, 41, 45, 62"
9508,"1, 1, 1, 1, 1, 3, 7, 9, 15, 25, 29, 32, 37, 46, 48"
9509,"1, 1, 1, 2, 2, 2, 3, 5, 7, 15, 16, 17, 42, 44, 46, 52"
9510,"1, 1, 1, 1, 2, 4, 5, 9, 12, 23, 26, 38, 42, 44, 47"
9511,"1, 1, 1, 1, 3, 5, 13, 18, 19, 30, 32, 41, 43, 48"
9512,"1, 1, 1, 1, 2, 2, 4, 4, 6, 14, 24, 28, 32, 36, 47, 53"
9513,"1, 1, 3, 3, 3, 10, 21, 23, 27, 32, 33, 37, 62"
9514,"1, 1, 1, 1, 1, 1, 6, 8, 16, 19, 29, 34, 43, 46, 49"
9515,"1, 1, 1, 2, 3, 3, 7, 9, 14, 17, 21, 38, 40, 48, 51"
9516,"1, 1, 1, 1, 1, 1, 3, 3, 3, 7, 11, 16, 18, 43, 44, 48, 54"
9517,"1, 1, 1, 1, 2, 4, 6, 10, 16, 18, 27, 33, 35, 45, 56"
9518,"1, 1, 1, 2, 4, 5, 5, 6, 11, 12, 23, 36, 47, 48, 54"
9519,"1, 1, 1, 1, 2, 2, 3, 3, 9, 18, 19, 21, 39, 42, 42, 52"
9520,"1, 1, 2, 3, 3, 4, 5, 5, 14, 21, 21, 37, 40, 45, 54"
9521,"1, 1, 1, 1, 1, 1, 3, 4, 8, 19, 21, 23, 40, 40, 41, 51"
9522,"1, 1, 1, 1, 2, 2, 2, 4, 4, 19, 20, 20, 42, 42, 47, 48"
9523,"1, 1, 1, 1, 1, 3, 4, 5, 7, 13, 21, 28, 31, 41, 48, 50"
9524,"1, 1, 1, 2, 2, 3, 4, 4, 8, 11, 15, 25, 36, 42, 44, 57"
9525,"1, 1, 1, 3, 4, 7, 7, 16, 21, 24, 35, 42, 44, 50"
9526,"1, 1, 1, 1, 2, 2, 2, 4, 4, 6, 10, 21, 27, 35, 38, 48, 53"
9527,"1, 1, 1, 1, 2, 2, 4, 5, 10, 15, 17, 23, 39, 42, 44, 49"
9528,"1, 1, 1, 1, 1, 2, 3, 3, 7, 13, 19, 26, 47, 55, 76"
9529,"1, 1, 1, 1, 1, 1, 2, 4, 5, 9, 10, 20, 30, 30, 41, 49, 50"
9530,"1, 1, 1, 1, 2, 6, 8, 18, 29, 32, 33, 38, 42, 44"
9531,"1, 1, 1, 2, 2, 2, 7, 11, 14, 16, 18, 43, 44, 46, 48"
9532,"1, 1, 2, 3, 4, 5, 6, 21, 21, 29, 31, 40, 46, 46"
9533,"1, 1, 1, 1, 4, 5, 15, 20, 20, 28, 31, 33, 44, 52"
9534,"1, 1, 1, 1, 5, 7, 7, 17, 28, 33, 33, 34, 42, 46"
9535,"1, 1, 1, 2, 2, 3, 6, 8, 17, 20, 20, 33, 42, 49, 51"
9536,"1, 1, 1, 1, 3, 3, 5, 5, 18, 21, 23, 29, 37, 54, 54"
9537,"1, 1, 1, 2, 4, 7, 10, 17, 21, 32, 34, 37, 41, 48"
9538,"1, 1, 1, 1, 1, 2, 2, 5, 5, 9, 11, 15, 21, 41, 45, 46, 49"
9539,"1, 1, 2, 2, 2, 7, 10, 18, 19, 30, 32, 36, 40, 56"
9540,"1, 1, 1, 1, 4, 4, 5, 8, 16, 18, 25, 34, 41, 45, 52"
9541,"1, 1, 1, 2, 2, 3, 4, 4, 6, 14, 16, 23, 44, 44, 45, 46"
9542,"1, 1, 1, 1, 1, 2, 2, 4, 6, 8, 14, 18, 19, 33, 41, 47, 57"
9543,"1, 1, 1, 1, 1, 3, 3, 15, 15, 25, 30, 37, 38, 40, 45"
9544,"1, 1, 1, 1, 1, 1, 2, 3, 11, 17, 26, 28, 30, 32, 49, 52"
9545,"1, 1, 1, 1, 2, 3, 3, 3, 4, 14, 16, 27, 35, 41, 48, 56"
9546,"1, 1, 1, 1, 1, 3, 3, 3, 10, 15, 17, 29, 33, 41, 45, 52"
9547,"1, 1, 1, 2, 3, 6, 6, 13, 14, 28, 34, 47, 48, 52"
9548,"1, 1, 1, 1, 2, 2, 4, 5, 5, 14, 24, 27, 36, 37, 43, 53"
9549,"1, 1, 1, 2, 3, 5, 5, 9, 13, 15, 25, 32, 44, 49, 51"
9550,"1, 1, 1, 1, 1, 3, 5, 5, 6, 16, 20, 29, 29, 33, 49, 56"
9551,"1, 1, 1, 1, 1, 1, 1, 2, 4, 7, 15, 19, 22, 28, 43, 45, 64"
9552,"1, 1, 1, 1, 5, 7, 9, 21, 23, 29, 31, 34, 35, 58"
9553,"1, 1, 1, 1, 2, 3, 3, 4, 7, 14, 25, 26, 26, 37, 44, 61"
9554,"1, 1, 1, 2, 2, 2, 4, 4, 5, 15, 19, 28, 34, 40, 47, 51"
9555,"1, 1, 2, 2, 3, 4, 5, 9, 10, 24, 30, 32, 35, 48, 50"
9556,"1, 1, 1, 1, 2, 4, 5, 9, 19, 22, 24, 35, 38, 45, 49"
9557,"1, 1, 1, 1, 1, 1, 2, 3, 4, 18, 21, 30, 33, 40, 40, 59"
9558,"1, 1, 1, 1, 3, 3, 4, 14, 15, 20, 29, 33, 39, 46, 46"
9559,"1, 1, 1, 1, 1, 2, 4, 14, 14, 17, 26, 35, 46, 46, 47"
9560,"1, 1, 1, 2, 2, 2, 9, 10, 13, 18, 28, 32, 42, 44, 51"
9561,"1, 1, 1, 3, 3, 4, 4, 11, 14, 14, 23, 34, 45, 48, 50"
9562,"1, 1, 1, 3, 3, 3, 4, 6, 15, 19, 29, 37, 39, 41, 54"
9563,"1, 1, 1, 2, 2, 4, 5, 7, 16, 21, 23, 32, 36, 47, 58"
9564,"1, 1, 1, 1, 1, 1, 1, 4, 5, 7, 10, 18, 30, 35, 43, 48, 49"
9565,"1, 1, 1, 2, 3, 4, 6, 8, 11, 27, 29, 30, 42, 42, 49"
9566,"1, 1, 1, 1, 1, 2, 2, 3, 3, 11, 14, 14, 25, 26, 48, 48, 55"
9567,"1, 1, 1, 1, 1, 1, 2, 3, 5, 5, 11, 18, 28, 42, 42, 47, 47"
9568,"1, 1, 2, 2, 4, 4, 8, 24, 24, 24, 36, 36, 38, 52"
9569,"1, 1, 1, 2, 2, 2, 2, 3, 5, 15, 23, 25, 34, 36, 42, 62"
9570,"1, 1, 1, 1, 1, 1, 2, 2, 6, 8, 10, 15, 23, 39, 42, 45, 58"
9571,"1, 1, 1, 1, 1, 2, 2, 3, 3, 6, 13, 18, 24, 33, 34, 56, 57"
9572,"1, 1, 2, 2, 2, 4, 10, 16, 24, 32, 36, 38, 42, 46"
9573,"1, 1, 1, 2, 2, 2, 2, 4, 12, 14, 19, 22, 30, 41, 47, 56"
9574,"1, 1, 1, 1, 2, 2, 3, 5, 6, 17, 18, 22, 39, 39, 45, 54"
9575,"1, 1, 1, 1, 2, 2, 2, 3, 12, 17, 21, 27, 34, 35, 48, 49"
9576,"1, 1, 1, 1, 2, 2, 7, 11, 11, 20, 25, 40, 43, 45, 46"
9577,"1, 1, 1, 1, 1, 2, 2, 4, 5, 5, 15, 16, 23, 37, 44, 47, 51"
9578,"1, 1, 1, 1, 2, 3, 6, 6, 21, 25, 30, 30, 35, 42, 52"
9579,"1, 1, 1, 4, 5, 6, 10, 12, 15, 32, 35, 39, 39, 56"
9580,"1, 1, 1, 1, 1, 3, 4, 7, 7, 13, 21, 22, 29, 41, 46, 58"
9581,"1, 1, 1, 2, 3, 4, 12, 17, 20, 21, 31, 40, 44, 59"
9582,"1, 1, 1, 1, 1, 2, 2, 2, 3, 7, 16, 18, 20, 36, 41, 50, 54"
9583,"1, 1, 1, 1, 1, 2, 5, 17, 17, 18, 30, 32, 36, 42, 52"
9584,"1, 1, 1, 1, 1, 3, 3, 7, 15, 26, 26, 36, 43, 46, 46"
9585,"1, 1, 1, 1, 1, 2, 6, 8, 18, 22, 23, 29, 40, 50, 53"
9586,"1, 1, 1, 1, 1, 2, 3, 4, 7, 17, 20, 23, 34, 38, 39, 64"
9587,"1, 1, 2, 2, 3, 3, 4, 11, 14, 18, 25, 33, 33, 48, 58"
9588,"1, 1, 1, 2, 2, 3, 5, 9, 13, 19, 24, 27, 42, 47, 60"
9589,"1, 1, 3, 4, 4, 4, 5, 18, 25, 26, 34, 41, 42, 48"
9590,"1, 1, 3, 4, 42, 50, 65, 90"
9591,"1, 1, 1, 1, 1, 1, 2, 3, 4, 6, 16, 20, 25, 37, 43, 45, 49"
9592,"1, 1, 1, 1, 1, 2, 2, 2, 5, 6, 15, 20, 25, 36, 40, 44, 54"
9593,"1, 1, 1, 1, 2, 2, 2, 3, 4, 4, 13, 20, 20, 38, 40, 46, 58"
9594,"1, 1, 1, 2, 4, 4, 5, 8, 15, 20, 22, 37, 40, 44, 52"
9595,"1, 1, 2, 3, 8, 26, 42, 82, 91"
9596,"1, 1, 1, 1, 1, 1, 3, 8, 10, 15, 20, 27, 33, 34, 46, 54"
9597,"1, 1, 1, 1, 1, 2, 2, 4, 8, 19, 23, 28, 31, 39, 44, 51"
9598,"1, 1, 1, 1, 2, 5, 6, 10, 13, 20, 33, 36, 38, 40, 49"
9599,"1, 1, 2, 2, 3, 9, 13, 15, 17, 31, 32, 34, 40, 56"
9600,"1, 1, 1, 1, 1, 1, 1, 1, 6, 12, 14, 15, 26, 37, 39, 45, 54"
9601,"1, 1, 1, 1, 1, 1, 2, 3, 4, 6, 13, 22, 27, 38, 42, 46, 47"
9602,"1, 1, 1, 2, 2, 3, 3, 4, 5, 14, 17, 25, 34, 44, 46, 54"
9603,"1, 1, 1, 1, 1, 2, 2, 3, 5, 14, 22, 28, 40, 42, 46, 47"
9604,"1, 1, 1, 1, 1, 2, 5, 6, 7, 12, 20, 27, 42, 42, 42, 46"
9605,"1, 1, 1, 2, 3, 5, 9, 21, 23, 26, 29, 36, 48, 51"
9606,"1, 2, 2, 5, 5, 7, 9, 9, 14, 32, 34, 38, 40, 58"
9607,"1, 1, 1, 1, 1, 2, 4, 4, 4, 16, 22, 23, 43, 59, 74"
9608,"1, 1, 1, 1, 3, 4, 4, 5, 17, 18, 25, 33, 35, 46, 62"
9609,"1, 1, 1, 2, 2, 3, 4, 9, 18, 20, 21, 39, 43, 44, 48"
9610,"1, 1, 1, 2, 3, 7, 14, 17, 17, 29, 31, 39, 46, 48"
9611,"1, 1, 1, 1, 2, 2, 2, 3, 5, 14, 17, 29, 35, 39, 50, 54"
9612,"1, 1, 1, 1, 3, 4, 5, 7, 17, 17, 26, 36, 42, 44, 51"
9613,"1, 1, 1, 1, 1, 1, 1, 2, 3, 3, 5, 18, 19, 19, 35, 40, 50, 55"
9614,"1, 1, 1, 2, 3, 4, 5, 7, 14, 21, 23, 35, 41, 46, 52"
9615,"1, 1, 1, 1, 1, 2, 3, 5, 7, 18, 21, 25, 35, 42, 45, 48"
9616,"1, 1, 2, 2, 3, 7, 9, 16, 21, 25, 38, 38, 45, 48"
9617,"1, 1, 1, 1, 2, 2, 2, 4, 12, 12, 23, 23, 28, 39, 49, 56"
9618,"1, 1, 1, 1, 2, 2, 3, 4, 10, 14, 24, 24, 27, 37, 45, 60"
9619,"1, 1, 1, 1, 2, 5, 7, 9, 14, 25, 25, 28, 34, 47, 56"
9620,"1, 1, 2, 2, 9, 31, 43, 73, 94"
9621,"1, 1, 1, 1, 3, 3, 7, 11, 13, 16, 27, 33, 36, 45, 58"
9622,"1, 1, 1, 1, 2, 2, 3, 3, 6, 14, 20, 27, 32, 34, 54, 55"
9623,"1, 1, 1, 1, 2, 3, 3, 5, 6, 15, 23, 24, 35, 37, 43, 56"
9624,"1, 1, 1, 1, 2, 9, 9, 17, 23, 29, 38, 38, 42, 45"
9625,"1, 1, 2, 2, 5, 8, 12, 13, 17, 26, 35, 36, 44, 54"
9626,"1, 1, 1, 2, 2, 4, 4, 6, 18, 28, 29, 32, 34, 39, 55"
9627,"1, 2, 2, 2, 3, 3, 3, 7, 17, 21, 23, 36, 38, 40, 58"
9628,"1, 1, 1, 2, 2, 2, 2, 3, 4, 15, 21, 24, 38, 45, 47, 48"
9629,"1, 1, 1, 1, 3, 3, 4, 5, 19, 21, 22, 37, 39, 42, 57"
9630,"1, 1, 1, 3, 3, 3, 4, 5, 15, 29, 34, 45, 56, 56"
9631,"1, 1, 1, 1, 2, 2, 3, 4, 6, 16, 20, 27, 39, 42, 45, 46"
9632,"1, 1, 1, 1, 1, 2, 4, 4, 8, 14, 20, 26, 41, 43, 44, 45"
9633,"1, 1, 1, 1, 1, 2, 3, 3, 4, 11, 12, 12, 20, 39, 48, 48, 49"
9634,"1, 1, 1, 2, 3, 4, 4, 5, 15, 20, 29, 38, 42, 45, 46"
9635,"1, 1, 2, 2, 2, 3, 4, 12, 15, 16, 22, 38, 45, 45, 48"
9636,"1, 1, 1, 1, 1, 2, 3, 3, 4, 10, 11, 16, 27, 33, 36, 49, 57"
9637,"1, 1, 1, 1, 1, 1, 2, 3, 4, 8, 11, 24, 26, 33, 43, 45, 51"
9638,"1, 1, 2, 2, 2, 6, 9, 12, 19, 28, 40, 42, 44, 48"
9639,"1, 1, 1, 1, 1, 2, 2, 2, 3, 5, 12, 16, 33, 36, 37, 46, 57"
9640,"1, 1, 1, 2, 2, 5, 14, 20, 23, 25, 27, 38, 41, 56"
9641,"1, 2, 2, 2, 5, 33, 47, 68, 96"
9642,"1, 1, 1, 1, 2, 9, 12, 17, 20, 29, 31, 40, 42, 50"
9643,"1, 1, 1, 1, 2, 4, 6, 9, 18, 19, 28, 29, 41, 42, 54"
9644,"1, 1, 2, 3, 3, 4, 6, 6, 14, 16, 19, 35, 38, 52, 56"
9645,"1, 1, 2, 2, 2, 2, 3, 11, 14, 19, 33, 34, 36, 40, 56"
9646,"1, 1, 1, 1, 2, 3, 5, 9, 13, 22, 28, 32, 37, 41, 60"
9647,"1, 2, 2, 4, 5, 16, 16, 21, 26, 33, 40, 44, 46"
9648,"1, 1, 1, 1, 1, 1, 2, 2, 4, 8, 13, 14, 29, 35, 46, 48, 49"
9649,"1, 1, 2, 2, 3, 3, 8, 21, 28, 29, 32, 33, 39, 54"
9650,"1, 1, 1, 1, 1, 2, 2, 2, 3, 11, 16, 20, 24, 28, 33, 53, 57"
9651,"1, 1, 1, 2, 2, 2, 3, 11, 18, 21, 28, 32, 34, 50, 50"
9652,"1, 1, 1, 1, 2, 4, 7, 11, 14, 15, 28, 31, 33, 41, 66"
9653,"1, 1, 1, 1, 1, 1, 2, 2, 3, 3, 19, 21, 28, 32, 41, 48, 51"
9654,"1, 1, 2, 2, 2, 3, 7, 9, 9, 15, 29, 30, 36, 52, 58"
9655,"1, 1, 1, 1, 2, 2, 2, 3, 7, 13, 22, 26, 27, 38, 46, 64"
9656,"1, 1, 1, 2, 2, 2, 4, 4, 6, 12, 16, 26, 42, 43, 46, 48"
9657,"1, 1, 2, 2, 5, 7, 7, 19, 24, 29, 32, 37, 40, 50"
9658,"1, 1, 1, 1, 3, 4, 5, 8, 13, 23, 26, 35, 35, 48, 52"
9659,"1, 1, 1, 1, 2, 3, 6, 15, 22, 27, 38, 44, 46, 49"
9660,"1, 1, 1, 2, 2, 3, 3, 4, 5, 12, 22, 28, 30, 31, 55, 56"
9661,"1, 1, 1, 2, 3, 3, 3, 4, 17, 20, 29, 31, 36, 41, 64"
9662,"1, 1, 1, 2, 4, 4, 5, 8, 13, 22, 24, 24, 40, 46, 61"
9663,"1, 1, 1, 1, 1, 1, 2, 2, 3, 3, 16, 21, 26, 36, 37, 45, 59"
9664,"1, 1, 1, 1, 2, 4, 4, 4, 6, 12, 20, 22, 35, 41, 48, 54"
9665,"1, 1, 1, 1, 2, 3, 4, 5, 6, 13, 20, 28, 29, 34, 53, 55"
9666,"1, 1, 1, 1, 1, 2, 2, 2, 3, 11, 11, 13, 28, 34, 41, 49, 55"
9667,"1, 1, 1, 1, 1, 2, 2, 4, 6, 16, 27, 29, 33, 43, 44, 45"
9668,"1, 1, 1, 1, 1, 2, 3, 4, 5, 19, 24, 25, 36, 36, 42, 55"
9669,"1, 1, 1, 1, 2, 3, 4, 9, 20, 20, 31, 40, 40, 41, 42"
9670,"1, 1, 1, 1, 2, 2, 5, 12, 19, 21, 24, 37, 38, 43, 49"
9671,"1, 1, 2, 2, 5, 5, 8, 16, 19, 26, 39, 42, 44, 46"
9672,"1, 1, 1, 3, 3, 4, 6, 10, 13, 19, 22, 30, 39, 48, 56"
9673,"1, 1, 1, 2, 2, 2, 4, 10, 11, 23, 34, 36, 38, 40, 51"
9674,"1, 1, 1, 2, 4, 5, 5, 5, 18, 21, 26, 28, 35, 42, 62"
9675,"1, 1, 1, 1, 1, 2, 4, 4, 10, 18, 19, 23, 32, 39, 48, 52"
9676,"1, 1, 2, 3, 4, 4, 12, 18, 20, 21, 39, 41, 42, 48"
9677,"1, 1, 1, 2, 2, 3, 3, 3, 5, 16, 18, 23, 34, 43, 46, 55"
9678,"1, 1, 1, 3, 3, 5, 9, 19, 24, 27, 36, 42, 42, 43"
9679,"1, 1, 1, 1, 1, 1, 4, 5, 13, 14, 20, 31, 31, 41, 45, 46"
9680,"1, 1, 1, 1, 2, 2, 4, 11, 20, 23, 26, 34, 39, 40, 51"
9681,"1, 1, 1, 2, 3, 3, 6, 12, 13, 16, 27, 32, 42, 47, 50"
9682,"1, 1, 1, 2, 2, 3, 5, 13, 17, 17, 24, 38, 42, 43, 47"
9683,"1, 1, 1, 1, 2, 3, 4, 4, 6, 16, 17, 23, 34, 35, 47, 61"
9684,"1, 1, 2, 2, 2, 2, 4, 6, 18, 25, 30, 36, 38, 44, 45"
9685,"1, 1, 1, 1, 1, 2, 2, 3, 5, 9, 12, 13, 24, 38, 46, 48, 49"
9686,"1, 1, 1, 1, 1, 1, 3, 4, 8, 17, 19, 29, 41, 43, 43, 43"
9687,"1, 1, 1, 2, 4, 5, 5, 6, 13, 15, 17, 39, 45, 48, 54"
9688,"1, 1, 2, 2, 2, 3, 7, 7, 9, 25, 29, 30, 38, 44, 56"
9689,"1, 1, 1, 2, 4, 8, 8, 20, 21, 22, 39, 40, 41, 48"
9690,"1, 1, 1, 1, 1, 1, 2, 3, 7, 19, 22, 27, 35, 38, 43, 54"
9691,"1, 1, 1, 1, 2, 2, 2, 4, 8, 18, 24, 24, 34, 38, 43, 53"
9692,"1, 1, 2, 2, 2, 4, 8, 8, 12, 17, 30, 31, 40, 44, 54"
9693,"1, 1, 2, 2, 3, 4, 8, 22, 25, 25, 37, 38, 42, 46"
9694,"1, 1, 2, 2, 2, 3, 3, 6, 17, 30, 32, 43, 54, 60"
9695,"1, 1, 1, 1, 2, 3, 4, 6, 9, 12, 15, 30, 31, 35, 52, 53"
9696,"1, 1, 1, 1, 1, 2, 3, 6, 12, 15, 16, 21, 40, 45, 45, 46"
9697,"1, 1, 1, 1, 2, 2, 4, 6, 8, 14, 17, 26, 35, 41, 43, 54"
9698,"1, 1, 1, 1, 1, 3, 6, 10, 13, 15, 30, 33, 37, 48, 56"
9699,"1, 1, 1, 1, 1, 1, 2, 2, 6, 17, 27, 36, 48, 54, 58"
9700,"1, 1, 2, 2, 2, 3, 6, 10, 16, 19, 20, 27, 34, 53, 60"
9701,"1, 1, 1, 1, 2, 3, 4, 12, 18, 20, 27, 32, 35, 47, 52"
9702,"1, 2, 2, 2, 4, 5, 8, 19, 25, 30, 32, 34, 40, 52"
9703,"1, 1, 1, 1, 2, 2, 3, 4, 8, 14, 18, 28, 33, 44, 45, 51"
9704,"1, 1, 1, 1, 1, 2, 2, 3, 6, 6, 13, 18, 21, 30, 39, 51, 60"
9705,"1, 1, 2, 2, 9, 31, 39, 84, 87"
9706,"1, 1, 1, 1, 2, 3, 4, 5, 7, 8, 16, 31, 37, 44, 44, 51"
9707,"1, 1, 1, 2, 2, 2, 5, 11, 20, 22, 23, 37, 40, 42, 47"
9708,"1, 1, 1, 2, 3, 4, 7, 17, 27, 28, 32, 39, 44, 50"
9709,"1, 1, 1, 1, 1, 1, 5, 5, 9, 17, 26, 27, 35, 35, 41, 50"
9710,"1, 1, 1, 1, 2, 2, 2, 7, 11, 12, 18, 28, 33, 42, 46, 49"
9711,"1, 1, 1, 1, 1, 1, 1, 2, 4, 4, 19, 19, 22, 41, 42, 48, 48"
9712,"1, 1, 1, 1, 2, 3, 3, 4, 6, 11, 23, 26, 36, 36, 49, 53"
9713,"1, 1, 1, 2, 2, 3, 4, 6, 15, 27, 27, 38, 42, 43, 44"
9714,"1, 1, 1, 1, 1, 2, 2, 5, 7, 10, 26, 29, 51, 57, 62"
9715,"1, 1, 1, 1, 1, 1, 1, 4, 11, 21, 25, 26, 28, 34, 41, 59"
9716,"1, 1, 1, 2, 3, 4, 4, 7, 12, 15, 32, 37, 43, 46, 48"
9717,"1, 1, 1, 1, 2, 2, 4, 4, 5, 10, 24, 31, 35, 38, 48, 49"
9718,"1, 1, 2, 3, 4, 6, 10, 17, 20, 21, 39, 40, 44, 48"
9719,"1, 1, 1, 1, 1, 1, 2, 3, 3, 9, 14, 17, 27, 34, 39, 50, 52"
9720,"1, 1, 1, 1, 1, 1, 1, 2, 4, 8, 17, 21, 22, 31, 39, 51, 54"
9721,"1, 1, 2, 2, 2, 2, 3, 5, 7, 13, 15, 29, 32, 36, 52, 54"
9722,"1, 1, 1, 2, 3, 3, 5, 8, 17, 18, 27, 33, 36, 45, 56"
9723,"1, 1, 1, 1, 4, 5, 5, 7, 14, 17, 19, 34, 36, 51, 60"
9724,"1, 1, 1, 1, 1, 2, 2, 8, 8, 16, 18, 18, 42, 44, 45, 48"
9725,"1, 1, 1, 2, 2, 2, 2, 3, 3, 9, 10, 15, 26, 34, 35, 51, 59"
9726,"1, 1, 1, 1, 1, 1, 1, 2, 3, 3, 3, 14, 17, 21, 37, 47, 50, 52"
9727,"1, 1, 1, 1, 1, 3, 4, 8, 20, 22, 24, 31, 32, 51, 56"
9728,"1, 1, 1, 1, 3, 4, 4, 10, 12, 23, 26, 33, 40, 47, 50"
9729,"1, 1, 1, 2, 2, 2, 2, 3, 3, 4, 12, 21, 28, 38, 40, 47, 49"
9730,"1, 1, 1, 1, 1, 2, 2, 2, 3, 9, 15, 20, 28, 32, 32, 53, 53"
9731,"1, 1, 1, 1, 2, 2, 6, 7, 7, 12, 14, 24, 30, 45, 46, 57"
9732,"1, 1, 1, 3, 3, 4, 5, 7, 12, 16, 34, 35, 43, 43, 48"
9733,"1, 1, 1, 2, 2, 2, 5, 5, 7, 7, 17, 32, 37, 43, 44, 50"
9734,"1, 1, 1, 2, 3, 6, 14, 17, 17, 27, 34, 35, 46, 52"
9735,"1, 1, 2, 2, 3, 6, 12, 18, 22, 27, 29, 35, 44, 54"
9736,"1, 1, 1, 2, 3, 5, 6, 10, 17, 17, 21, 35, 35, 46, 56"
9737,"1, 1, 1, 1, 2, 3, 4, 5, 9, 11, 21, 23, 28, 38, 48, 60"
9738,"1, 1, 1, 1, 1, 2, 3, 3, 10, 15, 17, 28, 48, 57, 68"
9739,"1, 1, 1, 1, 2, 3, 8, 10, 13, 26, 26, 36, 36, 45, 47"
9740,"1, 1, 1, 2, 2, 2, 5, 6, 19, 26, 28, 34, 35, 40, 54"
9741,"1, 1, 1, 1, 1, 1, 2, 2, 3, 6, 17, 19, 21, 37, 43, 44, 56"
9742,"1, 1, 1, 1, 1, 2, 3, 4, 6, 15, 17, 25, 35, 36, 53, 55"
9743,"1, 1, 1, 1, 2, 3, 8, 10, 15, 23, 24, 37, 39, 45, 46"
9744,"1, 1, 1, 2, 2, 4, 5, 6, 12, 18, 24, 32, 42, 48, 58"
9745,"1, 1, 1, 1, 2, 3, 5, 8, 17, 22, 29, 35, 41, 44, 46"
9746,"1, 1, 1, 1, 2, 3, 4, 6, 6, 12, 14, 25, 32, 40, 53, 55"
9747,"1, 1, 1, 1, 1, 1, 2, 5, 11, 22, 23, 24, 37, 39, 40, 47"
9748,"1, 1, 1, 1, 1, 4, 4, 10, 14, 24, 31, 32, 38, 44, 50"
9749,"1, 1, 1, 1, 3, 5, 5, 11, 15, 24, 24, 29, 37, 43, 56"
9750,"1, 1, 2, 2, 2, 3, 4, 8, 20, 25, 27, 27, 32, 50, 52"
9751,"1, 1, 1, 2, 2, 4, 8, 17, 22, 31, 31, 40, 46, 50"
9752,"1, 1, 2, 2, 2, 2, 3, 3, 10, 14, 18, 20, 39, 40, 47, 52"
9753,"1, 1, 1, 2, 2, 2, 3, 5, 7, 13, 17, 28, 33, 36, 51, 54"
9754,"1, 1, 2, 3, 4, 4, 10, 17, 18, 20, 42, 42, 44, 48"
9755,"1, 1, 1, 2, 3, 6, 14, 19, 23, 27, 36, 38, 42, 43"
9756,"1, 1, 1, 1, 1, 1, 3, 4, 4, 5, 13, 16, 26, 33, 34, 55, 57"
9757,"1, 1, 1, 1, 1, 4, 5, 10, 18, 23, 26, 35, 41, 44, 45"
9758,"1, 1, 1, 2, 2, 3, 33, 49, 74, 90"
9759,"1, 1, 2, 4, 4, 4, 5, 20, 21, 25, 27, 28, 46, 68"
9760,"1, 1, 1, 1, 2, 3, 7, 7, 19, 23, 27, 34, 39, 41, 50"
9761,"1, 1, 1, 2, 3, 4, 4, 12, 15, 18, 26, 32, 44, 46, 47"
9762,"1, 1, 3, 4, 6, 7, 7, 8, 14, 33, 34, 38, 42, 58"
9763,"1, 1, 1, 1, 1, 2, 3, 4, 5, 7, 11, 16, 18, 33, 39, 51, 62"
9764,"1, 1, 1, 1, 1, 2, 2, 2, 2, 8, 18, 22, 26, 30, 35, 43, 61"
9765,"1, 1, 2, 3, 3, 5, 5, 15, 30, 31, 37, 38, 38, 47"
9766,"1, 1, 1, 1, 3, 4, 6, 8, 9, 23, 24, 35, 43, 47, 50"
9767,"1, 1, 1, 1, 1, 2, 4, 4, 6, 14, 19, 23, 35, 43, 44, 57"
9768,"1, 1, 1, 1, 2, 3, 8, 10, 16, 21, 26, 27, 30, 54, 55"
9769,"1, 1, 1, 1, 1, 1, 1, 2, 3, 10, 17, 19, 25, 33, 37, 51, 52"
9770,"1, 1, 1, 1, 1, 1, 1, 1, 1, 9, 17, 22, 29, 31, 32, 53, 54"
9771,"1, 1, 1, 1, 2, 2, 2, 5, 11, 15, 19, 20, 40, 42, 46, 48"
9772,"1, 1, 1, 1, 2, 2, 3, 6, 6, 14, 22, 31, 37, 38, 43, 48"
9773,"1, 1, 1, 1, 2, 6, 10, 16, 21, 35, 36, 38, 41, 47"
9774,"1, 1, 1, 1, 2, 4, 6, 6, 12, 28, 30, 36, 41, 41, 46"
9775,"1, 1, 1, 1, 3, 3, 5, 11, 13, 21, 23, 28, 42, 46, 57"
9776,"1, 1, 2, 2, 4, 4, 6, 8, 10, 23, 26, 34, 40, 43, 52"
9777,"1, 1, 1, 2, 3, 4, 4, 7, 18, 23, 23, 28, 38, 42, 61"
9778,"1, 1, 2, 3, 4, 4, 12, 16, 21, 22, 35, 38, 41, 56"
9779,"1, 1, 1, 2, 2, 3, 9, 9, 14, 15, 20, 41, 46, 46, 46"
9780,"1, 1, 1, 2, 2, 5, 6, 8, 15, 19, 30, 34, 39, 42, 51"
9781,"1, 1, 1, 1, 1, 3, 4, 4, 6, 14, 24, 27, 34, 37, 45, 53"
9782,"1, 1, 1, 1, 1, 1, 2, 5, 9, 17, 18, 29, 33, 38, 43, 56"
9783,"1, 1, 1, 1, 1, 3, 4, 8, 20, 23, 24, 36, 38, 43, 52"
9784,"1, 1, 1, 1, 1, 1, 2, 2, 6, 13, 23, 34, 35, 39, 47, 49"
9785,"1, 1, 1, 1, 2, 2, 3, 5, 6, 12, 19, 34, 35, 43, 45, 46"
9786,"1, 1, 1, 1, 1, 1, 2, 3, 3, 12, 13, 13, 27, 33, 47, 47, 50"
9787,"1, 1, 1, 3, 3, 4, 6, 8, 11, 27, 27, 32, 33, 49, 50"
9788,"1, 1, 1, 1, 2, 2, 8, 10, 14, 22, 23, 37, 40, 46, 48"
9789,"1, 1, 1, 2, 2, 3, 5, 11, 18, 21, 27, 32, 34, 47, 51"
9790,"1, 1, 1, 1, 1, 1, 1, 1, 2, 2, 9, 12, 13, 23, 37, 48, 49, 53"
9791,"1, 2, 2, 3, 4, 16, 19, 21, 30, 36, 38, 42, 42"
9792,"1, 1, 2, 2, 4, 5, 5, 6, 10, 17, 28, 38, 44, 46, 47"
9793,"1, 1, 2, 2, 2, 5, 13, 18, 21, 28, 33, 42, 44, 44"
9794,"1, 1, 2, 2, 2, 2, 7, 9, 18, 22, 23, 26, 34, 47, 60"
9795,"1, 1, 1, 3, 3, 4, 6, 8, 13, 19, 24, 33, 35, 50, 55"
9796,"1, 1, 1, 4, 8, 12, 16, 25, 35, 35, 36, 38, 44"
9797,"1, 1, 1, 2, 2, 2, 2, 3, 9, 18, 20, 24, 37, 40, 42, 52"
9798,"1, 1, 1, 1, 3, 4, 9, 21, 27, 28, 31, 36, 41, 52"
9799,"1, 1, 1, 2, 2, 3, 6, 8, 13, 22, 29, 34, 36, 40, 58"
9800,"1, 1, 1, 1, 2, 4, 7, 9, 12, 21, 25, 39, 40, 45, 48"
9801,"1, 1, 1, 4, 5, 6, 6, 16, 19, 23, 35, 43, 44, 52"
9802,"1, 1, 2, 3, 3, 4, 4, 6, 14, 16, 21, 44, 44, 45, 48"
9803,"1, 1, 2, 6, 7, 7, 14, 22, 32, 36, 40, 44, 44"
9804,"1, 1, 1, 1, 1, 2, 2, 3, 8, 17, 19, 29, 30, 37, 52, 52"
9805,"1, 1, 1, 1, 3, 4, 6, 8, 16, 27, 28, 33, 34, 43, 50"
9806,"1, 1, 2, 3, 3, 7, 8, 18, 21, 28, 32, 33, 46, 53"
9807,"1, 1, 2, 2, 3, 3, 3, 4, 6, 15, 19, 21, 30, 31, 53, 62"
9808,"1, 1, 1, 1, 4, 4, 11, 14, 25, 27, 34, 37, 44, 52"
9809,"1, 1, 1, 1, 2, 2, 2, 5, 6, 12, 24, 28, 28, 38, 50, 55"
9810,"1, 1, 2, 2, 3, 3, 5, 5, 20, 21, 22, 30, 41, 48, 52"
9811,"1, 1, 1, 1, 1, 1, 2, 4, 5, 5, 12, 15, 25, 45, 45, 46, 46"
9812,"1, 1, 1, 1, 1, 2, 3, 4, 10, 15, 20, 25, 36, 41, 45, 50"
9813,"1, 1, 1, 1, 2, 3, 5, 9, 12, 19, 24, 42, 43, 45, 48"
9814,"1, 1, 1, 2, 2, 2, 3, 5, 18, 25, 28, 30, 40, 46, 52"
9815,"1, 1, 1, 1, 1, 2, 4, 5, 7, 14, 23, 31, 38, 39, 43, 45"
9816,"1, 1, 1, 1, 2, 2, 4, 4, 4, 16, 20, 21, 29, 41, 43, 66"
9817,"1, 1, 2, 4, 5, 9, 16, 23, 32, 40, 40, 41, 42"
9818,"1, 1, 1, 1, 2, 5, 11, 18, 22, 23, 39, 40, 44, 48"
9819,"1, 1, 2, 4, 4, 5, 6, 8, 23, 23, 31, 32, 54, 62"
9820,"1, 1, 1, 1, 1, 1, 2, 4, 5, 6, 16, 16, 19, 36, 45, 48, 53"
9821,"1, 1, 1, 1, 1, 2, 2, 2, 3, 4, 15, 20, 24, 36, 40, 45, 58"
9822,"1, 1, 1, 2, 3, 4, 5, 7, 12, 25, 30, 49, 54, 62"
9823,"1, 1, 1, 1, 1, 1, 8, 8, 20, 21, 25, 25, 36, 48, 59"
9824,"1, 1, 1, 1, 1, 2, 2, 4, 4, 18, 25, 28, 29, 31, 40, 68"
9825,"1, 1, 1, 1, 1, 2, 5, 5, 7, 15, 18, 21, 36, 43, 46, 53"
9826,"1, 1, 3, 3, 8, 28, 40, 81, 91"
9827,"1, 1, 2, 2, 2, 3, 7, 14, 29, 30, 33, 40, 44, 48"
9828,"1, 1, 1, 1, 3, 4, 7, 11, 12, 16, 24, 37, 38, 45, 55"
9829,"1, 1, 1, 1, 2, 3, 4, 4, 4, 16, 25, 37, 45, 56, 56"
9830,"1, 1, 1, 1, 4, 5, 5, 8, 14, 16, 28, 32, 36, 50, 54"
9831,"1, 1, 2, 2, 3, 3, 11, 20, 21, 27, 34, 39, 42, 50"
9832,"1, 1, 1, 1, 1, 2, 3, 3, 11, 17, 19, 23, 36, 37, 50, 50"
9833,"1, 1, 1, 2, 2, 3, 6, 8, 15, 20, 28, 40, 42, 42, 45"
9834,"1, 1, 1, 2, 2, 3, 6, 6, 14, 19, 24, 25, 34, 52, 66"
9835,"1, 1, 1, 1, 4, 8, 12, 14, 17, 24, 35, 37, 47, 54"
9836,"1, 1, 1, 1, 1, 1, 4, 8, 10, 10, 18, 31, 38, 40, 43, 48"
9837,"1, 1, 1, 1, 1, 2, 2, 11, 21, 21, 32, 35, 36, 42, 49"
9838,"1, 1, 1, 1, 1, 2, 2, 3, 9, 16, 23, 29, 31, 39, 45, 52"
9839,"1, 1, 1, 1, 1, 1, 1, 3, 6, 8, 13, 22, 25, 36, 39, 48, 49"
9840,"1, 1, 1, 1, 1, 2, 2, 4, 10, 20, 20, 30, 30, 33, 49, 51"
9841,"1, 1, 2, 2, 3, 6, 6, 20, 28, 29, 33, 39, 42, 44"
9842,"1, 1, 1, 1, 1, 2, 2, 3, 4, 8, 10, 20, 23, 41, 44, 44, 50"
9843,"1, 1, 2, 2, 3, 4, 10, 16, 22, 28, 31, 40, 44, 52"
9844,"1, 1, 1, 1, 2, 2, 7, 9, 18, 21, 23, 39, 42, 42, 47"
9845,"1, 1, 1, 1, 1, 1, 1, 2, 2, 3, 4, 16, 17, 19, 40, 43, 44, 59"
9846,"1, 1, 2, 2, 2, 4, 6, 10, 14, 17, 24, 36, 42, 47, 48"
9847,"1, 1, 1, 1, 3, 4, 12, 23, 24, 30, 33, 36, 39, 48"
9848,"1, 1, 1, 1, 1, 2, 2, 4, 4, 7, 9, 16, 28, 40, 46, 46, 47"
9849,"1, 1, 1, 1, 3, 4, 6, 10, 14, 21, 24, 30, 38, 46, 56"
9850,"1, 1, 1, 2, 2, 4, 7, 10, 12, 19, 23, 29, 37, 50, 58"
9851,"1, 1, 1, 1, 1, 2, 3, 3, 5, 7, 15, 16, 17, 42, 44, 45, 52"
9852,"1, 1, 1, 1, 1, 2, 2, 4, 10, 22, 22, 23, 31, 42, 46, 47"
9853,"1, 1, 1, 1, 1, 3, 3, 3, 13, 14, 15, 25, 33, 46, 47, 49"
9854,"1, 1, 2, 2, 4, 7, 12, 17, 17, 28, 40, 40, 41, 44"
9855,"1, 1, 1, 1, 1, 2, 2, 2, 3, 6, 16, 18, 21, 33, 38, 55, 55"
9856,"1, 1, 2, 2, 4, 4, 5, 6, 11, 13, 24, 32, 42, 53, 56"
9857,"1, 1, 2, 2, 5, 6, 9, 12, 23, 28, 31, 38, 48, 50"
9858,"1, 1, 1, 4, 4, 5, 5, 9, 10, 18, 21, 26, 43, 50, 58"
9859,"1, 1, 1, 2, 3, 3, 4, 14, 16, 19, 25, 34, 37, 46, 50"
9860,"1, 1, 2, 4, 4, 17, 19, 22, 22, 28, 36, 46, 54"
9861,"1, 1, 1, 1, 1, 1, 4, 6, 8, 14, 23, 26, 34, 40, 45, 50"
9862,"1, 1, 1, 3, 5, 5, 9, 17, 23, 25, 33, 36, 48, 49"
9863,"1, 1, 1, 1, 1, 4, 5, 9, 19, 21, 24, 35, 36, 45, 53"
9864,"1, 1, 1, 1, 1, 2, 3, 4, 5, 6, 9, 18, 22, 26, 43, 52, 61"
9865,"1, 1, 2, 2, 2, 3, 4, 6, 19, 22, 23, 37, 38, 40, 56"
9866,"1, 1, 1, 2, 3, 4, 4, 10, 16, 20, 27, 30, 33, 52, 52"
9867,"1, 1, 1, 1, 2, 3, 3, 5, 7, 9, 26, 29, 31, 40, 44, 53"
9868,"1, 1, 1, 1, 1, 4, 5, 8, 20, 22, 27, 31, 32, 51, 51"
9869,"1, 1, 1, 1, 3, 8, 10, 16, 26, 27, 28, 34, 47, 53"
9870,"1, 1, 1, 1, 1, 1, 2, 4, 13, 18, 23, 29, 33, 34, 45, 49"
9871,"1, 1, 1, 2, 3, 7, 10, 10, 23, 30, 54, 56, 58"
9872,"1, 1, 1, 1, 2, 2, 4, 12, 21, 22, 22, 30, 40, 48, 49"
9873,"1, 1, 1, 1, 2, 4, 4, 4, 10, 14, 14, 24, 35, 45, 46, 50"
9874,"1, 1, 1, 1, 1, 1, 2, 2, 4, 8, 16, 20, 31, 33, 38, 43, 53"
9875,"1, 1, 1, 1, 2, 2, 2, 2, 3, 5, 14, 21, 28, 38, 41, 47, 47"
9876,"1, 1, 1, 1, 1, 1, 2, 6, 6, 15, 26, 30, 34, 40, 44, 47"
9877,"1, 1, 1, 1, 1, 2, 2, 3, 5, 7, 13, 20, 27, 34, 40, 45, 53"
9878,"1, 1, 1, 1, 1, 1, 2, 3, 4, 9, 12, 17, 32, 35, 37, 43, 56"
9879,"1, 2, 2, 2, 3, 4, 5, 6, 11, 19, 21, 38, 42, 46, 54"
9880,"1, 1, 1, 2, 2, 3, 3, 3, 7, 9, 13, 26, 35, 48, 50, 52"
9881,"1, 1, 1, 1, 2, 2, 3, 7, 7, 13, 22, 25, 26, 35, 46, 64"
9882,"1, 1, 1, 1, 1, 1, 2, 3, 3, 8, 16, 17, 22, 35, 40, 50, 54"
9883,"1, 1, 1, 1, 2, 4, 5, 7, 18, 28, 32, 34, 37, 42, 43"
9884,"1, 1, 1, 2, 3, 4, 4, 9, 17, 20, 22, 29, 40, 44, 59"
9885,"1, 1, 1, 1, 3, 4, 5, 9, 14, 17, 19, 37, 45, 46, 53"
9886,"1, 1, 1, 1, 3, 6, 6, 6, 12, 23, 23, 37, 44, 45, 47"
9887,"1, 1, 1, 1, 3, 3, 5, 5, 6, 9, 10, 23, 33, 36, 55, 64"
9888,"1, 1, 2, 3, 3, 6, 12, 17, 20, 22, 25, 42, 44, 58"
9889,"1, 1, 1, 2, 2, 3, 3, 3, 8, 14, 17, 19, 37, 39, 52, 54"
9890,"1, 1, 1, 2, 2, 3, 3, 5, 5, 11, 17, 27, 30, 42, 48, 58"
9891,"1, 1, 2, 2, 3, 5, 9, 17, 21, 30, 33, 40, 40, 52"
9892,"1, 1, 1, 2, 3, 3, 15, 20, 21, 30, 31, 40, 40, 48"
9893,"1, 1, 2, 3, 3, 10, 10, 10, 12, 23, 29, 38, 44, 70"
9894,"1, 1, 1, 2, 2, 2, 3, 13, 18, 20, 28, 40, 40, 42, 43"
9895,"1, 1, 1, 1, 2, 7, 8, 9, 12, 15, 27, 37, 40, 44, 51"
9896,"1, 1, 1, 1, 1, 2, 3, 3, 7, 18, 18, 21, 43, 43, 46, 47"
9897,"1, 1, 1, 2, 2, 3, 3, 7, 9, 9, 15, 23, 37, 44, 48, 51"
9898,"1, 1, 1, 2, 2, 7, 12, 12, 16, 30, 42, 42, 43, 45"
9899,"1, 1, 2, 2, 4, 4, 14, 14, 16, 24, 36, 46, 46, 46"
9900,"1, 1, 3, 3, 4, 5, 7, 17, 17, 23, 35, 36, 44, 60"
9901,"1, 1, 1, 1, 3, 6, 8, 23, 25, 27, 37, 40, 41, 42"
9902,"1, 1, 1, 1, 1, 2, 5, 7, 11, 13, 17, 18, 40, 41, 43, 54"
9903,"1, 1, 1, 2, 2, 2, 3, 4, 8, 13, 21, 28, 30, 39, 47, 54"
9904,"1, 1, 1, 3, 4, 4, 8, 19, 23, 28, 29, 32, 51, 52"
9905,"1, 1, 1, 1, 1, 2, 3, 3, 4, 13, 17, 27, 42, 42, 48, 50"
9906,"1, 1, 1, 2, 3, 3, 10, 25, 27, 27, 34, 35, 35, 52"
9907,"1, 1, 1, 1, 3, 5, 7, 7, 15, 20, 27, 31, 41, 42, 54"
9908,"1, 1, 1, 3, 3, 7, 9, 17, 27, 29, 33, 34, 43, 48"
9909,"1, 1, 2, 9, 35, 48, 70, 90"
9910,"1, 1, 1, 1, 1, 1, 1, 4, 4, 5, 17, 17, 29, 35, 41, 47, 50"
9911,"1, 1, 2, 4, 4, 4, 7, 15, 26, 28, 34, 38, 44, 48"
9912,"1, 1, 1, 1, 1, 2, 2, 3, 3, 7, 12, 15, 21, 39, 46, 48, 53"
9913,"1, 1, 1, 2, 2, 6, 7, 9, 12, 20, 26, 34, 42, 46, 47"
9914,"1, 1, 2, 2, 3, 4, 6, 7, 11, 19, 27, 40, 42, 45, 46"
9915,"1, 1, 1, 1, 1, 2, 3, 3, 4, 5, 15, 20, 22, 36, 39, 39, 63"
9916,"1, 1, 1, 1, 1, 2, 3, 12, 21, 21, 27, 34, 41, 41, 49"
9917,"1, 1, 2, 2, 2, 7, 7, 18, 22, 26, 32, 42, 42, 52"
9918,"1, 1, 1, 1, 1, 1, 1, 3, 3, 7, 19, 22, 25, 37, 37, 39, 57"
9919,"1, 1, 1, 1, 3, 7, 7, 9, 9, 16, 29, 39, 42, 45, 46"
9920,"1, 2, 2, 3, 3, 6, 10, 17, 22, 22, 28, 40, 48, 52"
9921,"1, 1, 1, 1, 4, 5, 5, 7, 13, 23, 25, 36, 44, 45, 45"
9922,"1, 1, 1, 1, 2, 2, 4, 4, 6, 14, 24, 30, 39, 63, 64"
9923,"1, 1, 2, 3, 10, 24, 41, 77, 97"
9924,"1, 1, 1, 2, 4, 5, 10, 20, 21, 25, 32, 34, 42, 58"
9925,"1, 1, 1, 1, 1, 2, 2, 4, 7, 18, 27, 32, 33, 37, 42, 47"
9926,"1, 1, 1, 1, 1, 1, 1, 3, 3, 4, 20, 23, 24, 33, 44, 46, 49"
9927,"1, 1, 1, 1, 1, 1, 2, 3, 9, 18, 19, 22, 37, 43, 46, 51"
9928,"1, 1, 1, 1, 1, 1, 1, 2, 3, 13, 15, 17, 28, 35, 37, 49, 50"
9929,"1, 1, 1, 2, 3, 4, 4, 6, 16, 17, 27, 34, 42, 46, 52"
9930,"1, 1, 1, 1, 3, 5, 6, 6, 16, 19, 21, 35, 39, 50, 52"
9931,"1, 1, 1, 2, 2, 2, 7, 11, 16, 23, 26, 31, 34, 46, 53"
9932,"1, 1, 1, 2, 2, 3, 6, 14, 17, 22, 26, 26, 31, 52, 52"
9933,"1, 1, 1, 2, 2, 2, 9, 11, 14, 19, 26, 34, 35, 43, 56"
9934,"1, 1, 1, 2, 3, 4, 4, 10, 12, 20, 25, 36, 40, 47, 50"
9935,"1, 1, 1, 1, 2, 3, 3, 4, 8, 15, 16, 29, 40, 43, 44, 45"
9936,"1, 1, 2, 4, 9, 27, 41, 80, 91"
9937,"1, 1, 1, 1, 1, 1, 2, 3, 6, 15, 21, 23, 37, 38, 39, 66"
9938,"1, 1, 1, 1, 1, 1, 1, 2, 2, 3, 5, 15, 18, 23, 38, 42, 44, 57"
9939,"1, 1, 1, 2, 2, 2, 5, 9, 16, 19, 30, 33, 41, 42, 52"
9940,"1, 1, 1, 2, 2, 2, 2, 4, 8, 16, 17, 22, 39, 41, 44, 54"
9941,"1, 1, 1, 2, 3, 4, 10, 21, 29, 31, 32, 32, 39, 50"
9942,"1, 1, 1, 1, 1, 1, 1, 2, 4, 11, 16, 16, 31, 31, 42, 45, 51"
9943,"1, 1, 1, 2, 2, 2, 4, 4, 10, 11, 16, 24, 35, 40, 50, 53"
9944,"1, 1, 1, 1, 1, 3, 5, 6, 8, 11, 17, 27, 33, 45, 46, 50"
9945,"1, 1, 1, 1, 2, 3, 4, 6, 8, 9, 17, 22, 37, 44, 49, 51"
9946,"1, 1, 1, 1, 1, 4, 4, 8, 18, 23, 25, 26, 36, 39, 68"
9947,"1, 1, 1, 3, 3, 3, 5, 7, 11, 24, 29, 32, 35, 49, 52"
9948,"1, 1, 2, 2, 3, 5, 7, 22, 25, 26, 30, 44, 44, 44"
9949,"1, 1, 1, 2, 2, 2, 3, 4, 8, 14, 20, 25, 26, 39, 46, 62"
9950,"1, 1, 2, 2, 2, 3, 5, 13, 16, 21, 23, 29, 30, 54, 54"
9951,"1, 1, 1, 1, 4, 4, 4, 5, 7, 10, 13, 26, 41, 43, 45, 50"
9952,"1, 2, 3, 4, 6, 6, 6, 10, 20, 28, 28, 40, 48, 54"
9953,"1, 1, 1, 1, 2, 2, 4, 5, 6, 14, 25, 29, 47, 54, 64"
9954,"1, 1, 2, 2, 2, 3, 3, 3, 6, 13, 15, 26, 32, 35, 56, 56"
9955,"1, 1, 1, 2, 5, 7, 15, 15, 19, 22, 37, 41, 42, 48"
9956,"1, 1, 1, 1, 2, 2, 5, 9, 17, 22, 26, 28, 34, 50, 57"
9957,"1, 1, 1, 1, 1, 5, 6, 11, 14, 17, 33, 35, 37, 45, 48"
9958,"1, 1, 1, 2, 3, 3, 4, 11, 12, 18, 33, 36, 39, 44, 48"
9959,"1, 1, 1, 1, 1, 2, 2, 7, 11, 17, 18, 18, 43, 43, 44, 46"
9960,"1, 1, 1, 2, 3, 3, 3, 5, 17, 23, 30, 30, 38, 43, 56"
9961,"1, 1, 1, 2, 3, 4, 6, 8, 16, 24, 28, 33, 35, 42, 52"
9962,"1, 1, 1, 1, 2, 3, 3, 6, 7, 12, 23, 24, 24, 37, 49, 62"
9963,"1, 1, 1, 2, 2, 5, 7, 10, 12, 13, 29, 40, 40, 43, 50"
9964,"1, 1, 1, 2, 2, 2, 4, 8, 14, 21, 29, 38, 40, 42, 51"
9965,"1, 2, 3, 6, 7, 8, 15, 21, 29, 38, 42, 42, 42"
9966,"1, 1, 1, 2, 3, 5, 7, 7, 9, 22, 25, 28, 39, 50, 56"
9967,"1, 1, 1, 1, 1, 2, 2, 2, 9, 12, 19, 32, 38, 43, 45, 47"
9968,"1, 1, 1, 1, 1, 5, 9, 9, 15, 21, 25, 37, 41, 44, 45"
9969,"1, 1, 4, 4, 5, 6, 6, 12, 18, 22, 27, 40, 48, 62"
9970,"1, 1, 2, 2, 3, 4, 5, 7, 14, 15, 24, 36, 45, 45, 52"
9971,"1, 1, 1, 1, 2, 2, 3, 5, 7, 10, 21, 31, 36, 42, 43, 50"
9972,"1, 1, 2, 2, 2, 3, 6, 7, 18, 19, 24, 33, 42, 42, 54"
9973,"1, 2, 3, 4, 4, 5, 8, 12, 22, 22, 34, 39, 48, 52"
9974,"1, 2, 2, 6, 8, 12, 16, 21, 24, 32, 38, 44, 50"
9975,"1, 1, 1, 1, 1, 2, 3, 5, 7, 14, 15, 29, 37, 38, 42, 59"
9976,"1, 1, 1, 2, 5, 5, 5, 9, 11, 19, 23, 35, 41, 48, 50"
9977,"1, 1, 1, 2, 2, 3, 5, 7, 15, 21, 21, 36, 41, 48, 52"
9978,"1, 1, 1, 1, 1, 4, 5, 5, 5, 15, 22, 28, 29, 35, 41, 62"
9979,"1, 1, 2, 2, 3, 3, 6, 8, 14, 24, 27, 28, 32, 49, 56"
9980,"1, 1, 2, 4, 5, 15, 17, 20, 31, 36, 40, 40, 44"
9981,"1, 1, 1, 1, 1, 1, 2, 3, 3, 7, 17, 22, 26, 31, 33, 53, 53"
9982,"1, 1, 1, 2, 2, 3, 9, 11, 13, 15, 26, 35, 38, 44, 55"
9983,"1, 1, 1, 1, 1, 2, 2, 2, 2, 6, 18, 20, 22, 31, 41, 49, 56"
9984,"1, 1, 2, 2, 3, 3, 3, 4, 5, 14, 20, 21, 30, 38, 53, 56"
9985,"1, 2, 2, 11, 31, 43, 78, 88"
9986,"1, 1, 1, 1, 1, 1, 4, 5, 7, 15, 22, 26, 34, 35, 46, 56"
9987,"1, 1, 1, 1, 3, 4, 7, 11, 12, 14, 29, 34, 39, 46, 53"
9988,"1, 1, 1, 2, 2, 3, 8, 8, 16, 17, 23, 35, 38, 47, 54"
9989,"1, 1, 1, 2, 2, 2, 2, 4, 6, 19, 20, 22, 34, 36, 49, 55"
9990,"1, 1, 1, 1, 1, 3, 4, 4, 5, 15, 17, 23, 34, 35, 47, 64"
9991,"1, 1, 1, 2, 3, 4, 8, 10, 10, 13, 15, 36, 38, 54, 60"
9992,"1, 1, 1, 2, 2, 3, 3, 4, 4, 18, 20, 21, 28, 32, 50, 66"
9993,"1, 1, 1, 1, 1, 2, 3, 4, 13, 14, 24, 27, 34, 37, 46, 47"
9994,"1, 1, 1, 1, 1, 2, 2, 4, 4, 8, 10, 16, 23, 38, 43, 50, 51"
9995,"1, 1, 1, 2, 3, 5, 13, 16, 26, 26, 35, 36, 45, 46"
9996,"1, 1, 1, 1, 2, 4, 5, 7, 12, 29, 33, 34, 41, 42, 43"
9997,"1, 1, 1, 1, 3, 3, 4, 8, 21, 22, 23, 37, 39, 40, 52"
9998,"1, 1, 1, 1, 1, 1, 2, 2, 4, 4, 18, 20, 24, 41, 42, 45, 48"
9999,"1, 1, 1, 2, 2, 4, 4, 14, 17, 18, 22, 31, 41, 44, 54"
10000,"1, 1, 1, 1, 2, 2, 2, 2, 3, 6, 11, 23, 29, 32, 41, 45, 54"
10001,"1, 1, 1, 1, 1, 2, 2, 3, 4, 6, 13, 20, 24, 29, 37, 47, 64"
10002,"1, 1, 1, 1, 2, 5, 7, 11, 13, 15, 30, 31, 44, 47, 47"
10003,"1, 1, 1, 2, 3, 3, 4, 4, 18, 21, 22, 35, 45, 48, 48"
10004,"1, 1, 1, 2, 3, 4, 5, 7, 18, 20, 23, 35, 40, 42, 54"
10005,"1, 1, 2, 3, 3, 4, 6, 8, 13, 19, 20, 33, 37, 50, 56"
10006,"1, 1, 1, 1, 2, 4, 4, 8, 16, 21, 24, 41, 43, 43, 46"
10007,"1, 1, 1, 2, 3, 5, 9, 20, 26, 28, 29, 40, 41, 50"
10008,"1, 1, 1, 1, 1, 2, 3, 6, 7, 18, 19, 23, 37, 38, 42, 56"
10009,"1, 1, 1, 1, 1, 2, 3, 3, 7, 7, 9, 16, 21, 35, 41, 48, 59"
10010,"1, 1, 1, 2, 2, 6, 12, 16, 23, 30, 32, 40, 40, 50"
10011,"1, 1, 1, 5, 5, 11, 21, 25, 26, 29, 29, 46, 56"
10012,"1, 1, 1, 1, 1, 2, 6, 14, 15, 16, 28, 35, 43, 45, 47"
10013,"1, 1, 1, 1, 1, 1, 2, 3, 3, 6, 16, 18, 21, 34, 35, 48, 64"
10014,"1, 2, 2, 3, 3, 4, 4, 4, 18, 20, 22, 23, 38, 56, 56"
10015,"1, 1, 2, 5, 10, 24, 34, 86, 93"
10016,"1, 1, 2, 2, 2, 2, 3, 12, 17, 23, 26, 28, 33, 50, 54"
10017,"1, 1, 4, 5, 6, 8, 20, 23, 23, 36, 39, 40, 50"
10018,"1, 1, 1, 1, 2, 4, 6, 20, 23, 31, 39, 39, 44, 44"
10019,"1, 1, 3, 4, 8, 12, 17, 21, 24, 36, 42, 43, 44"
10020,"1, 1, 1, 1, 1, 2, 3, 4, 8, 16, 21, 28, 32, 39, 46, 52"
10021,"1, 1, 1, 1, 3, 3, 7, 9, 13, 24, 33, 36, 37, 40, 47"
10022,"1, 1, 1, 1, 2, 2, 3, 5, 12, 13, 15, 23, 27, 46, 47, 57"
10023,"1, 1, 1, 1, 1, 2, 2, 3, 5, 5, 15, 20, 26, 33, 33, 53, 54"
10024,"1, 1, 1, 1, 1, 1, 2, 6, 8, 18, 24, 29, 31, 31, 49, 52"
10025,"1, 2, 2, 3, 3, 3, 5, 7, 14, 15, 24, 35, 36, 50, 56"
10026,"1, 1, 1, 1, 2, 4, 4, 5, 8, 13, 21, 23, 28, 39, 46, 59"
10027,"1, 1, 3, 3, 3, 5, 9, 15, 23, 29, 29, 40, 44, 51"
10028,"1, 1, 1, 1, 2, 2, 7, 7, 11, 25, 30, 36, 40, 42, 50"
10029,"1, 1, 1, 1, 1, 2, 2, 5, 5, 10, 11, 12, 19, 30, 43, 56, 56"
10030,"1, 1, 1, 2, 3, 3, 6, 7, 17, 18, 25, 35, 40, 43, 54"
10031,"1, 1, 1, 1, 2, 5, 7, 9, 13, 16, 19, 39, 44, 44, 54"
10032,"1, 1, 2, 2, 4, 6, 7, 21, 24, 27, 33, 36, 38, 54"
10033,"1, 1, 1, 1, 2, 3, 7, 11, 13, 16, 27, 34, 37, 44, 58"
10034,"1, 1, 1, 2, 2, 2, 4, 4, 4, 10, 15, 28, 34, 44, 51, 53"
10035,"1, 1, 1, 1, 2, 2, 4, 6, 8, 13, 14, 26, 32, 40, 51, 54"
10036,"1, 1, 1, 1, 1, 2, 2, 2, 10, 18, 19, 30, 31, 34, 51, 52"
10037,"1, 1, 1, 2, 2, 2, 5, 5, 19, 27, 28, 34, 40, 44, 45"
10038,"1, 1, 1, 2, 3, 4, 5, 8, 18, 18, 18, 28, 42, 43, 64"
10039,"1, 1, 1, 1, 1, 3, 4, 6, 23, 25, 27, 33, 37, 39, 54"
10040,"1, 1, 1, 1, 8, 8, 8, 18, 22, 25, 38, 38, 39, 48"
10041,"1, 1, 1, 1, 2, 2, 3, 4, 10, 16, 18, 23, 35, 36, 50, 53"
10042,"1, 1, 1, 1, 1, 3, 4, 6, 23, 23, 23, 39, 39, 45, 46"
10043,"1, 2, 2, 2, 4, 6, 6, 20, 21, 28, 30, 42, 46, 46"
10044,"1, 1, 1, 1, 2, 3, 3, 4, 6, 15, 20, 25, 32, 34, 53, 55"
10045,"1, 1, 2, 3, 3, 3, 3, 9, 15, 20, 29, 30, 39, 46, 52"
10046,"1, 1, 1, 3, 4, 6, 6, 17, 22, 27, 35, 35, 36, 62"
10047,"1, 1, 1, 1, 3, 5, 6, 10, 13, 22, 29, 31, 40, 46, 47"
10048,"1, 1, 1, 1, 2, 3, 6, 8, 19, 26, 29, 33, 35, 41, 50"
10049,"1, 1, 1, 1, 1, 2, 2, 5, 8, 15, 16, 18, 29, 35, 55, 66"
10050,"1, 1, 1, 1, 1, 1, 3, 4, 4, 10, 13, 15, 27, 35, 41, 43, 55"
10051,"1, 1, 1, 2, 2, 4, 6, 10, 14, 19, 31, 33, 36, 44, 52"
10052,"1, 1, 1, 2, 3, 4, 5, 8, 11, 19, 20, 39, 41, 49, 52"
10053,"1, 1, 1, 1, 1, 1, 1, 4, 5, 9, 16, 16, 23, 38, 38, 49, 51"
10054,"1, 1, 1, 1, 2, 4, 4, 8, 22, 23, 26, 33, 56, 74"
10055,"1, 1, 1, 1, 2, 2, 3, 6, 9, 16, 16, 21, 40, 41, 42, 54"
10056,"1, 1, 1, 1, 1, 1, 2, 2, 5, 7, 16, 19, 19, 41, 43, 45, 51"
10057,"1, 1, 1, 1, 1, 1, 1, 2, 5, 5, 14, 20, 21, 32, 42, 42, 66"
10058,"1, 1, 1, 1, 2, 3, 5, 6, 9, 10, 20, 22, 29, 42, 49, 55"
10059,"1, 1, 1, 1, 1, 2, 3, 4, 7, 17, 19, 20, 39, 43, 43, 54"
10060,"1, 1, 1, 2, 2, 2, 3, 8, 13, 29, 29, 32, 38, 41, 54"
10061,"1, 1, 1, 1, 2, 3, 6, 10, 15, 15, 26, 36, 37, 47, 55"
10062,"1, 1, 1, 2, 2, 3, 4, 14, 18, 20, 25, 34, 35, 46, 50"
10063,"1, 1, 1, 3, 4, 4, 5, 5, 14, 23, 27, 30, 32, 44, 62"
10064,"1, 1, 1, 1, 2, 2, 3, 3, 9, 19, 20, 23, 38, 41, 42, 50"
10065,"1, 1, 1, 1, 1, 2, 3, 5, 6, 14, 20, 20, 38, 41, 47, 55"
10066,"1, 1, 1, 5, 5, 7, 11, 13, 15, 23, 35, 44, 46, 49"
10067,"1, 1, 1, 1, 2, 3, 5, 9, 11, 17, 35, 36, 40, 43, 51"
10068,"1, 1, 1, 1, 1, 2, 2, 4, 10, 19, 20, 25, 32, 42, 45, 50"
10069,"1, 1, 2, 2, 3, 9, 10, 17, 19, 24, 27, 38, 43, 60"
10070,"1, 1, 1, 3, 4, 5, 10, 21, 23, 29, 31, 31, 46, 50"
10071,"1, 1, 2, 2, 3, 8, 10, 15, 16, 23, 31, 36, 52, 56"
10072,"1, 1, 1, 1, 1, 2, 2, 3, 5, 9, 10, 11, 25, 36, 48, 50, 50"
10073,"1, 1, 1, 2, 3, 3, 4, 6, 7, 11, 16, 22, 35, 37, 53, 54"
10074,"1, 1, 2, 2, 4, 7, 9, 17, 20, 22, 37, 40, 44, 50"
10075,"1, 1, 3, 3, 4, 6, 12, 18, 18, 23, 34, 37, 46, 50"
10076,"1, 1, 1, 1, 2, 2, 3, 8, 22, 24, 26, 31, 42, 46, 46"
10077,"1, 1, 2, 2, 2, 3, 6, 8, 14, 17, 20, 42, 44, 44, 50"
10078,"1, 1, 1, 1, 1, 2, 4, 6, 8, 12, 23, 23, 39, 39, 46, 49"
10079,"1, 1, 1, 1, 1, 2, 3, 4, 5, 5, 14, 18, 23, 35, 36, 52, 54"
10080,"1, 1, 1, 1, 1, 2, 2, 4, 9, 20, 20, 20, 39, 40, 42, 53"
10081,"1, 1, 1, 2, 3, 8, 9, 18, 25, 26, 27, 29, 46, 60"
10082,"1, 1, 1, 1, 1, 2, 3, 6, 8, 14, 19, 25, 34, 35, 49, 56"
10083,"1, 2, 3, 3, 3, 4, 4, 6, 15, 17, 17, 32, 33, 54, 62"
10084,"1, 1, 1, 1, 2, 4, 4, 12, 16, 22, 28, 35, 38, 44, 47"
10085,"1, 1, 1, 1, 1, 2, 3, 6, 8, 11, 17, 28, 41, 42, 43, 50"
10086,"1, 1, 1, 2, 2, 3, 5, 8, 15, 21, 21, 32, 43, 48, 53"
10087,"1, 1, 1, 2, 3, 5, 7, 15, 25, 29, 38, 41, 42, 46"
10088,"1, 1, 1, 1, 1, 2, 2, 3, 7, 20, 22, 27, 38, 41, 43, 46"
10089,"1, 1, 2, 2, 2, 3, 7, 8, 15, 21, 29, 30, 32, 49, 54"
10090,"1, 1, 1, 1, 2, 3, 7, 9, 19, 21, 25, 36, 41, 44, 45"
10091,"1, 1, 1, 1, 1, 1, 2, 2, 5, 7, 10, 17, 26, 36, 41, 49, 55"
10092,"1, 1, 1, 1, 1, 1, 2, 2, 3, 10, 11, 17, 34, 35, 43, 43, 50"
10093,"1, 1, 1, 2, 4, 8, 14, 16, 16, 28, 32, 38, 41, 54"
10094,"1, 1, 1, 1, 1, 1, 1, 2, 2, 8, 14, 19, 27, 33, 43, 50, 51"
10095,"1, 1, 1, 1, 1, 2, 4, 5, 13, 16, 20, 22, 29, 41, 45, 54"
10096,"1, 1, 1, 1, 1, 1, 4, 4, 8, 16, 28, 29, 32, 34, 43, 52"
10097,"1, 1, 1, 1, 2, 2, 5, 5, 7, 11, 14, 27, 41, 46, 46, 46"
10098,"1, 1, 1, 1, 1, 3, 4, 5, 5, 16, 20, 23, 37, 42, 43, 53"
10099,"1, 1, 1, 2, 2, 3, 4, 8, 21, 22, 22, 28, 29, 54, 58"
10100,"1, 1, 1, 1, 1, 1, 3, 4, 4, 21, 23, 25, 37, 37, 48, 48"
10101,"1, 1, 2, 2, 2, 4, 5, 8, 15, 19, 26, 34, 36, 47, 54"
10102,"1, 1, 1, 1, 2, 2, 3, 5, 7, 16, 20, 21, 36, 37, 49, 54"
10103,"1, 1, 1, 1, 1, 1, 2, 3, 4, 6, 16, 20, 33, 33, 35, 45, 53"
10104,"1, 1, 1, 1, 1, 3, 3, 7, 21, 23, 25, 38, 38, 38, 55"
10105,"1, 1, 1, 1, 1, 2, 2, 4, 8, 18, 23, 29, 30, 41, 43, 51"
10106,"1, 1, 1, 1, 1, 1, 2, 4, 4, 7, 11, 18, 27, 41, 43, 45, 48"
10107,"1, 1, 1, 1, 2, 2, 11, 26, 28, 30, 31, 32, 39, 51"
10108,"1, 1, 1, 2, 2, 2, 4, 12, 16, 23, 25, 28, 37, 46, 56"
10109,"1, 1, 1, 1, 2, 2, 3, 3, 9, 9, 20, 35, 38, 40, 41, 50"
10110,"1, 1, 1, 1, 3, 3, 6, 11, 19, 20, 24, 25, 41, 42, 58"
10111,"1, 1, 1, 1, 2, 4, 5, 9, 17, 18, 27, 30, 42, 45, 53"
10112,"1, 2, 2, 7, 7, 9, 15, 16, 17, 40, 46, 46, 48"
10113,"1, 1, 1, 2, 13, 29, 36, 85, 88"
10114,"1, 1, 1, 2, 3, 3, 3, 5, 5, 15, 21, 23, 31, 35, 53, 54"
10115,"1, 1, 1, 1, 3, 5, 8, 8, 11, 20, 31, 35, 40, 41, 50"
10116,"1, 1, 1, 2, 3, 6, 6, 8, 8, 16, 34, 36, 43, 44, 47"
10117,"1, 1, 1, 2, 2, 3, 3, 3, 9, 12, 14, 21, 39, 47, 48, 50"
10118,"1, 1, 1, 1, 1, 2, 3, 5, 5, 17, 24, 25, 33, 37, 45, 55"
10119,"1, 1, 2, 2, 4, 6, 8, 16, 21, 27, 32, 38, 42, 56"
10120,"1, 1, 2, 2, 3, 4, 10, 22, 23, 25, 36, 38, 40, 49"
10121,"1, 1, 1, 1, 1, 2, 4, 12, 20, 22, 31, 32, 40, 41, 47"
10122,"1, 1, 1, 1, 1, 2, 2, 3, 3, 5, 15, 22, 27, 34, 39, 45, 54"
10123,"1, 1, 1, 2, 2, 8, 11, 14, 16, 26, 35, 40, 48, 51"
10124,"1, 1, 1, 2, 3, 3, 6, 7, 20, 22, 24, 29, 30, 46, 61"
10125,"1, 1, 2, 2, 2, 2, 6, 8, 14, 15, 27, 36, 42, 44, 54"
10126,"1, 1, 1, 1, 1, 2, 4, 4, 5, 15, 16, 31, 36, 40, 47, 51"
10127,"1, 1, 1, 1, 2, 3, 3, 9, 17, 21, 23, 37, 40, 43, 54"
10128,"1, 1, 1, 1, 2, 3, 5, 11, 19, 21, 25, 33, 39, 46, 48"
10129,"1, 1, 2, 3, 4, 4, 4, 8, 10, 15, 26, 39, 45, 46, 48"
10130,"1, 1, 1, 1, 1, 2, 8, 13, 16, 16, 32, 37, 39, 42, 46"
10131,"1, 1, 2, 5, 5, 6, 6, 13, 19, 32, 34, 35, 43, 54"
10132,"1, 1, 1, 1, 1, 2, 5, 13, 16, 21, 32, 35, 35, 38, 54"
10133,"1, 1, 1, 1, 1, 2, 3, 5, 9, 11, 22, 26, 27, 30, 56, 60"
10134,"1, 1, 1, 1, 1, 2, 2, 2, 2, 8, 15, 16, 24, 34, 37, 54, 55"
10135,"1, 1, 1, 2, 3, 3, 6, 13, 14, 16, 27, 33, 36, 44, 56"
10136,"1, 1, 2, 5, 6, 7, 16, 29, 32, 34, 38, 41, 44"
10137,"1, 1, 1, 4, 5, 6, 8, 14, 24, 29, 37, 38, 42, 46"
10138,"1, 1, 1, 1, 1, 1, 3, 4, 5, 7, 13, 16, 21, 31, 34, 57, 59"
10139,"1, 1, 1, 2, 3, 3, 4, 7, 11, 22, 26, 38, 41, 46, 50"
10140,"1, 1, 1, 1, 1, 7, 7, 8, 9, 15, 26, 39, 45, 45, 50"
10141,"1, 1, 1, 2, 4, 4, 16, 16, 17, 30, 36, 41, 43, 44"
10142,"1, 1, 1, 2, 2, 2, 3, 5, 5, 17, 18, 22, 31, 42, 52, 52"
10143,"1, 1, 1, 1, 2, 2, 3, 3, 12, 14, 17, 27, 37, 42, 42, 51"
10144,"1, 1, 1, 1, 1, 1, 1, 3, 3, 11, 17, 19, 23, 30, 43, 43, 57"
10145,"1, 1, 1, 2, 2, 3, 4, 6, 6, 11, 15, 26, 32, 35, 51, 60"
10146,"1, 1, 1, 1, 2, 3, 4, 5, 8, 17, 17, 18, 28, 41, 41, 68"
10147,"1, 1, 1, 1, 2, 3, 4, 5, 8, 13, 22, 27, 34, 37, 46, 51"
10148,"1, 1, 1, 1, 3, 3, 4, 7, 21, 22, 23, 38, 39, 39, 53"
10149,"1, 1, 1, 1, 1, 3, 5, 7, 19, 21, 21, 40, 42, 44, 49"
10150,"1, 1, 1, 1, 2, 2, 4, 4, 6, 17, 18, 22, 38, 43, 48, 48"
10151,"1, 1, 1, 2, 2, 2, 2, 2, 2, 8, 14, 16, 20, 40, 44, 45, 54"
10152,"1, 1, 1, 1, 2, 2, 3, 5, 9, 13, 21, 32, 37, 39, 42, 47"
10153,"1, 1, 1, 2, 3, 6, 7, 9, 10, 20, 25, 34, 42, 47, 48"
10154,"1, 1, 1, 1, 3, 4, 34, 48, 67, 96"
10155,"1, 1, 2, 2, 4, 5, 10, 21, 22, 24, 34, 38, 40, 52"
10156,"1, 1, 1, 1, 2, 5, 7, 11, 11, 17, 27, 34, 37, 48, 53"
10157,"1, 1, 1, 1, 1, 2, 4, 6, 10, 10, 17, 20, 40, 45, 47, 50"
10158,"1, 1, 2, 2, 3, 4, 5, 5, 17, 23, 24, 30, 34, 51, 54"
10159,"1, 1, 2, 3, 4, 6, 6, 22, 23, 25, 30, 35, 46, 52"
10160,"1, 1, 1, 1, 2, 2, 3, 4, 7, 20, 20, 20, 38, 41, 41, 54"
10161,"1, 1, 1, 1, 2, 5, 6, 11, 12, 17, 27, 40, 43, 44, 45"
10162,"1, 1, 1, 1, 1, 4, 5, 9, 16, 26, 27, 34, 37, 43, 50"
10163,"1, 1, 1, 2, 3, 4, 4, 6, 18, 24, 26, 27, 44, 45, 50"
10164,"1, 1, 3, 3, 4, 5, 5, 14, 24, 25, 28, 35, 42, 66"
10165,"1, 1, 1, 3, 4, 40, 48, 59, 99"
10166,"1, 1, 1, 1, 2, 4, 5, 6, 17, 25, 34, 36, 37, 41, 45"
10167,"1, 1, 1, 1, 1, 2, 2, 3, 4, 4, 16, 19, 21, 40, 40, 44, 56"
10168,"1, 1, 1, 2, 5, 8, 11, 12, 13, 30, 33, 41, 46, 52"
10169,"1, 1, 1, 1, 1, 2, 4, 5, 5, 14, 21, 29, 37, 41, 45, 48"
10170,"1, 1, 1, 1, 1, 2, 2, 4, 6, 16, 21, 26, 31, 36, 45, 62"
10171,"1, 1, 1, 2, 2, 3, 3, 5, 5, 17, 17, 21, 30, 33, 53, 62"
10172,"1, 1, 1, 1, 1, 2, 2, 12, 19, 28, 29, 32, 33, 44, 50"
10173,"1, 1, 1, 1, 5, 9, 9, 15, 20, 23, 39, 40, 42, 50"
10174,"1, 1, 1, 1, 1, 2, 5, 9, 19, 25, 26, 34, 35, 42, 54"
10175,"1, 1, 1, 1, 1, 2, 5, 9, 19, 23, 29, 34, 36, 46, 48"
10176,"1, 1, 3, 5, 5, 6, 8, 9, 20, 25, 36, 38, 49, 50"
10177,"1, 1, 1, 1, 1, 1, 1, 2, 3, 9, 15, 16, 29, 30, 38, 53, 54"
10178,"1, 1, 1, 1, 1, 1, 4, 5, 7, 9, 26, 27, 32, 35, 52, 53"
10179,"1, 1, 1, 1, 2, 2, 2, 3, 4, 8, 9, 15, 23, 35, 37, 50, 62"
10180,"1, 1, 1, 1, 1, 2, 2, 3, 4, 5, 13, 14, 27, 34, 37, 53, 57"
10181,"1, 1, 1, 2, 6, 8, 12, 14, 16, 26, 34, 38, 43, 54"
10182,"1, 1, 1, 1, 2, 6, 9, 10, 13, 14, 22, 39, 40, 42, 55"
10183,"1, 1, 1, 1, 2, 4, 5, 12, 17, 21, 23, 27, 40, 45, 56"
10184,"1, 1, 1, 2, 3, 4, 4, 5, 13, 19, 32, 34, 35, 48, 54"
10185,"1, 1, 1, 1, 2, 3, 6, 8, 19, 24, 25, 29, 35, 49, 52"
10186,"1, 1, 1, 1, 2, 2, 5, 7, 24, 25, 28, 32, 37, 38, 52"
10187,"1, 1, 2, 3, 3, 5, 11, 19, 19, 25, 40, 42, 42, 43"
10188,"1, 1, 1, 2, 2, 3, 7, 9, 16, 18, 26, 33, 40, 43, 54"
10189,"1, 1, 4, 5, 6, 10, 19, 20, 21, 32, 40, 41, 56"
10190,"1, 1, 1, 2, 2, 2, 3, 5, 8, 15, 18, 25, 26, 42, 43, 62"
10191,"1, 1, 1, 1, 1, 2, 3, 3, 6, 19, 21, 21, 33, 47, 47, 49"
10192,"1, 1, 1, 1, 1, 3, 6, 12, 15, 16, 21, 39, 45, 46, 48"
10193,"1, 1, 1, 1, 1, 2, 3, 3, 7, 17, 25, 32, 37, 37, 44, 44"
10194,"1, 1, 1, 1, 1, 1, 1, 2, 3, 6, 8, 11, 32, 40, 48, 49, 50"
10195,"1, 1, 1, 1, 4, 4, 4, 10, 16, 17, 24, 35, 44, 44, 50"
10196,"1, 1, 1, 2, 2, 2, 3, 5, 5, 14, 19, 22, 37, 42, 47, 53"
10197,"1, 1, 1, 1, 1, 2, 6, 7, 7, 8, 12, 26, 42, 43, 49, 49"
10198,"1, 2, 4, 7, 33, 47, 74, 88"
10199,"1, 1, 1, 1, 2, 2, 3, 4, 10, 15, 18, 29, 31, 34, 50, 54"
10200,"1, 1, 2, 2, 4, 4, 5, 9, 12, 21, 28, 30, 39, 48, 50"
10201,"1, 1, 1, 1, 1, 2, 2, 7, 21, 29, 32, 32, 36, 42, 48"
10202,"1, 1, 1, 2, 3, 3, 6, 6, 19, 25, 26, 28, 34, 50, 51"
10203,"1, 1, 1, 2, 2, 3, 6, 24, 25, 27, 36, 36, 45, 47"
10204,"1, 2, 2, 3, 6, 8, 19, 20, 24, 34, 39, 42, 56"
10205,"1, 1, 1, 1, 2, 2, 5, 11, 20, 20, 28, 34, 40, 40, 50"
10206,"1, 1, 1, 1, 1, 1, 2, 5, 6, 17, 22, 24, 29, 41, 49, 55"
10207,"1, 1, 2, 2, 2, 3, 4, 5, 6, 9, 14, 26, 34, 45, 50, 52"
10208,"1, 1, 1, 1, 2, 2, 2, 3, 5, 12, 22, 27, 36, 37, 48, 56"
10209,"1, 1, 1, 3, 4, 7, 7, 14, 28, 29, 31, 38, 42, 50"
10210,"1, 1, 1, 2, 2, 2, 4, 5, 6, 18, 19, 19, 40, 41, 42, 53"
10211,"1, 1, 1, 1, 1, 2, 2, 3, 4, 5, 15, 23, 24, 36, 37, 43, 57"
10212,"1, 1, 1, 1, 1, 1, 2, 5, 8, 16, 18, 25, 38, 42, 45, 51"
10213,"1, 1, 1, 1, 1, 2, 2, 3, 4, 7, 18, 19, 21, 40, 41, 41, 53"
10214,"1, 1, 1, 1, 1, 1, 3, 4, 6, 17, 26, 30, 32, 43, 43, 46"
10215,"1, 1, 1, 1, 2, 3, 5, 5, 5, 16, 17, 17, 41, 44, 44, 53"
10216,"1, 1, 1, 1, 1, 2, 2, 2, 4, 8, 12, 19, 24, 36, 40, 48, 54"
10217,"1, 1, 1, 1, 2, 3, 3, 6, 8, 13, 19, 20, 31, 40, 49, 58"
10218,"1, 1, 1, 1, 1, 2, 2, 6, 10, 15, 20, 23, 31, 36, 45, 61"
10219,"1, 1, 2, 4, 5, 5, 9, 14, 24, 28, 29, 38, 46, 50"
10220,"1, 1, 1, 1, 1, 2, 9, 9, 13, 24, 25, 28, 42, 45, 54"
10221,"1, 1, 1, 1, 1, 2, 2, 4, 5, 14, 25, 30, 37, 62, 70"
10222,"1, 1, 1, 1, 1, 2, 2, 3, 3, 9, 11, 17, 30, 30, 36, 51, 57"
10223,"1, 1, 1, 1, 1, 2, 3, 4, 5, 8, 10, 17, 17, 35, 42, 48, 60"
10224,"1, 1, 1, 1, 2, 2, 3, 10, 18, 18, 25, 42, 44, 44, 44"
10225,"1, 1, 1, 2, 2, 2, 3, 3, 7, 12, 18, 32, 33, 38, 44, 57"
10226,"1, 1, 1, 1, 1, 2, 3, 4, 6, 6, 8, 12, 25, 38, 44, 44, 59"
10227,"1, 1, 1, 1, 1, 1, 1, 1, 3, 6, 6, 13, 20, 27, 33, 33, 51, 56"
10228,"1, 1, 1, 1, 1, 3, 5, 11, 20, 21, 28, 38, 41, 41, 43"
10229,"1, 1, 1, 2, 3, 4, 10, 15, 30, 33, 36, 38, 40, 42"
10230,"1, 1, 1, 2, 2, 2, 7, 9, 17, 18, 20, 37, 41, 48, 50"
10231,"1, 1, 1, 1, 2, 3, 17, 19, 21, 26, 35, 38, 41, 50"
10232,"1, 1, 1, 1, 1, 2, 3, 5, 7, 20, 21, 26, 28, 33, 51, 55"
10233,"1, 1, 1, 1, 3, 3, 3, 3, 5, 15, 23, 23, 35, 39, 44, 56"
10234,"1, 1, 1, 2, 2, 2, 2, 6, 8, 12, 17, 29, 32, 43, 44, 54"
10235,"1, 1, 1, 1, 1, 2, 3, 4, 11, 14, 21, 29, 32, 41, 44, 50"
10236,"1, 1, 1, 1, 2, 2, 6, 6, 13, 23, 28, 38, 43, 43, 48"
10237,"1, 1, 1, 2, 3, 3, 5, 9, 15, 25, 25, 27, 36, 41, 62"
10238,"1, 1, 1, 1, 2, 2, 2, 2, 6, 19, 23, 29, 30, 39, 44, 54"
10239,"1, 1, 1, 1, 3, 4, 5, 13, 18, 18, 21, 31, 35, 50, 54"
10240,"1, 1, 1, 1, 2, 2, 3, 5, 9, 15, 18, 22, 33, 35, 48, 60"
10241,"1, 1, 1, 1, 2, 3, 4, 10, 21, 24, 25, 37, 42, 42, 42"
10242,"1, 1, 1, 1, 2, 3, 3, 3, 5, 17, 19, 20, 39, 40, 43, 58"
10243,"1, 1, 1, 1, 2, 3, 7, 9, 17, 23, 26, 31, 40, 43, 51"
10244,"1, 1, 1, 2, 2, 2, 2, 4, 8, 12, 25, 34, 35, 42, 42, 43"
10245,"1, 1, 2, 3, 5, 5, 7, 23, 23, 23, 29, 30, 44, 60"
10246,"1, 1, 1, 1, 1, 1, 1, 2, 4, 9, 19, 20, 22, 30, 30, 51, 62"
10247,"1, 1, 1, 1, 1, 1, 2, 2, 10, 26, 26, 27, 27, 35, 44, 51"
10248,"1, 1, 1, 1, 1, 2, 2, 2, 10, 16, 26, 32, 35, 38, 44, 44"
10249,"1, 1, 2, 2, 4, 4, 10, 20, 22, 25, 36, 38, 41, 50"
10250,"1, 1, 1, 1, 1, 1, 1, 2, 2, 4, 5, 11, 18, 26, 34, 35, 54, 58"
10251,"1, 1, 1, 1, 2, 2, 4, 6, 8, 17, 18, 19, 41, 42, 44, 49"
10252,"1, 1, 1, 2, 2, 4, 6, 8, 14, 23, 34, 36, 37, 41, 46"
10253,"1, 1, 1, 2, 3, 7, 7, 7, 13, 18, 23, 36, 43, 44, 50"
10254,"1, 1, 1, 2, 2, 5, 9, 9, 9, 13, 23, 37, 46, 48, 50"
10255,"1, 1, 1, 1, 2, 3, 4, 6, 14, 26, 37, 47, 54, 59"
10256,"1, 1, 1, 1, 2, 2, 2, 5, 7, 18, 23, 29, 30, 39, 44, 51"
10257,"1, 1, 3, 4, 4, 6, 8, 18, 18, 24, 34, 42, 43, 50"
10258,"1, 1, 1, 1, 2, 4, 4, 4, 23, 24, 25, 26, 37, 47, 56"
10259,"1, 1, 1, 2, 3, 3, 5, 7, 14, 21, 31, 39, 64, 64"
10260,"1, 1, 1, 1, 1, 4, 4, 10, 21, 21, 22, 38, 40, 41, 50"
10261,"1, 1, 1, 1, 1, 3, 4, 4, 4, 18, 20, 21, 33, 47, 48, 49"
10262,"1, 1, 1, 2, 2, 3, 3, 3, 7, 13, 21, 22, 29, 39, 48, 61"
10263,"1, 1, 1, 1, 1, 2, 2, 3, 3, 8, 11, 16, 20, 41, 42, 50, 53"
10264,"1, 1, 1, 2, 3, 3, 4, 6, 16, 21, 24, 34, 38, 44, 58"
10265,"1, 1, 1, 1, 2, 3, 5, 6, 6, 8, 13, 25, 29, 32, 52, 71"
10266,"1, 1, 1, 1, 3, 4, 4, 12, 16, 22, 25, 32, 35, 47, 52"
10267,"1, 1, 1, 2, 2, 3, 5, 5, 6, 10, 15, 18, 43, 44, 46, 54"
10268,"1, 1, 1, 2, 7, 8, 10, 15, 22, 22, 39, 40, 42, 46"
10269,"1, 1, 1, 1, 1, 1, 6, 6, 7, 11, 14, 23, 32, 48, 51, 52"
10270,"1, 1, 1, 2, 2, 2, 4, 9, 11, 23, 32, 42, 60, 66"
10271,"1, 1, 1, 2, 2, 3, 3, 4, 10, 13, 17, 17, 33, 44, 48, 57"
10272,"1, 1, 1, 1, 1, 2, 2, 3, 6, 6, 9, 21, 31, 39, 39, 42, 51"
10273,"1, 1, 1, 1, 2, 2, 4, 5, 10, 17, 19, 22, 39, 41, 41, 50"
10274,"1, 1, 2, 2, 3, 3, 4, 8, 10, 19, 24, 35, 42, 50, 52"
10275,"1, 1, 1, 1, 1, 2, 2, 3, 13, 17, 19, 28, 32, 37, 49, 49"
10276,"1, 1, 1, 1, 2, 2, 2, 5, 6, 7, 8, 11, 24, 41, 44, 44, 56"
10277,"1, 1, 1, 2, 3, 4, 5, 6, 11, 16, 16, 31, 39, 52, 68"
10278,"1, 1, 1, 2, 2, 3, 4, 5, 16, 22, 28, 33, 38, 44, 56"
10279,"1, 1, 1, 1, 2, 2, 3, 7, 8, 11, 15, 30, 31, 36, 46, 61"
10280,"1, 1, 1, 2, 2, 2, 3, 6, 8, 9, 11, 30, 31, 47, 50, 52"
10281,"1, 1, 1, 2, 2, 2, 3, 7, 9, 11, 23, 24, 28, 37, 45, 60"
10282,"1, 1, 3, 4, 8, 10, 18, 22, 23, 26, 40, 50, 50"
10283,"1, 1, 2, 3, 3, 4, 13, 16, 26, 29, 30, 36, 44, 48"
10284,"1, 1, 1, 1, 2, 4, 6, 8, 13, 27, 28, 31, 41, 42, 50"
10285,"1, 1, 1, 1, 1, 2, 2, 5, 7, 7, 7, 14, 24, 37, 45, 50, 51"
10286,"1, 1, 1, 2, 3, 3, 3, 4, 4, 12, 16, 24, 32, 33, 57, 60"
10287,"1, 1, 1, 1, 3, 5, 7, 11, 11, 16, 27, 37, 40, 41, 54"
10288,"1, 1, 1, 1, 2, 2, 3, 3, 8, 15, 17, 25, 37, 44, 44, 52"
10289,"1, 1, 1, 1, 1, 2, 2, 2, 3, 3, 5, 10, 18, 27, 32, 42, 50, 55"
10290,"1, 1, 1, 2, 2, 3, 7, 7, 15, 16, 32, 37, 38, 44, 50"
10291,"1, 1, 1, 1, 1, 2, 4, 5, 8, 15, 25, 27, 27, 31, 52, 55"
10292,"1, 1, 1, 2, 2, 4, 5, 9, 14, 21, 24, 36, 42, 45, 49"
10293,"1, 1, 1, 2, 2, 3, 3, 9, 22, 23, 23, 37, 38, 39, 52"
10294,"1, 1, 1, 1, 2, 2, 5, 5, 6, 12, 21, 25, 40, 44, 44, 46"
10295,"1, 1, 1, 2, 6, 6, 8, 14, 20, 26, 30, 35, 50, 56"
10296,"1, 1, 1, 1, 2, 2, 2, 3, 9, 17, 17, 34, 35, 36, 44, 51"
10297,"1, 1, 1, 1, 2, 3, 3, 3, 12, 13, 15, 26, 27, 46, 48, 54"
10298,"1, 1, 2, 2, 2, 4, 7, 9, 14, 16, 17, 44, 44, 45, 48"
10299,"1, 1, 1, 2, 3, 5, 6, 20, 24, 27, 33, 42, 43, 48"
10300,"1, 1, 1, 1, 1, 1, 2, 3, 3, 8, 13, 23, 24, 28, 39, 45, 62"
10301,"1, 1, 1, 1, 1, 1, 2, 3, 6, 6, 13, 25, 29, 35, 41, 43, 47"
10302,"1, 1, 1, 1, 1, 1, 3, 8, 8, 17, 23, 28, 29, 33, 46, 55"
10303,"1, 1, 1, 1, 2, 3, 4, 8, 22, 23, 26, 29, 44, 44, 47"
10304,"1, 1, 2, 4, 5, 6, 7, 13, 19, 32, 35, 41, 44, 46"
10305,"1, 1, 1, 1, 1, 2, 2, 3, 3, 5, 12, 24, 27, 31, 37, 49, 56"
10306,"1, 1, 1, 2, 2, 2, 2, 6, 8, 12, 14, 17, 43, 47, 48, 50"
10307,"1, 1, 1, 1, 5, 5, 5, 6, 12, 22, 23, 27, 36, 45, 66"
10308,"1, 1, 2, 3, 4, 4, 4, 5, 16, 20, 21, 28, 39, 44, 64"
10309,"1, 1, 1, 1, 1, 2, 2, 3, 12, 14, 19, 28, 33, 39, 48, 51"
10310,"1, 1, 1, 2, 4, 4, 8, 15, 22, 25, 35, 44, 46, 48"
10311,"1, 2, 2, 3, 3, 3, 5, 6, 13, 17, 26, 29, 34, 56, 56"
10312,"1, 1, 2, 4, 5, 7, 9, 15, 19, 26, 33, 34, 48, 52"
10313,"1, 1, 1, 1, 1, 1, 1, 5, 11, 19, 22, 27, 39, 40, 42, 44"
10314,"1, 1, 1, 1, 1, 2, 3, 4, 5, 8, 12, 13, 17, 31, 40, 57, 59"
10315,"1, 1, 2, 3, 5, 11, 12, 30, 31, 50, 52, 58"
10316,"1, 1, 1, 2, 4, 7, 12, 16, 17, 32, 35, 40, 42, 46"
10317,"1, 1, 1, 2, 2, 3, 4, 6, 17, 29, 30, 31, 35, 38, 56"
10318,"1, 1, 1, 3, 4, 6, 8, 14, 21, 26, 36, 38, 47, 50"
10319,"1, 1, 1, 1, 1, 2, 3, 5, 8, 14, 23, 27, 34, 38, 41, 56"
10320,"1, 1, 1, 1, 1, 1, 3, 4, 5, 8, 11, 20, 23, 37, 41, 47, 51"
10321,"1, 1, 1, 3, 3, 4, 5, 9, 15, 20, 25, 26, 39, 46, 58"
10322,"1, 1, 1, 2, 2, 3, 4, 12, 12, 19, 21, 39, 43, 48, 48"
10323,"1, 1, 1, 1, 2, 3, 3, 7, 23, 24, 25, 36, 38, 45, 46"
10324,"1, 1, 1, 1, 1, 1, 3, 3, 9, 12, 22, 30, 30, 37, 44, 60"
10325,"1, 1, 1, 1, 1, 1, 1, 2, 4, 6, 14, 19, 25, 37, 41, 43, 58"
10326,"1, 1, 1, 1, 1, 4, 8, 8, 14, 25, 29, 38, 39, 41, 45"
10327,"1, 1, 1, 1, 1, 2, 2, 7, 9, 13, 18, 26, 34, 35, 47, 58"
10328,"1, 1, 2, 2, 3, 3, 4, 11, 12, 23, 26, 33, 38, 47, 50"
10329,"1, 1, 1, 1, 2, 4, 6, 10, 14, 17, 30, 40, 41, 43, 45"
10330,"1, 1, 1, 2, 2, 2, 6, 14, 18, 19, 24, 31, 31, 44, 60"
10331,"1, 1, 1, 1, 2, 3, 4, 6, 10, 10, 16, 16, 43, 45, 48, 49"
10332,"1, 1, 1, 1, 2, 2, 4, 7, 18, 20, 28, 32, 33, 52, 54"
10333,"1, 1, 1, 1, 1, 3, 3, 5, 5, 19, 19, 20, 38, 42, 42, 55"
10334,"1, 1, 2, 2, 2, 3, 5, 9, 19, 19, 21, 32, 32, 46, 62"
10335,"1, 1, 1, 1, 2, 3, 4, 7, 19, 25, 29, 30, 36, 43, 54"
10336,"1, 1, 1, 2, 3, 9, 14, 15, 18, 25, 32, 32, 39, 64"
10337,"1, 1, 1, 1, 3, 4, 4, 6, 15, 28, 29, 31, 36, 42, 54"
10338,"1, 2, 3, 6, 7, 19, 37, 81, 100"
10339,"1, 1, 1, 2, 2, 3, 3, 7, 21, 24, 25, 37, 38, 38, 53"
10340,"1, 1, 1, 1, 1, 2, 2, 3, 3, 5, 13, 19, 24, 38, 41, 46, 55"
10341,"1, 1, 1, 1, 1, 3, 4, 5, 9, 15, 18, 26, 33, 41, 42, 55"
10342,"1, 1, 1, 2, 2, 3, 3, 3, 8, 14, 19, 25, 34, 41, 42, 57"
10343,"1, 1, 1, 1, 4, 5, 5, 7, 20, 20, 21, 38, 39, 41, 52"
10344,"1, 1, 3, 3, 3, 3, 13, 15, 26, 27, 31, 36, 46, 48"
10345,"1, 1, 1, 3, 3, 3, 3, 5, 11, 17, 27, 34, 41, 53, 53"
10346,"1, 1, 1, 1, 2, 3, 4, 4, 8, 9, 19, 21, 28, 44, 50, 60"
10347,"1, 1, 1, 2, 5, 6, 11, 16, 21, 31, 38, 40, 41, 42"
10348,"1, 1, 1, 2, 3, 5, 7, 7, 11, 16, 29, 32, 38, 51, 52"
10349,"1, 1, 1, 2, 4, 5, 9, 22, 23, 23, 38, 40, 41, 46"
10350,"1, 1, 1, 1, 1, 1, 2, 3, 3, 9, 13, 19, 31, 31, 42, 46, 51"
10351,"1, 1, 2, 2, 5, 6, 10, 12, 19, 26, 31, 44, 46, 51"
10352,"1, 1, 3, 3, 8, 9, 17, 18, 35, 36, 38, 43, 44"
10353,"1, 1, 2, 4, 6, 7, 8, 11, 17, 34, 34, 42, 43, 46"
10354,"1, 1, 1, 2, 2, 2, 2, 4, 4, 14, 16, 26, 33, 36, 56, 56"
10355,"1, 1, 1, 2, 2, 4, 6, 8, 18, 18, 27, 34, 35, 40, 59"
10356,"1, 1, 1, 1, 2, 3, 3, 4, 10, 13, 16, 21, 32, 43, 47, 58"
10357,"1, 1, 1, 1, 2, 2, 3, 5, 6, 13, 21, 27, 39, 42, 46, 46"
10358,"1, 1, 2, 3, 4, 6, 8, 16, 17, 27, 34, 35, 44, 58"
10359,"1, 1, 1, 1, 2, 2, 3, 3, 11, 12, 21, 29, 31, 40, 49, 49"
10360,"1, 1, 1, 1, 1, 2, 2, 5, 9, 16, 26, 27, 33, 35, 46, 50"
10361,"1, 1, 1, 1, 1, 1, 2, 3, 4, 12, 14, 16, 25, 35, 45, 46, 48"
10362,"1, 1, 2, 2, 4, 4, 10, 18, 20, 24, 38, 38, 44, 50"
10363,"1, 1, 1, 1, 3, 4, 7, 10, 16, 19, 19, 34, 38, 45, 57"
10364,"1, 1, 1, 1, 2, 2, 2, 3, 11, 21, 22, 23, 31, 38, 48, 49"
10365,"1, 1, 1, 1, 2, 2, 11, 13, 15, 15, 22, 32, 37, 39, 64"
10366,"1, 1, 1, 1, 1, 1, 1, 7, 11, 13, 27, 27, 28, 34, 49, 53"
10367,"1, 1, 1, 1, 1, 2, 2, 3, 6, 6, 15, 18, 20, 34, 37, 49, 59"
10368,"1, 1, 1, 1, 2, 2, 3, 5, 7, 17, 18, 22, 34, 45, 47, 50"
10369,"1, 1, 1, 2, 2, 4, 6, 6, 10, 21, 32, 37, 40, 41, 52"
10370,"1, 1, 1, 1, 1, 2, 4, 28, 44, 79, 94"
10371,"1, 1, 1, 1, 1, 2, 3, 8, 10, 13, 20, 30, 32, 33, 45, 55"
10372,"1, 1, 1, 1, 1, 2, 4, 5, 5, 20, 20, 22, 39, 39, 41, 54"
10373,"1, 2, 3, 3, 5, 13, 19, 23, 25, 34, 36, 46, 46"
10374,"1, 1, 1, 1, 3, 3, 3, 6, 7, 12, 16, 25, 33, 45, 45, 54"
10375,"1, 1, 2, 2, 12, 26, 35, 87, 90"
10376,"1, 1, 1, 2, 2, 2, 7, 7, 16, 27, 28, 34, 34, 45, 49"
10377,"1, 1, 1, 1, 1, 2, 6, 14, 16, 18, 28, 34, 39, 40, 54"
10378,"1, 1, 1, 1, 1, 2, 2, 4, 13, 13, 14, 30, 39, 41, 45, 48"
10379,"1, 1, 1, 1, 2, 3, 6, 7, 18, 26, 30, 36, 39, 40, 45"
10380,"1, 1, 1, 1, 2, 2, 4, 12, 17, 20, 30, 35, 40, 42, 48"
10381,"1, 1, 2, 4, 6, 6, 10, 12, 21, 26, 28, 38, 45, 56"
10382,"1, 1, 1, 2, 2, 3, 11, 20, 25, 26, 36, 37, 41, 50"
10383,"1, 1, 1, 1, 2, 4, 4, 4, 20, 20, 24, 34, 43, 48, 49"
10384,"1, 1, 1, 2, 3, 3, 13, 20, 22, 30, 37, 40, 41, 42"
10385,"1, 1, 3, 4, 6, 6, 7, 12, 15, 17, 39, 42, 49, 54"
10386,"1, 1, 1, 1, 1, 1, 2, 3, 11, 13, 15, 30, 39, 40, 43, 54"
10387,"1, 1, 1, 1, 1, 1, 3, 4, 11, 12, 24, 30, 32, 38, 47, 49"
10388,"1, 1, 1, 1, 2, 3, 5, 11, 17, 20, 24, 30, 42, 48, 50"
10389,"1, 2, 6, 9, 29, 39, 72, 98"
10390,"1, 1, 1, 1, 1, 2, 3, 5, 8, 15, 21, 22, 39, 40, 43, 53"
10391,"1, 1, 1, 1, 1, 2, 2, 2, 4, 4, 11, 21, 27, 31, 34, 54, 59"
10392,"1, 1, 1, 1, 1, 1, 2, 3, 7, 10, 13, 13, 23, 39, 42, 43, 55"
10393,"1, 1, 2, 3, 4, 5, 5, 5, 10, 22, 27, 30, 38, 50, 53"
10394,"1, 1, 2, 4, 8, 16, 16, 17, 28, 32, 33, 44, 54"
10395,"1, 1, 1, 1, 1, 1, 1, 2, 4, 6, 20, 21, 26, 33, 44, 45, 48"
10396,"1, 1, 1, 1, 2, 3, 4, 13, 14, 23, 33, 37, 38, 39, 46"
10397,"1, 1, 1, 2, 3, 8, 10, 17, 19, 33, 34, 37, 38, 52"
10398,"1, 1, 1, 1, 1, 4, 4, 10, 18, 23, 29, 33, 41, 42, 47"
10399,"1, 1, 1, 2, 3, 3, 4, 4, 13, 16, 27, 40, 45, 46, 50"
10400,"1, 1, 1, 1, 1, 2, 2, 2, 4, 4, 16, 23, 29, 33, 37, 48, 51"
10401,"1, 1, 1, 1, 1, 1, 3, 5, 9, 16, 19, 27, 31, 35, 51, 54"
10402,"1, 1, 1, 1, 1, 1, 2, 3, 3, 9, 18, 21, 22, 25, 41, 52, 54"
10403,"1, 1, 1, 2, 2, 5, 13, 19, 20, 24, 37, 42, 43, 46"
10404,"1, 1, 1, 1, 2, 2, 3, 4, 10, 15, 18, 23, 37, 38, 49, 51"
10405,"1, 1, 2, 2, 2, 10, 12, 16, 21, 27, 30, 36, 42, 54"
10406,"1, 1, 1, 1, 1, 2, 3, 3, 3, 4, 17, 21, 24, 25, 31, 53, 65"
10407,"1, 1, 1, 1, 2, 3, 6, 10, 17, 24, 31, 36, 39, 40, 44"
10408,"1, 1, 1, 2, 2, 3, 3, 5, 19, 23, 24, 36, 38, 42, 56"
10409,"1, 1, 2, 2, 3, 3, 9, 16, 25, 32, 35, 36, 43, 48"
10410,"1, 1, 2, 3, 3, 5, 7, 21, 21, 29, 33, 38, 40, 52"
10411,"1, 1, 2, 2, 6, 6, 8, 20, 23, 24, 29, 38, 46, 50"
10412,"1, 1, 1, 2, 3, 4, 4, 4, 4, 16, 17, 24, 27, 33, 55, 60"
10413,"1, 1, 1, 4, 6, 6, 8, 16, 22, 23, 30, 39, 41, 58"
10414,"1, 1, 1, 2, 2, 4, 4, 7, 9, 15, 32, 38, 46, 46, 48"
10415,"1, 1, 1, 1, 2, 4, 5, 7, 20, 26, 28, 33, 40, 43, 44"
10416,"1, 1, 1, 1, 2, 2, 2, 5, 7, 14, 18, 26, 34, 35, 52, 55"
10417,"1, 1, 1, 1, 1, 3, 4, 5, 9, 11, 23, 29, 33, 36, 46, 52"
10418,"1, 1, 2, 3, 3, 4, 4, 8, 14, 22, 29, 31, 36, 46, 52"
10419,"1, 1, 1, 1, 2, 2, 2, 7, 7, 11, 21, 34, 35, 39, 44, 48"
10420,"1, 1, 1, 1, 1, 2, 4, 4, 6, 18, 22, 25, 35, 44, 45, 46"
10421,"1, 1, 1, 1, 2, 4, 5, 5, 16, 26, 29, 30, 36, 45, 54"
10422,"1, 1, 1, 1, 1, 2, 2, 3, 3, 5, 15, 22, 26, 34, 38, 46, 55"
10423,"1, 1, 1, 2, 2, 5, 6, 6, 11, 17, 29, 42, 44, 44, 45"
10424,"1, 1, 1, 1, 1, 2, 4, 5, 9, 16, 16, 19, 34, 35, 45, 66"
10425,"1, 1, 1, 1, 2, 2, 5, 6, 7, 14, 20, 23, 38, 40, 43, 52"
10426,"1, 1, 2, 2, 2, 3, 3, 7, 17, 27, 28, 33, 34, 44, 52"
10427,"1, 1, 1, 1, 1, 1, 4, 5, 8, 16, 19, 27, 37, 43, 44, 47"
10428,"1, 1, 1, 2, 3, 8, 10, 16, 23, 25, 36, 39, 45, 46"
10429,"1, 1, 1, 1, 1, 1, 3, 3, 5, 11, 11, 13, 23, 37, 46, 49, 49"
10430,"1, 1, 1, 1, 1, 2, 6, 8, 15, 17, 28, 36, 42, 43, 54"
10431,"1, 1, 1, 1, 2, 2, 2, 2, 8, 14, 20, 25, 36, 42, 45, 54"
10432,"1, 1, 2, 2, 4, 7, 10, 13, 20, 23, 38, 40, 43, 52"
10433,"1, 1, 1, 2, 2, 3, 5, 11, 12, 13, 25, 30, 37, 48, 65"
10434,"1, 1, 1, 2, 4, 4, 4, 8, 14, 23, 24, 26, 37, 47, 60"
10435,"1, 1, 1, 2, 4, 5, 9, 21, 24, 25, 27, 36, 50, 50"
10436,"1, 1, 1, 1, 1, 1, 2, 4, 4, 10, 12, 14, 33, 36, 39, 40, 56"
10437,"1, 1, 1, 2, 3, 4, 6, 10, 16, 18, 18, 33, 36, 52, 55"
10438,"1, 1, 1, 1, 2, 3, 3, 5, 7, 11, 19, 23, 36, 42, 50, 51"
10439,"1, 1, 1, 2, 3, 3, 5, 10, 14, 19, 19, 31, 38, 47, 62"
10440,"1, 1, 1, 1, 2, 3, 3, 3, 7, 15, 19, 25, 27, 41, 41, 66"
10441,"1, 1, 1, 1, 1, 1, 3, 3, 4, 4, 19, 19, 19, 40, 41, 43, 55"
10442,"1, 1, 2, 2, 2, 3, 5, 12, 14, 18, 23, 27, 34, 56, 56"
10443,"1, 1, 2, 2, 2, 3, 3, 7, 12, 13, 22, 36, 48, 50, 54"
10444,"1, 1, 1, 1, 1, 1, 1, 4, 14, 14, 15, 25, 37, 46, 47, 47"
10445,"1, 2, 2, 2, 3, 4, 8, 21, 26, 27, 34, 34, 40, 52"
10446,"1, 1, 1, 1, 2, 2, 2, 2, 4, 12, 14, 17, 22, 30, 43, 45, 57"
10447,"1, 1, 1, 1, 2, 2, 2, 3, 10, 19, 19, 23, 38, 41, 42, 51"
10448,"1, 2, 2, 2, 2, 4, 10, 20, 25, 30, 30, 36, 40, 52"
10449,"1, 1, 1, 1, 2, 2, 3, 7, 21, 23, 25, 32, 37, 46, 54"
10450,"1, 1, 1, 1, 1, 2, 2, 2, 3, 4, 12, 25, 37, 49, 57, 58"
10451,"1, 1, 1, 1, 3, 4, 6, 6, 16, 24, 29, 37, 40, 43, 44"
10452,"1, 1, 1, 1, 1, 1, 2, 2, 4, 10, 15, 20, 25, 37, 37, 47, 51"
10453,"1, 1, 1, 1, 1, 2, 2, 3, 10, 22, 23, 28, 31, 41, 44, 45"
10454,"1, 1, 1, 2, 3, 3, 4, 4, 14, 24, 29, 38, 66, 66"
10455,"1, 1, 1, 1, 2, 3, 4, 5, 19, 22, 27, 39, 40, 41, 50"
10456,"1, 1, 1, 2, 2, 3, 5, 7, 19, 20, 28, 32, 42, 45, 48"
10457,"1, 1, 1, 2, 2, 2, 3, 4, 5, 16, 24, 25, 26, 27, 54, 63"
10458,"1, 1, 2, 2, 2, 3, 4, 11, 20, 21, 22, 38, 39, 40, 50"
10459,"1, 1, 1, 1, 1, 3, 4, 6, 6, 13, 16, 17, 44, 45, 46, 51"
10460,"1, 1, 1, 1, 1, 2, 4, 6, 8, 10, 25, 29, 32, 42, 44, 49"
10461,"1, 1, 1, 1, 3, 3, 5, 11, 17, 20, 31, 31, 39, 42, 50"
10462,"1, 1, 1, 1, 1, 1, 3, 3, 6, 6, 13, 20, 27, 32, 33, 51, 56"
10463,"1, 1, 1, 2, 2, 2, 3, 4, 7, 13, 22, 22, 30, 36, 48, 62"
10464,"1, 1, 1, 2, 2, 2, 3, 4, 6, 14, 17, 26, 33, 35, 54, 55"
10465,"1, 1, 2, 2, 3, 4, 7, 9, 12, 17, 25, 28, 33, 56, 56"
10466,"1, 2, 3, 3, 3, 6, 7, 18, 19, 20, 31, 40, 41, 62"
10467,"1, 1, 1, 3, 3, 3, 4, 5, 17, 27, 27, 29, 36, 43, 56"
10468,"1, 1, 1, 1, 2, 2, 2, 4, 8, 18, 18, 19, 32, 42, 51, 54"
10469,"1, 1, 1, 2, 2, 3, 5, 14, 15, 16, 26, 26, 43, 44, 57"
10470,"1, 1, 1, 2, 2, 3, 4, 6, 6, 16, 17, 25, 27, 34, 51, 60"
10471,"1, 1, 1, 1, 3, 3, 4, 13, 17, 18, 27, 32, 34, 49, 52"
10472,"1, 1, 2, 2, 2, 3, 5, 11, 14, 19, 23, 32, 35, 50, 56"
10473,"1, 1, 1, 1, 2, 5, 5, 11, 17, 24, 30, 31, 37, 42, 48"
10474,"1, 1, 1, 2, 2, 3, 4, 10, 16, 18, 32, 37, 41, 44, 44"
10475,"1, 1, 1, 2, 2, 3, 4, 4, 7, 8, 17, 26, 32, 44, 49, 55"
10476,"1, 1, 1, 1, 1, 2, 3, 5, 9, 11, 24, 34, 35, 37, 41, 50"
10477,"1, 1, 1, 2, 2, 4, 4, 8, 18, 20, 20, 40, 41, 44, 50"
10478,"1, 1, 1, 1, 1, 2, 4, 6, 6, 12, 20, 31, 36, 42, 46, 46"
10479,"1, 1, 1, 2, 5, 7, 7, 16, 25, 28, 31, 37, 46, 49"
10480,"1, 1, 1, 1, 2, 2, 2, 6, 8, 12, 23, 24, 28, 37, 46, 62"
10481,"1, 1, 1, 1, 1, 1, 5, 6, 9, 18, 19, 22, 35, 43, 43, 50"
10482,"1, 1, 3, 4, 4, 8, 8, 12, 17, 33, 34, 35, 44, 52"
10483,"1, 1, 1, 2, 2, 5, 6, 11, 15, 17, 22, 30, 32, 52, 59"
10484,"1, 1, 2, 3, 5, 8, 13, 14, 16, 19, 42, 42, 44, 46"
10485,"1, 1, 2, 2, 2, 3, 3, 4, 7, 13, 21, 26, 28, 34, 54, 55"
10486,"1, 1, 1, 1, 1, 2, 2, 4, 11, 14, 15, 25, 25, 38, 55, 60"
10487,"1, 1, 1, 1, 2, 2, 2, 3, 7, 15, 23, 25, 34, 38, 48, 53"
10488,"1, 1, 2, 4, 5, 5, 7, 15, 20, 23, 34, 39, 40, 60"
10489,"1, 1, 1, 2, 5, 6, 8, 15, 20, 27, 30, 34, 50, 56"
10490,"1, 1, 1, 1, 1, 1, 2, 3, 4, 7, 14, 16, 24, 35, 38, 53, 54"
10491,"1, 1, 2, 3, 5, 6, 10, 15, 19, 21, 30, 35, 52, 56"
10492,"1, 1, 1, 1, 1, 3, 5, 11, 17, 21, 26, 36, 41, 42, 49"
10493,"1, 1, 1, 1, 2, 2, 7, 7, 7, 12, 13, 15, 42, 47, 48, 50"
10494,"1, 1, 1, 1, 1, 2, 4, 5, 7, 17, 20, 23, 30, 38, 52, 53"
10495,"1, 1, 3, 3, 4, 11, 16, 23, 25, 32, 37, 48, 52"
10496,"1, 1, 3, 3, 5, 5, 9, 18, 19, 21, 31, 34, 48, 58"
10497,"1, 1, 3, 6, 6, 6, 19, 21, 24, 33, 42, 42, 52"
10498,"1, 1, 1, 1, 1, 1, 1, 3, 4, 7, 11, 29, 33, 43, 52, 67"
10499,"1, 1, 2, 2, 3, 4, 4, 7, 16, 18, 26, 34, 34, 50, 54"
10500,"1, 1, 2, 2, 3, 4, 4, 6, 14, 19, 20, 38, 42, 46, 54"
10501,"1, 1, 1, 1, 1, 4, 5, 5, 7, 11, 18, 21, 30, 43, 48, 59"
10502,"1, 1, 1, 1, 1, 1, 2, 2, 5, 12, 13, 14, 25, 36, 44, 48, 49"
10503,"1, 1, 1, 1, 1, 2, 3, 5, 7, 13, 19, 21, 35, 39, 51, 56"
10504,"1, 1, 1, 3, 3, 7, 9, 15, 21, 25, 34, 40, 44, 52"
10505,"1, 1, 1, 1, 2, 2, 4, 7, 8, 11, 18, 30, 31, 38, 50, 51"
10506,"1, 1, 2, 3, 5, 5, 7, 19, 22, 28, 34, 37, 40, 52"
10507,"1, 1, 1, 2, 2, 3, 5, 9, 15, 20, 27, 31, 38, 50, 51"
10508,"1, 1, 1, 1, 1, 2, 8, 15, 16, 18, 25, 28, 32, 52, 55"
10509,"1, 1, 1, 1, 3, 5, 9, 20, 23, 25, 34, 43, 44, 46"
10510,"1, 1, 1, 1, 1, 1, 2, 4, 7, 7, 10, 17, 29, 34, 41, 41, 58"
10511,"1, 2, 2, 3, 4, 4, 13, 13, 16, 26, 32, 44, 48, 48"
10512,"1, 1, 1, 1, 2, 2, 4, 5, 9, 14, 17, 22, 36, 45, 47, 49"
10513,"1, 1, 2, 2, 2, 3, 5, 7, 14, 20, 24, 34, 41, 48, 52"
10514,"1, 1, 1, 1, 1, 3, 3, 4, 8, 13, 15, 18, 42, 45, 49, 51"
10515,"1, 1, 1, 1, 2, 3, 4, 6, 6, 16, 20, 24, 33, 35, 43, 60"
10516,"1, 1, 1, 2, 2, 2, 3, 3, 4, 16, 17, 20, 36, 41, 50, 57"
10517,"1, 1, 1, 2, 3, 4, 5, 9, 14, 24, 29, 30, 38, 46, 49"
10518,"1, 1, 1, 2, 2, 2, 7, 9, 13, 23, 30, 30, 38, 39, 58"
10519,"1, 1, 1, 1, 2, 3, 3, 10, 17, 19, 24, 34, 37, 49, 54"
10520,"1, 1, 1, 1, 2, 2, 3, 4, 12, 13, 20, 25, 27, 40, 48, 56"
10521,"1, 1, 1, 1, 3, 3, 3, 5, 9, 13, 18, 27, 31, 35, 50, 55"
10522,"1, 1, 2, 3, 3, 4, 8, 15, 26, 38, 45, 52, 58"
10523,"1, 1, 1, 1, 3, 3, 3, 5, 21, 23, 25, 35, 37, 48, 49"
10524,"1, 1, 1, 2, 4, 4, 6, 9, 13, 17, 25, 37, 40, 42, 54"
10525,"1, 1, 1, 1, 1, 3, 4, 9, 23, 26, 28, 32, 35, 40, 51"
10526,"1, 1, 1, 1, 2, 5, 5, 9, 17, 22, 23, 27, 40, 40, 62"
10527,"1, 1, 1, 1, 1, 1, 2, 4, 4, 9, 12, 15, 28, 31, 46, 46, 53"
10528,"1, 1, 1, 1, 1, 2, 2, 3, 3, 20, 22, 31, 31, 40, 48, 49"
10529,"1, 1, 1, 1, 2, 2, 2, 2, 3, 6, 12, 21, 25, 39, 42, 47, 49"
10530,"1, 1, 1, 2, 2, 4, 4, 5, 6, 13, 17, 24, 27, 33, 54, 62"
10531,"1, 1, 1, 1, 2, 2, 3, 7, 9, 11, 17, 33, 34, 35, 39, 60"
10532,"1, 1, 1, 1, 1, 1, 1, 3, 3, 3, 4, 15, 15, 19, 39, 44, 45, 59"
10533,"1, 1, 1, 1, 2, 5, 10, 23, 26, 27, 27, 43, 44, 45"
10534,"1, 1, 1, 1, 2, 2, 6, 6, 9, 13, 13, 19, 34, 40, 49, 59"
10535,"1, 1, 1, 2, 2, 5, 11, 21, 22, 25, 26, 38, 47, 54"
10536,"1, 1, 1, 1, 1, 2, 2, 4, 6, 10, 10, 14, 26, 27, 39, 53, 58"
10537,"1, 1, 1, 1, 4, 4, 5, 5, 18, 26, 28, 30, 37, 46, 49"
10538,"1, 1, 1, 4, 5, 9, 24, 24, 29, 34, 35, 40, 49"
10539,"1, 1, 1, 1, 1, 5, 8, 10, 11, 23, 25, 37, 40, 44, 48"
10540,"1, 1, 1, 1, 1, 1, 1, 2, 6, 7, 16, 20, 21, 32, 40, 42, 63"
10541,"1, 1, 1, 1, 2, 3, 4, 8, 13, 30, 33, 50, 52, 57"
10542,"1, 1, 2, 4, 5, 6, 10, 14, 18, 23, 26, 40, 44, 62"
10543,"1, 1, 1, 1, 1, 2, 2, 3, 3, 7, 15, 22, 23, 37, 39, 45, 53"
10544,"1, 1, 2, 2, 2, 4, 4, 8, 18, 18, 21, 33, 42, 48, 52"
10545,"1, 1, 1, 2, 2, 3, 4, 6, 17, 24, 31, 34, 36, 40, 54"
10546,"1, 1, 1, 1, 2, 3, 5, 7, 8, 13, 14, 20, 30, 41, 41, 68"
10547,"1, 1, 1, 1, 1, 6, 6, 11, 14, 14, 25, 38, 42, 44, 51"
10548,"1, 1, 1, 1, 2, 3, 6, 10, 21, 21, 25, 31, 36, 47, 50"
10549,"1, 1, 2, 3, 4, 4, 12, 17, 21, 24, 34, 42, 43, 48"
10550,"1, 1, 2, 3, 3, 6, 6, 8, 12, 17, 21, 29, 36, 54, 57"
10551,"1, 1, 1, 1, 1, 1, 2, 2, 4, 10, 18, 19, 23, 39, 40, 41, 52"
10552,"1, 1, 1, 2, 2, 2, 3, 4, 5, 15, 22, 26, 29, 36, 43, 64"
10553,"1, 1, 1, 1, 1, 1, 4, 6, 10, 16, 18, 27, 40, 41, 43, 45"
10554,"1, 1, 1, 2, 3, 3, 3, 3, 6, 16, 18, 21, 34, 37, 49, 58"
10555,"1, 1, 1, 2, 2, 2, 3, 5, 6, 15, 18, 25, 28, 41, 44, 62"
10556,"1, 1, 1, 1, 1, 2, 2, 2, 3, 6, 15, 18, 28, 33, 36, 42, 64"
10557,"1, 1, 1, 2, 2, 2, 2, 3, 11, 12, 15, 26, 33, 42, 50, 53"
10558,"1, 1, 3, 5, 8, 10, 17, 19, 25, 38, 41, 44, 44"
10559,"1, 1, 1, 1, 1, 1, 2, 3, 3, 11, 17, 19, 20, 28, 40, 41, 66"
10560,"1, 1, 1, 1, 4, 4, 6, 10, 16, 21, 21, 38, 41, 44, 47"
10561,"1, 1, 1, 1, 4, 7, 8, 19, 28, 30, 30, 41, 41, 44"
10562,"1, 2, 2, 3, 3, 4, 12, 14, 18, 31, 32, 38, 40, 56"
10563,"1, 1, 1, 2, 2, 2, 3, 4, 10, 12, 16, 20, 34, 39, 51, 58"
10564,"1, 1, 1, 2, 5, 8, 9, 14, 21, 31, 31, 40, 42, 50"
10565,"1, 1, 2, 3, 3, 3, 5, 7, 17, 18, 22, 29, 31, 50, 64"
10566,"1, 1, 1, 1, 1, 2, 3, 5, 9, 18, 19, 19, 33, 40, 43, 60"
10567,"1, 1, 1, 1, 1, 2, 3, 3, 5, 7, 15, 15, 25, 37, 43, 43, 53"
10568,"1, 2, 3, 3, 4, 7, 9, 15, 19, 24, 25, 34, 50, 60"
10569,"1, 1, 1, 1, 2, 5, 7, 7, 15, 18, 26, 33, 42, 45, 52"
10570,"1, 1, 1, 2, 2, 4, 4, 6, 18, 26, 31, 34, 36, 37, 53"
10571,"1, 1, 1, 2, 2, 3, 9, 21, 29, 30, 32, 38, 38, 49"
10572,"1, 1, 1, 1, 1, 1, 2, 3, 11, 14, 25, 26, 35, 35, 47, 52"
10573,"1, 1, 1, 1, 1, 1, 5, 6, 7, 16, 22, 27, 39, 42, 43, 43"
10574,"1, 1, 1, 1, 2, 3, 4, 6, 8, 12, 18, 20, 34, 37, 48, 60"
10575,"1, 1, 1, 2, 2, 2, 3, 7, 8, 11, 17, 28, 31, 43, 46, 53"
10576,"1, 1, 1, 1, 1, 2, 3, 14, 15, 20, 32, 33, 38, 42, 52"
10577,"1, 1, 1, 2, 3, 6, 13, 15, 20, 31, 32, 38, 46, 47"
10578,"1, 1, 1, 1, 1, 2, 2, 3, 3, 4, 18, 23, 28, 29, 41, 48, 50"
10579,"1, 1, 1, 2, 3, 3, 4, 4, 8, 10, 18, 29, 31, 40, 50, 51"
10580,"1, 1, 1, 1, 2, 3, 3, 6, 6, 13, 22, 29, 29, 31, 50, 58"
10581,"1, 1, 1, 1, 1, 2, 3, 3, 9, 14, 15, 31, 38, 39, 47, 50"
10582,"1, 1, 3, 4, 4, 6, 7, 15, 16, 26, 34, 42, 43, 54"
10583,"1, 1, 1, 1, 1, 1, 2, 3, 3, 7, 13, 16, 27, 36, 40, 51, 52"
10584,"1, 1, 1, 1, 2, 3, 3, 6, 6, 15, 19, 22, 34, 37, 47, 58"
10585,"1, 1, 2, 2, 2, 2, 3, 3, 9, 15, 17, 24, 36, 44, 44, 51"
10586,"1, 1, 1, 1, 2, 2, 3, 6, 7, 10, 24, 26, 33, 38, 45, 56"
10587,"1, 1, 1, 2, 2, 2, 8, 10, 12, 19, 28, 32, 42, 46, 50"
10588,"1, 1, 1, 1, 1, 2, 3, 4, 9, 16, 25, 31, 35, 39, 43, 44"
10589,"1, 1, 1, 1, 2, 2, 2, 5, 7, 14, 19, 28, 32, 42, 47, 52"
10590,"1, 1, 1, 1, 2, 4, 6, 8, 16, 23, 25, 35, 39, 44, 50"
10591,"1, 1, 1, 2, 2, 6, 6, 6, 18, 20, 21, 29, 39, 40, 64"
10592,"1, 1, 1, 1, 2, 2, 2, 3, 9, 20, 20, 21, 40, 40, 41, 52"
10593,"1, 1, 1, 3, 4, 6, 6, 18, 22, 28, 29, 43, 46, 48"
10594,"1, 1, 1, 1, 1, 1, 2, 3, 4, 8, 18, 19, 22, 35, 38, 42, 59"
10595,"1, 1, 1, 1, 1, 2, 4, 9, 22, 22, 30, 37, 38, 42, 45"
10596,"1, 1, 1, 1, 1, 2, 3, 7, 7, 17, 19, 22, 38, 43, 43, 50"
10597,"1, 1, 1, 1, 1, 7, 33, 46, 79, 86"
10598,"1, 1, 1, 1, 1, 2, 4, 6, 6, 13, 18, 27, 39, 43, 45, 48"
10599,"1, 1, 1, 1, 1, 2, 5, 5, 13, 13, 14, 28, 33, 35, 50, 53"
10600,"1, 1, 1, 1, 1, 2, 3, 3, 5, 5, 17, 18, 19, 32, 35, 49, 63"
10601,"1, 1, 1, 1, 2, 2, 3, 4, 4, 17, 25, 28, 33, 35, 43, 56"
10602,"1, 1, 1, 1, 1, 2, 3, 5, 6, 19, 22, 23, 36, 39, 40, 56"
10603,"1, 1, 1, 1, 1, 2, 2, 3, 4, 10, 12, 14, 22, 39, 46, 47, 50"
10604,"1, 1, 1, 1, 1, 3, 5, 11, 21, 24, 27, 29, 33, 48, 50"
10605,"1, 1, 1, 3, 3, 3, 5, 11, 15, 18, 23, 37, 42, 45, 48"
10606,"1, 1, 1, 2, 2, 3, 4, 4, 7, 14, 15, 21, 36, 40, 49, 56"
10607,"1, 1, 1, 1, 1, 2, 3, 3, 3, 4, 12, 23, 25, 34, 38, 47, 57"
10608,"1, 1, 1, 1, 1, 1, 2, 6, 12, 15, 26, 29, 32, 35, 45, 48"
10609,"1, 1, 1, 2, 3, 3, 3, 7, 19, 24, 28, 34, 35, 41, 54"
10610,"1, 1, 1, 2, 3, 3, 4, 4, 5, 12, 17, 20, 29, 44, 46, 64"
10611,"1, 1, 3, 3, 3, 4, 4, 6, 14, 20, 26, 27, 37, 46, 61"
10612,"1, 1, 1, 1, 2, 2, 3, 4, 10, 16, 20, 21, 36, 39, 41, 58"
10613,"1, 1, 1, 2, 3, 7, 29, 38, 69, 105"
10614,"1, 1, 1, 1, 2, 3, 4, 8, 19, 27, 28, 33, 34, 42, 52"
10615,"1, 1, 1, 2, 3, 4, 5, 10, 17, 18, 23, 36, 42, 44, 49"
10616,"1, 1, 1, 2, 2, 3, 4, 6, 21, 21, 22, 37, 38, 41, 56"
10617,"1, 1, 1, 2, 2, 2, 2, 4, 8, 10, 18, 21, 40, 42, 48, 54"
10618,"1, 3, 3, 3, 7, 13, 13, 16, 22, 33, 36, 50, 56"
10619,"1, 1, 2, 2, 3, 3, 4, 7, 19, 22, 23, 37, 38, 40, 54"
10620,"1, 1, 2, 2, 3, 4, 4, 10, 11, 19, 24, 34, 42, 49, 50"
10621,"1, 2, 2, 2, 3, 4, 4, 14, 16, 28, 36, 42, 46, 56"
10622,"1, 1, 1, 1, 2, 4, 4, 6, 20, 24, 26, 28, 42, 42, 54"
10623,"1, 1, 1, 1, 2, 2, 2, 3, 4, 6, 16, 16, 21, 38, 43, 44, 55"
10624,"1, 1, 1, 1, 2, 3, 4, 6, 8, 14, 18, 27, 32, 35, 49, 54"
10625,"1, 1, 1, 1, 3, 3, 3, 5, 8, 10, 13, 23, 35, 44, 49, 56"
10626,"1, 1, 1, 1, 2, 2, 3, 3, 9, 11, 19, 29, 31, 41, 50, 52"
10627,"1, 1, 1, 1, 2, 3, 7, 7, 15, 24, 25, 29, 44, 46, 50"
10628,"1, 2, 2, 2, 3, 4, 13, 21, 22, 24, 32, 36, 46, 48"
10629,"1, 1, 1, 2, 2, 2, 2, 4, 6, 16, 27, 27, 33, 34, 46, 52"
10630,"1, 1, 1, 1, 1, 1, 2, 2, 3, 3, 9, 11, 13, 25, 32, 34, 53, 63"
10631,"1, 1, 1, 1, 1, 2, 5, 8, 8, 13, 16, 18, 42, 45, 46, 48"
10632,"1, 1, 1, 1, 2, 4, 6, 6, 14, 23, 32, 36, 40, 44, 45"
10633,"1, 1, 1, 1, 2, 2, 2, 3, 4, 6, 14, 17, 23, 34, 37, 53, 55"
10634,"1, 1, 1, 1, 2, 2, 4, 7, 9, 12, 19, 26, 35, 41, 47, 48"
10635,"1, 1, 1, 1, 1, 3, 4, 5, 9, 14, 18, 27, 39, 41, 41, 50"
10636,"1, 1, 1, 1, 1, 3, 7, 11, 13, 24, 28, 33, 38, 45, 49"
10637,"1, 1, 1, 1, 1, 2, 3, 3, 3, 5, 13, 21, 23, 36, 39, 46, 57"
10638,"1, 1, 1, 1, 1, 2, 3, 5, 9, 14, 18, 27, 37, 41, 44, 51"
10639,"1, 1, 1, 1, 1, 2, 2, 4, 5, 6, 12, 18, 19, 31, 40, 48, 64"
10640,"1, 1, 1, 2, 3, 6, 12, 15, 24, 27, 30, 35, 46, 53"
10641,"1, 1, 1, 2, 2, 2, 5, 9, 20, 22, 26, 32, 36, 48, 49"
10642,"1, 1, 1, 2, 3, 3, 5, 7, 17, 19, 19, 33, 39, 50, 56"
10643,"1, 1, 2, 2, 5, 8, 10, 15, 21, 23, 38, 40, 44, 46"
10644,"1, 1, 1, 1, 1, 1, 3, 5, 6, 16, 20, 25, 32, 35, 50, 58"
10645,"1, 1, 1, 1, 2, 2, 2, 4, 8, 12, 17, 29, 35, 39, 44, 58"
10646,"1, 1, 1, 1, 1, 1, 1, 6, 10, 19, 22, 25, 32, 38, 46, 51"
10647,"1, 1, 1, 1, 1, 3, 7, 7, 21, 23, 26, 35, 40, 40, 49"
10648,"1, 2, 2, 3, 3, 4, 5, 5, 12, 17, 27, 30, 41, 48, 56"
10649,"1, 1, 1, 1, 1, 2, 3, 4, 8, 19, 24, 27, 35, 36, 41, 52"
10650,"1, 1, 1, 3, 4, 5, 11, 18, 25, 29, 31, 37, 42, 48"
10651,"1, 1, 1, 1, 2, 2, 4, 4, 7, 13, 20, 26, 32, 42, 42, 58"
10652,"1, 1, 1, 2, 2, 3, 8, 21, 24, 27, 38, 38, 44, 46"
10653,"1, 1, 2, 5, 5, 29, 44, 67, 102"
10654,"1, 1, 1, 1, 2, 5, 6, 7, 15, 18, 24, 40, 44, 44, 47"
10655,"1, 1, 1, 1, 1, 2, 2, 5, 5, 10, 22, 33, 52, 53, 67"
10656,"1, 1, 1, 1, 1, 3, 3, 7, 7, 15, 23, 24, 29, 38, 45, 57"
10657,"1, 1, 2, 2, 4, 6, 6, 14, 21, 26, 34, 43, 46, 50"
10658,"1, 1, 1, 1, 1, 1, 2, 4, 5, 9, 10, 20, 22, 38, 41, 49, 50"
10659,"1, 1, 1, 1, 2, 4, 5, 13, 18, 21, 25, 37, 40, 42, 45"
10660,"1, 1, 1, 1, 2, 3, 6, 7, 14, 19, 31, 37, 43, 44, 46"
10661,"1, 1, 1, 2, 2, 2, 5, 7, 9, 9, 14, 18, 42, 47, 48, 48"
10662,"1, 1, 2, 2, 3, 4, 9, 22, 23, 26, 32, 43, 44, 44"
10663,"1, 1, 1, 2, 2, 2, 2, 2, 4, 19, 21, 25, 26, 36, 52, 60"
10664,"1, 1, 1, 2, 2, 3, 3, 6, 8, 13, 22, 24, 30, 35, 48, 57"
10665,"1, 1, 1, 1, 1, 2, 2, 5, 11, 15, 17, 24, 37, 43, 43, 52"
10666,"1, 1, 1, 1, 1, 3, 4, 5, 6, 18, 19, 21, 37, 41, 43, 54"
10667,"1, 1, 1, 1, 1, 1, 2, 3, 3, 11, 14, 16, 25, 35, 38, 50, 53"
10668,"1, 1, 1, 2, 3, 5, 6, 10, 13, 16, 20, 27, 45, 46, 60"
10669,"1, 1, 1, 1, 2, 3, 4, 5, 6, 19, 23, 25, 27, 29, 47, 62"
10670,"1, 1, 1, 2, 3, 4, 6, 8, 10, 19, 30, 39, 41, 42, 49"
10671,"1, 1, 1, 1, 1, 1, 2, 2, 14, 17, 25, 26, 28, 36, 48, 52"
10672,"1, 1, 1, 1, 2, 2, 4, 4, 9, 12, 17, 29, 32, 35, 50, 56"
10673,"1, 1, 2, 3, 5, 6, 10, 15, 18, 24, 38, 41, 44, 48"
10674,"1, 1, 1, 2, 3, 4, 5, 11, 14, 17, 23, 36, 45, 46, 47"
10675,"1, 1, 1, 2, 3, 4, 7, 7, 16, 17, 18, 41, 44, 44, 50"
10676,"1, 1, 1, 1, 2, 3, 4, 6, 20, 25, 25, 30, 43, 46, 48"
10677,"1, 1, 1, 1, 1, 2, 2, 3, 5, 8, 14, 14, 25, 33, 37, 52, 56"
10678,"1, 1, 1, 1, 2, 2, 2, 3, 6, 18, 25, 25, 34, 37, 43, 55"
10679,"1, 1, 1, 2, 3, 7, 9, 15, 16, 20, 40, 45, 48, 48"
10680,"1, 1, 3, 4, 5, 29, 38, 82, 93"
10681,"1, 1, 1, 1, 1, 2, 2, 2, 6, 6, 16, 19, 20, 40, 41, 46, 51"
10682,"1, 1, 1, 1, 3, 3, 3, 5, 7, 14, 17, 21, 39, 43, 45, 52"
10683,"1, 1, 1, 1, 1, 2, 9, 9, 18, 19, 21, 35, 37, 49, 52"
10684,"1, 1, 1, 2, 4, 8, 8, 16, 26, 28, 35, 36, 42, 48"
10685,"1, 1, 1, 2, 2, 3, 5, 9, 21, 21, 22, 32, 40, 48, 48"
10686,"1, 1, 1, 2, 3, 3, 4, 8, 17, 19, 24, 33, 34, 51, 55"
10687,"1, 1, 1, 2, 3, 6, 6, 16, 25, 28, 34, 36, 41, 56"
10688,"1, 1, 1, 2, 2, 8, 10, 20, 20, 24, 32, 44, 45, 46"
10689,"1, 2, 3, 3, 8, 12, 17, 19, 20, 31, 36, 46, 58"
10690,"1, 1, 1, 1, 1, 1, 1, 1, 3, 5, 21, 25, 26, 35, 37, 41, 55"
10691,"1, 1, 1, 2, 2, 3, 4, 6, 13, 21, 33, 36, 40, 43, 50"
10692,"1, 1, 1, 1, 1, 2, 2, 3, 13, 13, 14, 27, 32, 48, 48, 49"
10693,"1, 1, 2, 2, 4, 4, 16, 19, 20, 24, 28, 33, 50, 52"
10694,"1, 1, 1, 1, 2, 2, 4, 6, 6, 14, 23, 24, 36, 39, 45, 51"
10695,"1, 1, 1, 1, 1, 2, 2, 2, 3, 7, 16, 20, 22, 30, 41, 45, 61"
10696,"1, 1, 2, 2, 3, 4, 6, 9, 14, 16, 25, 26, 36, 43, 68"
10697,"1, 1, 1, 1, 1, 1, 3, 4, 5, 16, 22, 29, 29, 33, 52, 57"
10698,"1, 1, 2, 2, 2, 4, 12, 24, 24, 26, 36, 36, 36, 50"
10699,"1, 1, 1, 2, 3, 5, 7, 7, 9, 23, 31, 38, 41, 42, 45"
10700,"1, 1, 1, 1, 3, 4, 5, 9, 19, 24, 29, 29, 30, 50, 50"
10701,"1, 1, 1, 1, 2, 2, 3, 4, 5, 13, 15, 28, 33, 45, 46, 56"
10702,"1, 1, 1, 1, 1, 2, 2, 2, 3, 4, 17, 24, 26, 28, 34, 53, 56"
10703,"1, 1, 2, 2, 3, 4, 5, 6, 10, 13, 26, 32, 35, 56, 60"
10704,"1, 1, 1, 1, 2, 3, 8, 8, 20, 25, 26, 27, 35, 48, 50"
10705,"1, 1, 1, 1, 1, 2, 3, 3, 4, 13, 25, 27, 32, 40, 45, 57"
10706,"1, 1, 1, 2, 3, 3, 8, 8, 12, 20, 27, 33, 40, 44, 53"
10707,"1, 1, 1, 1, 2, 2, 3, 3, 11, 15, 21, 31, 31, 38, 45, 50"
10708,"1, 1, 1, 1, 1, 1, 2, 3, 5, 7, 17, 20, 24, 33, 37, 43, 59"
10709,"1, 1, 1, 1, 2, 2, 3, 5, 9, 16, 19, 20, 34, 43, 49, 50"
10710,"1, 1, 2, 2, 6, 7, 7, 18, 18, 19, 38, 43, 44, 50"
10711,"1, 1, 1, 1, 1, 4, 4, 10, 19, 22, 32, 36, 39, 41, 44"
10712,"1, 1, 1, 1, 2, 3, 6, 9, 18, 18, 28, 40, 40, 44, 44"
10713,"1, 1, 1, 1, 1, 2, 3, 3, 11, 13, 22, 23, 38, 39, 48, 49"
10714,"1, 1, 1, 1, 1, 1, 2, 2, 5, 6, 13, 18, 35, 39, 42, 43, 45"
10715,"1, 1, 1, 1, 3, 3, 4, 7, 20, 22, 27, 31, 42, 46, 47"
10716,"1, 1, 1, 2, 3, 4, 5, 6, 13, 25, 27, 34, 38, 42, 54"
10717,"1, 1, 1, 1, 2, 2, 3, 13, 16, 26, 31, 36, 38, 40, 45"
10718,"1, 1, 1, 2, 2, 3, 3, 3, 7, 14, 20, 24, 29, 45, 46, 55"
10719,"1, 1, 2, 2, 5, 5, 9, 19, 24, 30, 30, 38, 42, 48"
10720,"1, 1, 1, 2, 2, 3, 5, 7, 15, 23, 34, 37, 37, 44, 44"
10721,"1, 1, 1, 2, 6, 6, 8, 20, 20, 27, 33, 35, 36, 60"
10722,"1, 1, 1, 2, 2, 2, 4, 4, 4, 14, 18, 29, 30, 33, 45, 66"
10723,"1, 1, 1, 1, 2, 2, 2, 5, 7, 15, 19, 27, 31, 34, 48, 60"
10724,"1, 1, 1, 1, 1, 1, 2, 4, 5, 6, 15, 19, 29, 33, 41, 44, 52"
10725,"1, 1, 1, 1, 1, 2, 2, 5, 9, 13, 22, 23, 29, 38, 54, 54"
10726,"1, 1, 1, 1, 2, 2, 4, 4, 20, 25, 26, 36, 43, 43, 47"
10727,"1, 1, 1, 1, 1, 1, 2, 5, 7, 7, 11, 12, 19, 41, 45, 50, 51"
10728,"1, 1, 1, 2, 3, 8, 8, 12, 23, 29, 31, 40, 41, 56"
10729,"1, 1, 1, 1, 2, 2, 3, 4, 8, 18, 18, 23, 38, 41, 42, 53"
10730,"1, 2, 2, 6, 7, 21, 41, 78, 98"
10731,"1, 1, 1, 2, 2, 2, 3, 3, 12, 15, 16, 25, 33, 37, 49, 54"
10732,"1, 1, 1, 2, 2, 3, 8, 10, 15, 24, 24, 30, 36, 46, 53"
10733,"1, 1, 1, 2, 5, 5, 26, 32, 69, 114"
10734,"1, 1, 1, 1, 1, 2, 3, 4, 11, 17, 18, 22, 35, 35, 46, 58"
10735,"1, 1, 1, 2, 3, 3, 4, 5, 11, 29, 30, 42, 58, 66"
10736,"1, 1, 1, 1, 1, 3, 3, 4, 9, 17, 18, 18, 33, 38, 49, 59"
10737,"1, 1, 1, 2, 2, 3, 4, 8, 16, 23, 27, 40, 41, 43, 44"
10738,"1, 1, 1, 1, 2, 2, 3, 5, 7, 15, 17, 25, 41, 42, 44, 49"
10739,"1, 1, 1, 1, 2, 2, 2, 3, 5, 8, 9, 13, 26, 34, 47, 49, 52"
10740,"1, 2, 2, 3, 4, 7, 9, 13, 14, 28, 39, 40, 40, 54"
10741,"1, 1, 2, 3, 3, 5, 11, 19, 19, 25, 36, 40, 42, 49"
10742,"1, 1, 1, 1, 2, 3, 6, 6, 7, 7, 14, 31, 40, 43, 44, 49"
10743,"1, 1, 1, 1, 3, 3, 3, 6, 7, 10, 15, 25, 33, 46, 47, 54"
10744,"1, 1, 1, 2, 2, 4, 5, 13, 16, 17, 24, 28, 34, 54, 54"
10745,"1, 1, 2, 2, 3, 3, 9, 12, 23, 30, 34, 37, 49, 50"
10746,"1, 1, 1, 1, 1, 2, 2, 2, 2, 6, 19, 20, 22, 39, 40, 42, 55"
10747,"1, 1, 1, 1, 2, 2, 3, 4, 9, 12, 17, 28, 32, 44, 47, 52"
10748,"1, 1, 2, 4, 4, 6, 9, 13, 19, 28, 32, 42, 42, 53"
10749,"1, 1, 1, 1, 1, 2, 4, 7, 8, 17, 20, 20, 31, 41, 49, 52"
10750,"1, 1, 1, 2, 2, 3, 3, 3, 11, 15, 15, 20, 39, 45, 45, 50"
10751,"1, 1, 1, 1, 2, 2, 3, 3, 4, 5, 13, 21, 22, 31, 36, 45, 65"
10752,"1, 1, 1, 1, 2, 4, 5, 9, 10, 25, 31, 37, 39, 42, 48"
10753,"1, 1, 2, 2, 3, 6, 10, 13, 21, 25, 40, 40, 46, 46"
10754,"1, 1, 2, 3, 3, 7, 7, 13, 25, 25, 35, 36, 44, 54"
10755,"1, 1, 1, 1, 1, 1, 3, 3, 3, 4, 18, 23, 28, 28, 33, 41, 66"
10756,"1, 1, 3, 3, 5, 5, 9, 15, 21, 25, 33, 41, 44, 50"
10757,"1, 1, 1, 1, 1, 1, 2, 11, 22, 22, 22, 32, 39, 49, 51"
10758,"1, 1, 1, 2, 3, 6, 12, 20, 21, 23, 37, 41, 42, 46"
10759,"1, 1, 1, 2, 2, 2, 2, 6, 19, 24, 24, 34, 38, 46, 54"
10760,"1, 1, 1, 1, 1, 2, 2, 3, 3, 4, 10, 25, 28, 36, 41, 41, 56"
10761,"1, 1, 1, 1, 2, 3, 3, 4, 9, 13, 15, 18, 38, 38, 49, 60"
10762,"1, 1, 1, 1, 1, 2, 3, 4, 4, 19, 24, 33, 34, 35, 38, 55"
10763,"1, 1, 1, 1, 1, 2, 2, 2, 4, 4, 18, 22, 23, 38, 38, 41, 57"
10764,"1, 1, 1, 2, 3, 8, 10, 19, 21, 27, 32, 37, 42, 52"
10765,"1, 1, 1, 2, 2, 2, 2, 7, 7, 16, 17, 18, 34, 34, 54, 58"
10766,"1, 1, 1, 1, 2, 4, 4, 5, 5, 13, 16, 24, 34, 34, 54, 57"
10767,"1, 1, 1, 1, 1, 1, 1, 2, 4, 4, 14, 25, 31, 36, 39, 40, 54"
10768,"1, 1, 1, 1, 1, 2, 5, 6, 7, 10, 15, 32, 37, 40, 46, 51"
10769,"1, 1, 2, 2, 2, 3, 9, 22, 24, 27, 36, 37, 38, 52"
10770,"1, 1, 1, 1, 1, 2, 5, 8, 14, 18, 25, 37, 38, 38, 66"
10771,"1, 1, 1, 2, 2, 4, 6, 10, 16, 22, 28, 30, 31, 48, 54"
10772,"1, 1, 2, 2, 5, 7, 8, 14, 17, 28, 34, 42, 45, 50"
10773,"1, 1, 1, 2, 3, 3, 4, 6, 15, 18, 28, 33, 41, 44, 56"
10774,"1, 1, 1, 1, 1, 1, 1, 2, 3, 5, 5, 12, 18, 19, 39, 47, 48, 51"
10775,"1, 1, 1, 1, 1, 2, 2, 2, 3, 6, 17, 22, 27, 30, 32, 54, 54"
10776,"1, 1, 2, 3, 3, 6, 12, 19, 23, 23, 37, 38, 42, 46"
10777,"1, 1, 1, 2, 2, 4, 6, 12, 16, 18, 30, 30, 35, 48, 50"
10778,"1, 1, 1, 1, 1, 1, 3, 7, 7, 17, 20, 27, 31, 34, 49, 55"
10779,"1, 1, 2, 2, 3, 3, 3, 5, 5, 11, 16, 26, 34, 41, 45, 58"
10780,"1, 1, 1, 1, 1, 1, 2, 7, 11, 14, 17, 21, 41, 45, 45, 47"
10781,"1, 1, 2, 2, 5, 6, 10, 17, 19, 22, 33, 40, 48, 50"
10782,"1, 1, 2, 3, 3, 11, 11, 13, 19, 23, 30, 34, 50, 55"
10783,"1, 1, 1, 1, 2, 3, 5, 6, 11, 21, 30, 38, 39, 47, 50"
10784,"1, 1, 1, 1, 1, 2, 2, 2, 10, 20, 22, 28, 33, 38, 41, 53"
10785,"1, 1, 1, 3, 3, 3, 7, 9, 15, 22, 23, 29, 37, 48, 54"
10786,"1, 1, 1, 2, 2, 4, 9, 9, 16, 16, 18, 38, 40, 45, 54"
10787,"1, 1, 1, 1, 2, 2, 8, 12, 12, 19, 21, 42, 42, 43, 49"
10788,"1, 1, 1, 1, 1, 1, 2, 3, 13, 13, 19, 26, 35, 42, 48, 49"
10789,"1, 1, 1, 1, 1, 2, 3, 4, 8, 12, 24, 29, 38, 38, 43, 50"
10790,"1, 1, 1, 1, 1, 3, 8, 14, 14, 17, 29, 33, 39, 42, 52"
10791,"1, 1, 1, 1, 1, 2, 3, 3, 3, 3, 11, 14, 27, 43, 46, 46, 50"
10792,"1, 1, 1, 1, 1, 2, 2, 3, 7, 9, 9, 15, 27, 33, 36, 48, 60"
10793,"1, 1, 2, 2, 2, 3, 3, 4, 5, 10, 20, 28, 39, 40, 40, 56"
10794,"1, 1, 1, 2, 5, 7, 10, 15, 18, 28, 33, 40, 42, 53"
10795,"1, 1, 1, 1, 2, 3, 3, 9, 11, 28, 30, 39, 41, 42, 44"
10796,"1, 1, 1, 1, 1, 1, 3, 4, 8, 17, 28, 31, 35, 39, 41, 44"
10797,"1, 1, 1, 1, 1, 1, 1, 1, 3, 5, 5, 11, 20, 25, 34, 34, 53, 58"
10798,"1, 1, 1, 3, 3, 4, 4, 10, 15, 16, 26, 32, 36, 50, 54"
10799,"1, 1, 1, 1, 2, 2, 3, 10, 16, 20, 25, 34, 38, 50, 52"
10800,"1, 1, 1, 2, 2, 2, 3, 12, 17, 21, 26, 33, 37, 48, 50"
10801,"1, 1, 1, 1, 2, 3, 4, 4, 6, 13, 21, 28, 30, 32, 53, 56"
10802,"1, 1, 1, 3, 3, 4, 4, 21, 31, 31, 32, 38, 38, 48"
10803,"1, 1, 2, 5, 6, 6, 7, 11, 18, 26, 38, 44, 45, 46"
10804,"1, 1, 1, 4, 4, 6, 8, 18, 21, 24, 32, 35, 50, 51"
10805,"1, 1, 1, 1, 2, 2, 4, 8, 24, 26, 28, 29, 42, 43, 44"
10806,"1, 1, 2, 3, 5, 6, 8, 15, 19, 19, 40, 43, 44, 50"
10807,"1, 1, 1, 1, 2, 2, 3, 4, 8, 18, 20, 24, 37, 40, 41, 53"
10808,"1, 1, 2, 2, 2, 4, 6, 10, 14, 21, 22, 30, 40, 45, 56"
10809,"1, 1, 1, 1, 1, 2, 6, 6, 8, 14, 20, 24, 37, 41, 41, 52"
10810,"1, 1, 1, 1, 2, 4, 12, 20, 22, 23, 38, 39, 40, 52"
10811,"1, 1, 1, 1, 2, 3, 3, 4, 11, 12, 19, 27, 31, 33, 50, 57"
10812,"1, 1, 1, 2, 2, 3, 3, 9, 21, 25, 27, 28, 31, 48, 54"
10813,"1, 1, 1, 1, 3, 3, 7, 7, 17, 23, 29, 29, 34, 43, 57"
10814,"1, 1, 1, 3, 5, 5, 7, 17, 19, 30, 41, 41, 42, 43"
10815,"1, 1, 1, 1, 1, 1, 2, 9, 23, 26, 29, 34, 35, 39, 53"
10816,"1, 1, 1, 1, 1, 1, 2, 3, 3, 5, 19, 24, 26, 35, 37, 41, 55"
10817,"1, 1, 1, 2, 2, 2, 2, 8, 21, 22, 32, 33, 38, 44, 47"
10818,"1, 1, 2, 3, 4, 7, 9, 14, 23, 27, 33, 36, 40, 56"
10819,"1, 1, 1, 1, 2, 2, 3, 4, 8, 12, 16, 31, 38, 42, 46, 48"
10820,"1, 1, 1, 1, 2, 5, 7, 7, 13, 27, 29, 31, 32, 49, 50"
10821,"1, 2, 3, 3, 5, 6, 7, 12, 13, 28, 29, 46, 47, 54"
10822,"1, 1, 2, 2, 2, 3, 4, 6, 18, 20, 25, 35, 40, 43, 54"
10823,"1, 1, 1, 1, 2, 4, 5, 9, 19, 21, 22, 35, 36, 49, 50"
10824,"1, 1, 1, 1, 2, 3, 4, 5, 5, 18, 19, 20, 39, 40, 41, 56"
10825,"1, 1, 2, 2, 3, 3, 5, 10, 12, 16, 25, 34, 40, 46, 56"
10826,"1, 1, 1, 1, 2, 5, 7, 9, 15, 16, 30, 33, 37, 42, 56"
10827,"1, 1, 1, 1, 1, 3, 5, 5, 7, 13, 20, 25, 26, 42, 45, 60"
10828,"1, 1, 1, 1, 2, 2, 2, 4, 6, 14, 20, 22, 38, 42, 47, 53"
10829,"1, 1, 1, 1, 2, 3, 5, 7, 17, 29, 30, 31, 32, 46, 50"
10830,"1, 1, 1, 1, 2, 3, 5, 9, 19, 22, 24, 39, 39, 40, 50"
10831,"1, 1, 1, 1, 4, 4, 5, 6, 9, 19, 22, 42, 45, 45, 51"
10832,"1, 1, 2, 2, 3, 4, 8, 19, 25, 25, 36, 38, 40, 52"
10833,"1, 1, 1, 1, 1, 2, 2, 10, 20, 20, 23, 38, 40, 42, 54"
10834,"1, 1, 1, 2, 2, 3, 4, 6, 6, 14, 16, 24, 34, 37, 52, 53"
10835,"1, 1, 2, 2, 2, 4, 6, 24, 24, 25, 29, 44, 46, 46"
10836,"1, 1, 1, 1, 1, 2, 3, 3, 13, 14, 15, 29, 33, 39, 46, 54"
10837,"1, 1, 1, 1, 1, 3, 5, 9, 19, 25, 27, 29, 41, 41, 52"
10838,"1, 1, 1, 2, 5, 8, 12, 15, 21, 24, 29, 42, 43, 52"
10839,"1, 1, 1, 2, 2, 2, 2, 3, 5, 14, 25, 32, 36, 37, 46, 47"
10840,"1, 1, 2, 2, 3, 3, 7, 9, 13, 16, 29, 36, 38, 40, 56"
10841,"1, 1, 1, 1, 1, 2, 3, 4, 12, 13, 15, 24, 24, 37, 57, 60"
10842,"1, 1, 1, 2, 2, 6, 7, 8, 11, 21, 30, 32, 40, 45, 49"
10843,"1, 1, 1, 1, 2, 2, 3, 5, 11, 13, 16, 30, 31, 35, 48, 56"
10844,"1, 2, 2, 2, 5, 7, 9, 17, 17, 22, 32, 40, 50, 50"
10845,"1, 1, 1, 2, 4, 12, 14, 24, 30, 30, 38, 49, 50"
10846,"1, 1, 1, 1, 3, 5, 9, 23, 23, 24, 38, 39, 42, 46"
10847,"1, 1, 1, 1, 2, 2, 3, 4, 11, 12, 21, 27, 34, 40, 47, 49"
10848,"1, 1, 1, 1, 1, 1, 5, 12, 14, 15, 29, 32, 43, 48, 52"
10849,"1, 2, 2, 3, 7, 9, 21, 22, 27, 34, 40, 40, 48"
10850,"1, 1, 1, 1, 1, 3, 4, 4, 8, 16, 20, 23, 33, 38, 50, 52"
10851,"1, 1, 1, 5, 6, 10, 15, 31, 31, 35, 40, 40, 40"
10852,"1, 1, 1, 1, 3, 3, 4, 5, 8, 11, 18, 23, 26, 43, 48, 60"
10853,"1, 1, 1, 2, 2, 4, 5, 6, 7, 10, 15, 22, 36, 37, 52, 55"
10854,"1, 1, 1, 2, 2, 3, 5, 7, 17, 24, 34, 36, 36, 43, 44"
10855,"1, 1, 1, 1, 1, 1, 1, 3, 5, 5, 17, 19, 22, 38, 39, 46, 55"
10856,"1, 1, 1, 2, 2, 3, 3, 5, 6, 12, 20, 23, 38, 39, 45, 55"
10857,"1, 1, 1, 2, 2, 3, 4, 11, 18, 20, 22, 39, 40, 42, 50"
10858,"1, 1, 1, 1, 1, 1, 2, 4, 10, 20, 24, 29, 37, 41, 41, 42"
10859,"1, 1, 1, 1, 1, 3, 3, 13, 15, 26, 29, 36, 39, 40, 47"
10860,"1, 1, 1, 1, 2, 2, 4, 6, 6, 14, 22, 24, 37, 37, 46, 52"
10861,"1, 1, 1, 1, 1, 1, 1, 3, 5, 6, 14, 18, 23, 39, 45, 47, 49"
10862,"1, 2, 2, 2, 3, 4, 6, 6, 12, 17, 26, 41, 42, 44, 48"
10863,"1, 2, 3, 3, 5, 6, 9, 9, 15, 26, 32, 41, 50, 54"
10864,"1, 1, 1, 3, 6, 13, 21, 23, 26, 34, 37, 40, 50"
10865,"1, 1, 2, 2, 3, 4, 11, 15, 17, 32, 34, 38, 44, 52"
10866,"1, 1, 1, 2, 4, 7, 9, 16, 24, 29, 34, 35, 45, 48"
10867,"1, 1, 2, 2, 3, 4, 7, 7, 16, 18, 20, 30, 33, 54, 58"
10868,"1, 1, 1, 1, 2, 2, 2, 4, 6, 15, 25, 26, 35, 36, 45, 54"
10869,"1, 1, 1, 2, 2, 3, 7, 7, 9, 18, 28, 41, 42, 44, 50"
10870,"1, 1, 1, 2, 2, 3, 15, 22, 25, 27, 30, 35, 46, 46"
10871,"1, 1, 1, 1, 2, 2, 3, 11, 19, 24, 29, 34, 35, 41, 52"
10872,"1, 1, 1, 1, 1, 1, 2, 2, 5, 9, 16, 22, 25, 31, 36, 48, 54"
10873,"1, 1, 1, 1, 2, 2, 2, 4, 21, 27, 30, 34, 39, 41, 50"
10874,"1, 2, 2, 3, 4, 4, 9, 19, 20, 26, 34, 40, 40, 52"
10875,"1, 1, 2, 2, 3, 9, 11, 15, 19, 28, 34, 40, 41, 50"
10876,"1, 1, 1, 1, 3, 5, 6, 7, 20, 21, 25, 27, 33, 46, 59"
10877,"1, 1, 1, 3, 4, 4, 4, 12, 13, 14, 29, 37, 39, 40, 54"
10878,"1, 1, 1, 1, 2, 2, 2, 2, 2, 8, 10, 19, 31, 38, 41, 44, 51"
10879,"1, 1, 1, 1, 1, 2, 3, 3, 4, 6, 14, 15, 23, 44, 45, 45, 47"
10880,"1, 1, 1, 1, 1, 1, 1, 2, 3, 7, 14, 17, 26, 39, 45, 46, 50"
10881,"1, 1, 1, 2, 3, 4, 5, 5, 16, 25, 29, 35, 35, 40, 54"
10882,"1, 1, 1, 2, 3, 6, 10, 19, 23, 24, 34, 37, 47, 48"
10883,"1, 1, 1, 1, 1, 1, 1, 3, 5, 7, 15, 22, 25, 35, 39, 41, 57"
10884,"1, 1, 1, 1, 2, 3, 3, 6, 7, 12, 22, 25, 34, 40, 45, 53"
10885,"1, 1, 1, 1, 5, 8, 10, 17, 18, 22, 29, 42, 44, 57"
10886,"1, 1, 1, 2, 2, 2, 6, 9, 14, 15, 30, 32, 42, 47, 52"
10887,"1, 1, 1, 1, 1, 2, 5, 6, 7, 8, 18, 29, 41, 42, 42, 51"
10888,"1, 1, 1, 2, 4, 4, 12, 17, 18, 32, 36, 39, 39, 50"
10889,"1, 1, 1, 1, 5, 5, 6, 7, 7, 13, 25, 43, 44, 45, 52"
10890,"1, 1, 1, 2, 5, 5, 13, 17, 20, 30, 30, 32, 42, 57"
10891,"1, 1, 1, 1, 1, 2, 5, 13, 21, 22, 23, 32, 40, 46, 47"
10892,"1, 1, 1, 1, 6, 6, 6, 17, 22, 25, 36, 36, 46, 52"
10893,"1, 1, 2, 2, 4, 4, 6, 10, 10, 17, 27, 34, 40, 48, 50"
10894,"1, 1, 3, 4, 5, 7, 21, 25, 26, 29, 34, 38, 62"
10895,"1, 1, 1, 1, 2, 3, 7, 9, 21, 21, 23, 31, 42, 46, 47"
10896,"1, 1, 1, 1, 1, 2, 2, 2, 5, 10, 13, 17, 21, 39, 40, 48, 52"
10897,"1, 1, 2, 2, 2, 3, 4, 5, 6, 13, 20, 22, 28, 30, 56, 61"
10898,"1, 1, 2, 3, 4, 5, 11, 16, 22, 27, 29, 36, 43, 56"
10899,"1, 2, 2, 2, 2, 4, 5, 7, 18, 21, 24, 30, 36, 50, 52"
10900,"1, 1, 1, 1, 1, 1, 2, 2, 4, 5, 17, 18, 26, 34, 35, 49, 58"
10901,"1, 1, 1, 2, 2, 4, 4, 5, 5, 10, 23, 26, 28, 32, 53, 59"
10902,"1, 1, 1, 2, 3, 3, 11, 19, 24, 30, 32, 38, 44, 47"
10903,"1, 1, 1, 1, 3, 6, 6, 8, 12, 15, 31, 37, 42, 45, 47"
10904,"1, 1, 1, 2, 2, 3, 5, 11, 15, 15, 28, 41, 42, 43, 46"
10905,"1, 1, 2, 2, 2, 3, 4, 7, 18, 21, 22, 38, 41, 42, 52"
10906,"1, 1, 1, 1, 1, 2, 4, 5, 9, 15, 16, 21, 41, 44, 45, 49"
10907,"1, 1, 1, 1, 3, 5, 6, 7, 8, 14, 32, 39, 44, 46, 48"
10908,"1, 1, 1, 2, 2, 6, 6, 6, 13, 18, 18, 40, 42, 48, 52"
10909,"1, 1, 1, 1, 1, 4, 5, 5, 7, 15, 24, 24, 27, 37, 43, 60"
10910,"1, 1, 1, 1, 2, 2, 3, 4, 7, 13, 16, 26, 37, 45, 47, 50"
10911,"1, 1, 1, 1, 1, 2, 3, 4, 6, 11, 17, 26, 37, 42, 46, 57"
10912,"1, 1, 2, 6, 6, 10, 16, 25, 28, 36, 37, 40, 48"
10913,"1, 1, 1, 1, 3, 5, 6, 7, 12, 20, 33, 36, 42, 44, 44"
10914,"1, 1, 1, 3, 4, 7, 11, 15, 22, 25, 27, 37, 48, 54"
10915,"1, 1, 1, 2, 2, 3, 5, 5, 9, 11, 11, 25, 34, 41, 52, 53"
10916,"1, 1, 1, 1, 2, 2, 3, 3, 6, 7, 10, 13, 29, 31, 38, 47, 61"
10917,"1, 1, 1, 2, 2, 7, 7, 18, 29, 30, 34, 40, 40, 44"
10918,"1, 1, 1, 2, 3, 4, 4, 4, 6, 12, 15, 28, 33, 33, 53, 56"
10919,"1, 1, 1, 1, 1, 3, 6, 9, 19, 22, 28, 30, 32, 51, 51"
10920,"1, 1, 1, 1, 1, 3, 4, 8, 12, 22, 35, 39, 40, 40, 48"
10921,"1, 1, 1, 2, 2, 3, 5, 6, 15, 21, 25, 40, 41, 46, 47"
10922,"1, 1, 2, 3, 5, 7, 9, 15, 20, 20, 31, 42, 48, 52"
10923,"1, 1, 1, 1, 1, 5, 5, 13, 15, 22, 31, 32, 39, 44, 45"
10924,"1, 1, 1, 1, 2, 3, 7, 9, 15, 26, 26, 37, 38, 42, 47"
10925,"1, 1, 1, 1, 1, 2, 2, 3, 4, 16, 19, 21, 32, 40, 46, 66"
10926,"1, 1, 2, 9, 9, 9, 13, 17, 25, 38, 42, 44, 46"
10927,"1, 1, 1, 1, 2, 3, 6, 11, 13, 23, 24, 26, 38, 46, 60"
10928,"1, 1, 2, 2, 3, 4, 8, 17, 23, 25, 28, 38, 44, 60"
10929,"1, 1, 1, 2, 2, 2, 6, 14, 15, 16, 30, 32, 42, 45, 47"
10930,"1, 1, 1, 1, 3, 3, 7, 7, 17, 20, 28, 31, 34, 48, 54"
10931,"1, 1, 1, 1, 1, 5, 6, 11, 15, 18, 27, 39, 40, 43, 47"
10932,"1, 1, 1, 2, 2, 3, 4, 6, 15, 17, 22, 36, 44, 49, 53"
10933,"1, 1, 2, 2, 2, 4, 5, 6, 17, 17, 20, 40, 42, 43, 54"
10934,"1, 1, 1, 1, 2, 3, 3, 4, 6, 16, 19, 27, 36, 42, 45, 49"
10935,"1, 1, 1, 1, 1, 1, 2, 5, 11, 19, 21, 29, 34, 39, 39, 51"
10936,"1, 1, 2, 2, 3, 4, 7, 10, 13, 15, 29, 30, 37, 50, 52"
10937,"1, 1, 1, 1, 2, 2, 4, 14, 16, 24, 25, 29, 35, 45, 56"
10938,"1, 1, 1, 1, 2, 2, 3, 6, 8, 10, 16, 32, 34, 38, 42, 59"
10939,"1, 1, 1, 2, 3, 3, 4, 7, 9, 20, 24, 34, 69, 78"
10940,"1, 1, 1, 1, 1, 1, 2, 2, 3, 5, 5, 9, 11, 26, 35, 48, 48, 56"
10941,"1, 1, 1, 1, 1, 5, 6, 11, 12, 22, 30, 34, 36, 47, 48"
10942,"1, 1, 2, 2, 4, 4, 6, 16, 29, 33, 34, 38, 40, 46"
10943,"1, 1, 1, 1, 1, 1, 1, 2, 5, 10, 14, 15, 27, 32, 39, 51, 54"
10944,"1, 1, 1, 1, 1, 2, 5, 12, 21, 21, 25, 37, 38, 41, 49"
10945,"1, 1, 1, 1, 3, 3, 5, 11, 17, 18, 27, 34, 35, 47, 52"
10946,"1, 1, 1, 1, 1, 2, 3, 3, 3, 7, 12, 16, 26, 33, 35, 54, 57"
10947,"1, 1, 2, 3, 3, 5, 7, 19, 24, 29, 34, 35, 39, 54"
10948,"1, 1, 1, 2, 2, 5, 10, 15, 23, 24, 38, 39, 44, 51"
10949,"1, 1, 1, 1, 4, 4, 5, 6, 14, 17, 30, 36, 41, 45, 50"
10950,"1, 1, 1, 1, 1, 2, 2, 3, 5, 22, 28, 29, 33, 33, 39, 55"
10951,"1, 1, 1, 1, 2, 3, 5, 12, 13, 19, 31, 36, 37, 38, 56"
10952,"1, 1, 1, 2, 2, 3, 6, 10, 12, 21, 27, 33, 41, 46, 50"
10953,"1, 1, 1, 1, 1, 2, 2, 2, 2, 3, 16, 24, 25, 35, 36, 45, 59"
10954,"1, 1, 1, 1, 1, 2, 2, 3, 3, 7, 15, 18, 19, 33, 38, 50, 61"
10955,"1, 1, 2, 3, 4, 8, 10, 11, 14, 20, 37, 39, 52, 54"
10956,"1, 2, 2, 3, 3, 4, 6, 17, 22, 23, 38, 43, 44, 48"
10957,"1, 1, 1, 1, 2, 2, 4, 5, 7, 14, 22, 30, 38, 39, 43, 46"
10958,"1, 1, 1, 2, 2, 3, 4, 7, 21, 21, 26, 35, 36, 38, 58"
10959,"1, 1, 2, 2, 5, 6, 7, 10, 24, 25, 32, 37, 52, 52"
10960,"1, 1, 1, 1, 1, 1, 2, 2, 6, 6, 10, 19, 19, 41, 44, 47, 54"
10961,"1, 1, 1, 1, 1, 1, 1, 1, 4, 4, 21, 25, 26, 35, 37, 47, 49"
10962,"1, 1, 2, 2, 2, 3, 4, 12, 14, 22, 23, 29, 38, 45, 58"
10963,"1, 1, 2, 2, 4, 4, 12, 15, 18, 32, 35, 42, 42, 46"
10964,"1, 1, 1, 2, 2, 3, 7, 7, 15, 20, 26, 33, 40, 44, 54"
10965,"1, 1, 1, 1, 3, 3, 4, 4, 6, 12, 17, 21, 37, 44, 45, 56"
10966,"1, 1, 1, 1, 2, 2, 5, 17, 18, 20, 28, 33, 34, 42, 51"
10967,"1, 1, 1, 1, 1, 1, 1, 2, 4, 6, 14, 28, 33, 36, 37, 42, 47"
10968,"1, 1, 1, 1, 2, 2, 2, 4, 12, 13, 14, 25, 35, 45, 48, 50"
10969,"1, 1, 1, 1, 2, 5, 13, 19, 27, 28, 34, 35, 43, 46"
10970,"1, 1, 1, 1, 1, 2, 8, 12, 18, 20, 23, 36, 39, 44, 49"
10971,"1, 1, 1, 2, 2, 3, 4, 11, 14, 19, 34, 34, 34, 42, 54"
10972,"1, 1, 1, 1, 2, 3, 4, 5, 5, 12, 20, 29, 29, 41, 48, 54"
10973,"1, 1, 1, 1, 1, 1, 3, 3, 5, 7, 13, 24, 25, 27, 36, 45, 62"
10974,"1, 1, 1, 1, 1, 1, 1, 2, 2, 7, 15, 23, 29, 33, 37, 45, 56"
10975,"1, 1, 1, 1, 1, 2, 2, 3, 4, 5, 14, 21, 26, 37, 40, 42, 55"
10976,"1, 1, 1, 1, 2, 6, 6, 10, 16, 20, 22, 39, 41, 42, 48"
10977,"1, 1, 1, 2, 2, 3, 4, 5, 17, 19, 32, 34, 37, 46, 52"
10978,"1, 1, 1, 1, 2, 2, 3, 5, 11, 14, 16, 29, 32, 35, 47, 56"
10979,"1, 1, 1, 2, 2, 2, 2, 3, 3, 13, 21, 25, 36, 40, 46, 58"
10980,"1, 2, 2, 2, 3, 4, 13, 16, 19, 26, 34, 42, 44, 48"
10981,"1, 1, 1, 1, 1, 1, 2, 2, 7, 9, 12, 22, 26, 35, 39, 46, 50"
10982,"1, 1, 1, 1, 2, 6, 12, 17, 27, 27, 36, 37, 44, 44"
10983,"1, 1, 1, 1, 3, 3, 3, 4, 7, 13, 24, 27, 32, 35, 48, 53"
10984,"1, 1, 1, 1, 1, 2, 3, 6, 14, 15, 16, 23, 39, 44, 44, 45"
10985,"1, 1, 1, 1, 1, 2, 5, 6, 11, 13, 14, 23, 40, 43, 47, 47"
10986,"1, 1, 1, 2, 4, 4, 4, 6, 18, 21, 26, 40, 41, 42, 45"
10987,"1, 1, 1, 1, 1, 2, 3, 4, 6, 17, 21, 29, 31, 40, 45, 53"
10988,"1, 1, 1, 1, 2, 3, 4, 4, 8, 13, 16, 23, 40, 45, 47, 47"
10989,"1, 1, 1, 1, 1, 1, 1, 3, 4, 4, 23, 25, 26, 27, 37, 45, 55"
10990,"1, 1, 1, 1, 1, 1, 2, 3, 5, 5, 11, 20, 26, 33, 34, 54, 57"
10991,"1, 1, 1, 1, 1, 1, 2, 2, 2, 3, 8, 14, 15, 24, 37, 44, 46, 53"
10992,"1, 1, 1, 1, 2, 2, 3, 8, 9, 14, 16, 24, 28, 35, 50, 61"
10993,"1, 1, 1, 2, 2, 2, 4, 8, 12, 17, 28, 31, 36, 52, 59"
10994,"1, 1, 1, 1, 1, 2, 3, 3, 4, 17, 24, 28, 30, 30, 52, 58"
10995,"1, 1, 1, 1, 2, 2, 2, 3, 5, 5, 13, 17, 28, 32, 34, 53, 56"
10996,"1, 1, 1, 1, 1, 1, 2, 5, 5, 17, 27, 29, 32, 34, 42, 57"
10997,"1, 1, 1, 2, 3, 4, 14, 14, 18, 21, 32, 34, 53, 58"
10998,"1, 1, 1, 1, 2, 3, 4, 6, 16, 19, 25, 41, 43, 44, 49"
10999,"1, 1, 1, 1, 2, 3, 3, 5, 7, 13, 23, 24, 35, 39, 47, 51"
11000,"1, 1, 1, 3, 4, 9, 11, 13, 22, 26, 34, 39, 44, 48"
11001,"1, 1, 1, 1, 1, 1, 2, 4, 5, 6, 10, 14, 31, 34, 39, 47, 58"
11002,"1, 1, 1, 1, 1, 2, 3, 5, 13, 16, 19, 26, 35, 37, 45, 50"
11003,"1, 1, 1, 1, 1, 2, 2, 3, 4, 8, 16, 16, 22, 35, 37, 53, 53"
11004,"1, 1, 1, 1, 1, 1, 1, 2, 3, 3, 5, 17, 17, 21, 40, 43, 49, 49"
11005,"1, 1, 1, 2, 4, 4, 10, 18, 22, 26, 27, 32, 50, 58"
11006,"1, 2, 2, 3, 6, 24, 39, 81, 98"
11007,"1, 1, 2, 2, 2, 3, 4, 11, 13, 16, 24, 35, 44, 48, 50"
11008,"1, 1, 1, 2, 2, 3, 3, 4, 7, 13, 14, 26, 34, 35, 54, 56"
11009,"1, 1, 1, 1, 2, 4, 4, 8, 16, 24, 25, 35, 44, 44, 46"
11010,"1, 1, 1, 1, 1, 2, 2, 4, 9, 14, 24, 24, 29, 36, 45, 62"
11011,"1, 1, 1, 2, 2, 3, 3, 4, 6, 15, 18, 19, 41, 43, 43, 54"
11012,"1, 1, 1, 1, 1, 1, 2, 2, 5, 9, 13, 19, 30, 31, 32, 49, 58"
11013,"1, 1, 1, 1, 1, 1, 2, 3, 9, 22, 23, 25, 30, 38, 46, 52"
11014,"1, 1, 1, 1, 1, 2, 2, 2, 9, 20, 20, 28, 32, 33, 51, 52"
11015,"1, 1, 2, 3, 3, 4, 5, 6, 13, 17, 21, 31, 40, 47, 62"
11016,"1, 1, 1, 1, 2, 4, 5, 9, 18, 21, 26, 41, 41, 42, 43"
11017,"1, 1, 1, 1, 1, 1, 2, 2, 2, 4, 4, 14, 18, 27, 34, 42, 47, 54"
11018,"1, 2, 2, 3, 3, 5, 7, 19, 21, 23, 28, 32, 46, 64"
11019,"1, 1, 1, 1, 2, 3, 4, 5, 5, 14, 23, 24, 36, 38, 44, 54"
11020,"1, 1, 2, 2, 2, 4, 4, 8, 18, 21, 24, 40, 42, 43, 44"
11021,"1, 1, 1, 1, 2, 4, 4, 4, 7, 11, 13, 28, 40, 45, 45, 49"
11022,"1, 1, 2, 2, 2, 3, 5, 7, 18, 22, 29, 31, 37, 44, 52"
11023,"1, 1, 1, 1, 2, 3, 3, 5, 7, 19, 21, 21, 39, 39, 39, 54"
11024,"1, 1, 1, 1, 1, 1, 2, 6, 9, 15, 24, 31, 31, 39, 45, 48"
11025,"1, 1, 1, 2, 6, 7, 9, 12, 23, 32, 35, 38, 44, 45"
11026,"1, 1, 1, 1, 1, 2, 2, 3, 5, 5, 17, 18, 18, 33, 33, 51, 64"
11027,"1, 1, 1, 2, 2, 3, 4, 4, 8, 17, 17, 17, 32, 44, 51, 52"
11028,"1, 1, 1, 1, 1, 3, 3, 4, 6, 21, 23, 24, 37, 38, 39, 53"
11029,"1, 1, 1, 1, 1, 2, 4, 4, 10, 16, 19, 22, 30, 43, 45, 56"
11030,"1, 1, 3, 4, 4, 6, 7, 13, 17, 24, 31, 44, 45, 56"
11031,"1, 1, 1, 1, 1, 2, 2, 4, 6, 18, 20, 29, 33, 40, 45, 52"
11032,"1, 1, 1, 1, 2, 2, 3, 8, 22, 23, 25, 36, 39, 40, 52"
11033,"1, 1, 1, 1, 3, 4, 5, 6, 17, 22, 32, 33, 34, 46, 50"
11034,"1, 1, 1, 1, 2, 2, 2, 2, 5, 8, 11, 19, 29, 32, 40, 47, 53"
11035,"1, 1, 1, 1, 1, 2, 4, 5, 7, 15, 20, 22, 27, 41, 42, 66"
11036,"1, 2, 2, 2, 5, 6, 7, 17, 18, 24, 36, 44, 44, 48"
11037,"1, 1, 1, 1, 1, 4, 6, 12, 16, 18, 27, 38, 41, 44, 45"
11038,"1, 1, 2, 3, 4, 6, 7, 15, 16, 25, 34, 34, 46, 62"
11039,"1, 1, 1, 3, 5, 5, 13, 17, 17, 27, 34, 41, 45, 46"
11040,"1, 1, 1, 1, 1, 1, 3, 4, 7, 13, 16, 30, 35, 37, 47, 58"
11041,"1, 1, 1, 2, 3, 4, 5, 9, 17, 17, 24, 36, 42, 43, 51"
11042,"1, 1, 1, 1, 1, 2, 3, 3, 6, 8, 9, 18, 19, 32, 42, 51, 58"
11043,"1, 1, 1, 1, 2, 3, 5, 5, 11, 14, 15, 19, 32, 44, 47, 55"
11044,"1, 1, 2, 2, 3, 3, 7, 9, 9, 10, 24, 31, 36, 48, 70"
11045,"1, 1, 1, 1, 1, 1, 2, 3, 4, 11, 12, 18, 27, 33, 43, 47, 50"
11046,"1, 1, 1, 1, 1, 2, 2, 7, 9, 11, 17, 23, 39, 40, 45, 56"
11047,"1, 1, 1, 1, 2, 2, 4, 6, 8, 16, 20, 22, 32, 39, 43, 58"
11048,"1, 1, 1, 1, 2, 3, 5, 7, 21, 22, 23, 36, 38, 42, 53"
11049,"1, 1, 1, 1, 1, 2, 8, 12, 12, 20, 33, 34, 36, 36, 58"
11050,"1, 1, 1, 1, 3, 3, 5, 11, 15, 16, 28, 33, 35, 51, 52"
11051,"1, 1, 1, 1, 3, 4, 8, 16, 23, 34, 35, 39, 44, 46"
11052,"1, 1, 1, 2, 2, 3, 4, 7, 20, 20, 27, 35, 40, 40, 53"
11053,"1, 1, 1, 1, 1, 2, 2, 3, 4, 6, 13, 18, 26, 31, 34, 56, 56"
11054,"1, 1, 1, 2, 2, 2, 3, 5, 8, 11, 19, 22, 28, 42, 47, 62"
11055,"1, 1, 1, 1, 1, 1, 2, 3, 4, 5, 18, 24, 24, 28, 30, 48, 64"
11056,"1, 1, 1, 2, 2, 2, 3, 4, 9, 14, 15, 29, 32, 34, 51, 56"
11057,"1, 1, 1, 1, 1, 3, 7, 11, 13, 16, 33, 38, 42, 43, 45"
11058,"1, 1, 1, 1, 2, 3, 4, 4, 4, 18, 22, 26, 27, 35, 42, 65"
11059,"1, 1, 1, 1, 2, 2, 2, 7, 7, 12, 20, 22, 33, 39, 48, 58"
11060,"1, 1, 2, 3, 7, 7, 9, 11, 13, 27, 40, 44, 45, 46"
11061,"1, 1, 2, 3, 4, 5, 7, 15, 22, 23, 33, 36, 48, 56"
11062,"1, 2, 3, 4, 4, 9, 17, 24, 28, 30, 36, 38, 60"
11063,"1, 1, 1, 1, 1, 4, 4, 7, 9, 10, 16, 28, 31, 45, 48, 49"
11064,"1, 1, 1, 2, 2, 7, 8, 19, 21, 26, 28, 45, 45, 50"
11065,"1, 1, 2, 2, 2, 2, 2, 3, 4, 16, 21, 27, 32, 32, 52, 57"
11066,"1, 1, 1, 1, 1, 2, 3, 5, 11, 16, 22, 23, 28, 31, 54, 56"
11067,"1, 1, 1, 1, 1, 3, 3, 3, 4, 20, 21, 26, 34, 40, 48, 49"
11068,"1, 1, 1, 2, 2, 5, 6, 7, 10, 21, 32, 39, 40, 43, 46"
11069,"1, 1, 1, 1, 1, 2, 2, 2, 3, 7, 17, 21, 22, 23, 37, 53, 62"
11070,"1, 1, 2, 2, 2, 2, 5, 8, 15, 18, 25, 33, 38, 50, 54"
11071,"1, 1, 1, 2, 3, 5, 29, 35, 68, 111"
11072,"1, 1, 1, 1, 2, 2, 2, 6, 10, 12, 12, 22, 40, 40, 48, 56"
11073,"1, 2, 3, 4, 4, 4, 12, 12, 15, 23, 40, 42, 46, 48"
11074,"1, 1, 1, 1, 1, 2, 2, 3, 3, 7, 11, 20, 27, 33, 34, 53, 56"
11075,"1, 1, 1, 1, 2, 2, 2, 3, 3, 4, 16, 19, 28, 31, 32, 53, 57"
11076,"1, 1, 1, 2, 3, 3, 4, 7, 15, 19, 21, 40, 42, 44, 53"
11077,"1, 1, 1, 1, 2, 3, 7, 9, 14, 20, 29, 39, 39, 42, 48"
11078,"1, 1, 1, 1, 1, 2, 2, 9, 21, 22, 26, 37, 41, 45, 46"
11079,"1, 1, 1, 1, 2, 5, 11, 18, 25, 28, 34, 39, 44, 46"
11080,"1, 1, 1, 1, 1, 1, 2, 9, 11, 13, 18, 26, 35, 36, 43, 57"
11081,"1, 1, 1, 1, 2, 3, 4, 6, 10, 15, 15, 16, 28, 41, 47, 65"
11082,"1, 1, 1, 2, 2, 2, 4, 4, 4, 14, 15, 30, 36, 38, 47, 55"
11083,"1, 1, 2, 4, 4, 5, 9, 16, 22, 26, 36, 36, 44, 50"
11084,"1, 1, 1, 2, 3, 6, 8, 10, 30, 33, 51, 52, 58"
11085,"1, 1, 1, 1, 2, 3, 4, 7, 21, 22, 23, 29, 46, 47, 48"
11086,"1, 1, 1, 1, 1, 1, 2, 4, 4, 4, 10, 20, 31, 32, 35, 47, 61"
11087,"1, 1, 1, 1, 2, 3, 4, 10, 18, 24, 33, 35, 37, 42, 44"
11088,"1, 1, 1, 1, 2, 2, 2, 3, 3, 5, 15, 20, 22, 38, 40, 44, 56"
11089,"1, 1, 2, 2, 2, 3, 5, 11, 15, 17, 28, 41, 42, 42, 44"
11090,"1, 1, 1, 2, 2, 5, 5, 7, 15, 21, 29, 36, 40, 40, 51"
11091,"1, 1, 1, 2, 3, 4, 8, 9, 12, 17, 24, 35, 35, 52, 52"
11092,"1, 1, 1, 2, 3, 4, 7, 9, 18, 19, 19, 25, 38, 42, 67"
11093,"1, 1, 2, 2, 7, 31, 46, 78, 88"
11094,"1, 1, 2, 4, 5, 31, 39, 82, 91"
11095,"1, 1, 1, 1, 1, 3, 4, 4, 6, 17, 20, 21, 39, 39, 45, 53"
11096,"1, 1, 1, 1, 2, 4, 5, 7, 14, 25, 28, 38, 42, 42, 45"
11097,"1, 1, 1, 1, 2, 4, 6, 12, 12, 19, 20, 39, 44, 46, 48"
11098,"1, 1, 1, 1, 1, 1, 1, 2, 7, 9, 11, 24, 28, 32, 37, 48, 51"
11099,"1, 1, 1, 2, 4, 6, 12, 14, 15, 30, 36, 42, 45, 47"
11100,"1, 1, 1, 1, 2, 2, 3, 5, 6, 19, 19, 21, 38, 39, 43, 55"
11101,"1, 1, 1, 1, 3, 3, 7, 9, 15, 20, 27, 33, 34, 48, 53"
11102,"1, 1, 1, 1, 3, 4, 5, 6, 19, 20, 21, 40, 42, 46, 46"
11103,"1, 1, 1, 1, 2, 2, 2, 5, 6, 13, 17, 24, 32, 44, 48, 57"
11104,"1, 1, 2, 4, 7, 25, 41, 86, 89"
11105,"1, 1, 1, 2, 5, 5, 10, 12, 20, 30, 34, 41, 44, 50"
11106,"1, 1, 1, 2, 3, 3, 9, 19, 24, 27, 34, 41, 44, 47"
11107,"1, 1, 1, 2, 2, 2, 4, 8, 16, 21, 32, 33, 36, 44, 53"
11108,"1, 1, 1, 1, 2, 2, 4, 10, 21, 22, 29, 32, 40, 44, 46"
11109,"1, 1, 1, 2, 2, 2, 4, 5, 8, 15, 17, 22, 36, 43, 43, 54"
11110,"1, 1, 1, 1, 1, 2, 3, 5, 7, 20, 20, 23, 33, 43, 46, 49"
11111,"1, 1, 1, 1, 1, 1, 2, 2, 12, 23, 26, 28, 33, 35, 40, 49"
11112,"1, 1, 1, 1, 1, 2, 3, 5, 9, 11, 22, 26, 35, 39, 47, 52"
11113,"1, 1, 1, 1, 1, 1, 3, 17, 17, 19, 32, 32, 43, 43, 44"
11114,"1, 1, 1, 1, 2, 2, 5, 7, 9, 11, 15, 20, 39, 40, 49, 53"
11115,"1, 1, 1, 1, 1, 1, 2, 2, 5, 8, 13, 23, 31, 31, 37, 45, 53"
11116,"1, 1, 1, 2, 2, 2, 5, 6, 6, 11, 17, 24, 36, 44, 47, 51"
11117,"1, 1, 1, 3, 4, 8, 8, 14, 22, 23, 31, 35, 48, 57"
11118,"1, 1, 1, 1, 2, 2, 3, 4, 12, 14, 17, 24, 28, 40, 52, 54"
11119,"1, 1, 1, 2, 2, 3, 3, 5, 5, 16, 19, 20, 30, 32, 54, 62"
11120,"1, 1, 1, 1, 1, 1, 1, 3, 9, 23, 25, 28, 34, 38, 38, 51"
11121,"1, 1, 1, 1, 1, 2, 3, 5, 7, 15, 23, 26, 36, 43, 45, 46"
11122,"1, 1, 1, 1, 1, 1, 1, 1, 3, 3, 4, 14, 17, 25, 35, 36, 53, 58"
11123,"1, 1, 1, 1, 2, 3, 3, 4, 7, 15, 16, 29, 37, 37, 49, 50"
11124,"1, 1, 1, 1, 2, 2, 3, 3, 17, 28, 29, 32, 33, 43, 60"
11125,"1, 1, 2, 2, 3, 4, 5, 6, 17, 22, 22, 27, 38, 42, 64"
11126,"1, 1, 1, 1, 2, 2, 3, 3, 7, 18, 21, 24, 38, 38, 42, 54"
11127,"1, 1, 1, 1, 1, 3, 5, 5, 9, 11, 14, 21, 37, 37, 49, 60"
11128,"1, 2, 2, 5, 6, 7, 7, 12, 21, 21, 28, 40, 46, 58"
11129,"1, 1, 1, 1, 1, 1, 1, 3, 4, 7, 18, 20, 22, 31, 39, 44, 61"
11130,"1, 1, 1, 1, 4, 4, 4, 6, 20, 20, 20, 37, 39, 42, 56"
11131,"1, 1, 1, 2, 2, 3, 3, 4, 6, 14, 20, 27, 31, 40, 46, 55"
11132,"1, 1, 1, 1, 2, 3, 4, 4, 6, 12, 20, 24, 38, 39, 39, 61"
11133,"1, 1, 1, 1, 2, 2, 2, 4, 7, 12, 20, 30, 31, 40, 48, 54"
11134,"1, 3, 3, 4, 8, 8, 17, 18, 27, 31, 36, 44, 56"
11135,"1, 1, 1, 2, 3, 4, 16, 18, 21, 27, 33, 42, 43, 44"
11136,"1, 1, 1, 2, 2, 4, 6, 22, 24, 26, 31, 43, 46, 47"
11137,"1, 1, 1, 1, 1, 1, 2, 3, 6, 11, 11, 14, 25, 37, 43, 49, 49"
11138,"1, 1, 1, 2, 2, 4, 5, 11, 14, 20, 23, 38, 40, 46, 48"
11139,"1, 1, 1, 2, 2, 2, 3, 11, 19, 22, 28, 34, 34, 47, 49"
11140,"1, 1, 1, 1, 1, 5, 7, 7, 11, 22, 28, 38, 43, 44, 46"
11141,"1, 1, 1, 1, 1, 1, 1, 2, 4, 10, 18, 18, 23, 34, 38, 50, 52"
11142,"1, 1, 1, 2, 3, 3, 3, 3, 7, 11, 19, 25, 41, 43, 46, 47"
11143,"1, 1, 1, 2, 3, 3, 4, 5, 15, 26, 27, 32, 34, 46, 56"
11144,"1, 1, 2, 2, 2, 4, 4, 4, 20, 22, 23, 28, 29, 48, 66"
11145,"1, 1, 1, 1, 2, 4, 6, 12, 12, 24, 30, 31, 38, 46, 47"
11146,"1, 1, 2, 2, 3, 5, 6, 8, 13, 17, 29, 35, 38, 42, 54"
11147,"1, 1, 1, 2, 2, 2, 4, 5, 6, 10, 14, 21, 37, 46, 50, 54"
11148,"1, 1, 1, 1, 2, 5, 7, 9, 13, 21, 33, 37, 40, 41, 44"
11149,"1, 1, 1, 2, 2, 3, 3, 11, 14, 18, 33, 36, 40, 42, 49"
11150,"1, 1, 1, 2, 2, 3, 4, 8, 15, 16, 32, 36, 37, 44, 54"
11151,"1, 1, 1, 1, 1, 1, 3, 4, 10, 19, 23, 25, 35, 39, 43, 49"
11152,"1, 1, 1, 2, 2, 2, 2, 6, 6, 14, 16, 26, 40, 42, 46, 49"
11153,"1, 1, 1, 2, 3, 6, 13, 16, 19, 23, 34, 37, 42, 58"
11154,"1, 1, 1, 3, 3, 4, 5, 11, 11, 15, 27, 32, 44, 48, 50"
11155,"1, 1, 1, 1, 1, 1, 2, 3, 5, 5, 15, 19, 25, 34, 41, 46, 55"
11156,"1, 1, 1, 1, 1, 1, 2, 4, 4, 6, 14, 16, 24, 37, 44, 46, 53"
11157,"1, 1, 1, 1, 2, 4, 4, 10, 18, 19, 23, 33, 34, 43, 62"
11158,"1, 1, 1, 1, 1, 1, 4, 4, 4, 4, 14, 22, 26, 30, 33, 53, 56"
11159,"1, 1, 1, 1, 1, 3, 3, 6, 9, 14, 20, 29, 31, 41, 44, 51"
11160,"1, 1, 1, 1, 2, 4, 5, 14, 14, 17, 28, 37, 40, 41, 50"
11161,"1, 1, 1, 1, 1, 2, 2, 4, 5, 6, 22, 33, 49, 63, 65"
11162,"1, 1, 1, 2, 4, 6, 6, 24, 24, 26, 28, 44, 44, 45"
11163,"1, 1, 1, 2, 7, 9, 13, 13, 16, 28, 33, 38, 42, 52"
11164,"1, 1, 1, 1, 3, 3, 3, 3, 9, 9, 17, 23, 34, 38, 51, 59"
11165,"1, 1, 1, 3, 3, 3, 5, 5, 13, 22, 29, 34, 37, 46, 53"
11166,"1, 1, 1, 1, 1, 2, 5, 6, 10, 13, 16, 23, 34, 45, 47, 50"
11167,"1, 1, 1, 2, 2, 2, 3, 4, 7, 16, 19, 23, 32, 39, 52, 52"
11168,"1, 1, 1, 1, 1, 2, 2, 3, 6, 10, 10, 12, 18, 40, 47, 49, 52"
11169,"1, 1, 1, 2, 4, 4, 4, 6, 16, 22, 23, 31, 34, 53, 54"
11170,"1, 1, 1, 2, 3, 7, 11, 19, 19, 22, 40, 41, 43, 46"
11171,"1, 1, 1, 1, 4, 5, 15, 17, 18, 32, 34, 36, 36, 55"
11172,"1, 1, 1, 1, 1, 3, 3, 5, 5, 17, 26, 31, 35, 37, 41, 48"
11173,"1, 1, 1, 1, 1, 2, 4, 5, 9, 12, 20, 23, 40, 41, 47, 48"
11174,"1, 1, 1, 2, 3, 6, 12, 19, 23, 26, 36, 38, 42, 46"
11175,"1, 1, 1, 1, 2, 6, 6, 7, 17, 21, 21, 31, 31, 50, 60"
11176,"1, 1, 1, 1, 1, 1, 3, 4, 7, 10, 16, 28, 34, 45, 49, 54"
11177,"1, 1, 1, 1, 1, 2, 2, 2, 5, 7, 17, 20, 26, 26, 32, 49, 63"
11178,"1, 1, 2, 2, 2, 2, 4, 4, 6, 12, 21, 24, 37, 38, 44, 56"
11179,"1, 1, 2, 2, 3, 3, 5, 5, 19, 21, 25, 32, 34, 47, 56"
11180,"1, 1, 1, 2, 2, 2, 2, 3, 9, 9, 19, 28, 34, 34, 51, 58"
11181,"1, 1, 1, 1, 1, 2, 5, 9, 16, 21, 22, 39, 41, 46, 50"
11182,"1, 1, 1, 2, 2, 5, 14, 20, 23, 25, 27, 34, 45, 56"
11183,"1, 1, 1, 2, 2, 2, 4, 5, 5, 16, 18, 20, 36, 40, 50, 53"
11184,"1, 1, 1, 2, 2, 3, 3, 15, 18, 20, 24, 29, 31, 52, 54"
11185,"1, 1, 1, 1, 1, 1, 1, 2, 4, 4, 4, 11, 21, 27, 28, 34, 55, 59"
11186,"1, 1, 1, 1, 3, 3, 5, 7, 19, 23, 24, 37, 38, 42, 51"
11187,"1, 2, 2, 2, 4, 4, 4, 6, 15, 16, 20, 34, 40, 52, 54"
11188,"1, 1, 1, 2, 2, 6, 26, 43, 85, 89"
11189,"1, 1, 1, 3, 4, 4, 14, 19, 20, 27, 33, 40, 43, 46"
11190,"1, 1, 1, 1, 2, 2, 2, 2, 3, 9, 11, 13, 24, 37, 48, 48, 51"
11191,"1, 1, 1, 2, 2, 2, 3, 3, 5, 17, 22, 23, 36, 37, 41, 60"
11192,"1, 1, 1, 4, 5, 10, 11, 12, 13, 23, 30, 36, 42, 67"
11193,"1, 1, 1, 1, 2, 2, 2, 3, 6, 13, 16, 36, 39, 43, 44, 46"
11194,"1, 1, 1, 1, 1, 2, 2, 6, 10, 14, 20, 23, 31, 40, 47, 56"
11195,"1, 1, 1, 2, 2, 3, 4, 8, 18, 19, 25, 33, 41, 44, 54"
11196,"1, 1, 1, 1, 1, 2, 2, 3, 4, 10, 12, 13, 22, 30, 47, 50, 56"
11197,"1, 1, 1, 1, 1, 2, 2, 6, 6, 14, 21, 23, 37, 43, 48, 49"
11198,"1, 1, 1, 1, 1, 2, 3, 4, 5, 17, 26, 27, 33, 41, 43, 50"
11199,"1, 1, 1, 1, 1, 2, 4, 8, 23, 24, 28, 29, 38, 47, 48"
11200,"1, 1, 1, 1, 2, 2, 6, 12, 16, 23, 30, 31, 32, 46, 52"
11201,"1, 1, 1, 2, 3, 5, 12, 15, 20, 29, 32, 42, 44, 49"
11202,"1, 1, 1, 3, 3, 4, 6, 7, 14, 18, 26, 34, 37, 48, 53"
11203,"1, 1, 1, 2, 2, 4, 6, 10, 16, 23, 27, 35, 36, 44, 48"
11204,"1, 1, 1, 2, 2, 2, 3, 5, 10, 11, 15, 29, 39, 40, 44, 51"
11205,"1, 1, 1, 1, 1, 2, 2, 3, 5, 7, 17, 19, 22, 35, 39, 47, 53"
11206,"1, 1, 1, 1, 1, 1, 2, 3, 5, 6, 12, 16, 25, 36, 45, 49, 51"
11207,"1, 1, 1, 2, 3, 3, 4, 4, 5, 6, 7, 20, 35, 38, 56, 70"
11208,"1, 1, 1, 1, 2, 5, 8, 10, 13, 19, 21, 40, 43, 45, 46"
11209,"1, 1, 1, 1, 1, 1, 2, 7, 12, 15, 16, 27, 34, 41, 43, 53"
11210,"1, 1, 1, 1, 1, 1, 1, 2, 2, 3, 5, 12, 19, 29, 41, 42, 46, 48"
11211,"1, 1, 1, 3, 3, 3, 4, 8, 14, 21, 25, 37, 43, 44, 48"
11212,"1, 1, 2, 4, 5, 8, 24, 25, 26, 29, 42, 44, 45"
11213,"1, 1, 1, 1, 1, 1, 2, 3, 3, 5, 5, 11, 16, 17, 43, 45, 47, 53"
11214,"1, 1, 1, 2, 2, 5, 8, 10, 11, 19, 20, 40, 43, 46, 47"
11215,"1, 1, 1, 1, 1, 1, 4, 6, 8, 14, 22, 31, 39, 40, 41, 45"
11216,"1, 1, 1, 1, 3, 4, 5, 9, 12, 15, 25, 38, 43, 46, 52"
11217,"1, 1, 1, 1, 1, 1, 2, 7, 9, 17, 18, 23, 38, 39, 47, 50"
11218,"1, 1, 1, 1, 2, 2, 6, 13, 14, 19, 28, 33, 34, 50, 51"
11219,"1, 1, 1, 1, 1, 1, 1, 2, 3, 9, 22, 22, 27, 31, 43, 43, 47"
11220,"1, 1, 1, 1, 2, 3, 4, 8, 8, 11, 12, 26, 33, 40, 48, 57"
11221,"1, 1, 1, 1, 1, 2, 5, 11, 17, 23, 25, 31, 38, 45, 54"
11222,"1, 1, 1, 1, 1, 1, 3, 6, 8, 13, 25, 29, 38, 41, 42, 45"
11223,"1, 1, 2, 2, 5, 6, 15, 15, 18, 23, 38, 38, 44, 48"
11224,"1, 1, 1, 1, 3, 3, 3, 5, 5, 11, 21, 23, 35, 40, 47, 56"
11225,"1, 1, 2, 3, 3, 9, 10, 10, 21, 27, 33, 34, 50, 52"
11226,"1, 1, 1, 1, 1, 1, 2, 2, 4, 7, 14, 16, 17, 38, 45, 47, 58"
11227,"1, 1, 1, 1, 2, 2, 4, 5, 11, 12, 15, 30, 32, 41, 43, 55"
11228,"1, 1, 2, 3, 6, 8, 10, 14, 16, 27, 32, 38, 48, 50"
11229,"1, 1, 1, 1, 2, 2, 2, 2, 3, 7, 17, 18, 20, 33, 34, 52, 60"
11230,"1, 1, 2, 3, 6, 14, 17, 21, 24, 34, 42, 43, 48"
11231,"1, 1, 1, 1, 2, 2, 4, 4, 10, 14, 22, 30, 31, 38, 45, 50"
11232,"1, 1, 1, 2, 3, 3, 6, 6, 14, 19, 25, 33, 42, 44, 56"
11233,"1, 1, 1, 1, 2, 2, 3, 8, 16, 17, 19, 32, 40, 51, 62"
11234,"1, 1, 1, 1, 1, 1, 2, 3, 5, 7, 15, 20, 23, 33, 39, 48, 55"
11235,"1, 1, 1, 2, 3, 4, 4, 7, 11, 20, 31, 32, 42, 48, 49"
11236,"1, 1, 1, 1, 2, 3, 3, 9, 19, 22, 30, 39, 41, 42, 42"
11237,"1, 1, 1, 1, 1, 2, 3, 3, 3, 4, 15, 22, 22, 37, 37, 47, 56"
11238,"1, 1, 2, 2, 3, 4, 14, 19, 20, 27, 33, 42, 42, 46"
11239,"1, 1, 1, 1, 2, 4, 8, 10, 18, 20, 25, 32, 37, 46, 50"
11240,"1, 1, 1, 1, 3, 3, 3, 4, 8, 13, 14, 27, 33, 43, 48, 53"
11241,"1, 1, 1, 1, 2, 2, 3, 3, 9, 14, 16, 29, 37, 39, 44, 54"
11242,"1, 1, 1, 1, 2, 2, 2, 2, 6, 20, 20, 31, 31, 40, 41, 55"
11243,"1, 1, 1, 1, 1, 2, 2, 4, 10, 18, 21, 24, 34, 38, 48, 50"
11244,"1, 1, 1, 1, 1, 2, 4, 6, 6, 12, 23, 28, 38, 41, 44, 47"
11245,"1, 1, 1, 1, 1, 2, 2, 2, 10, 20, 23, 26, 30, 36, 49, 51"
11246,"1, 1, 1, 2, 3, 3, 5, 5, 17, 22, 27, 36, 41, 44, 48"
11247,"1, 1, 3, 5, 6, 10, 13, 23, 30, 32, 34, 47, 51"
11248,"1, 1, 1, 2, 2, 2, 3, 5, 5, 17, 25, 26, 34, 35, 42, 55"
11249,"1, 1, 2, 3, 3, 10, 11, 12, 18, 25, 32, 36, 42, 60"
11250,"1, 1, 1, 1, 1, 2, 2, 4, 6, 18, 22, 27, 32, 39, 43, 56"
11251,"1, 1, 1, 2, 4, 6, 8, 20, 26, 28, 34, 36, 41, 48"
11252,"1, 1, 1, 1, 2, 6, 6, 7, 15, 19, 19, 37, 44, 46, 51"
11253,"1, 1, 1, 2, 2, 2, 7, 7, 19, 25, 26, 28, 41, 42, 52"
11254,"1, 1, 1, 1, 2, 2, 3, 3, 5, 18, 31, 31, 44, 55, 58"
11255,"1, 1, 1, 1, 2, 2, 3, 5, 9, 14, 25, 28, 29, 31, 49, 55"
11256,"1, 1, 2, 3, 4, 8, 10, 14, 21, 29, 31, 40, 42, 50"
11257,"1, 1, 1, 1, 1, 2, 2, 3, 5, 5, 15, 16, 23, 35, 38, 51, 56"
11258,"1, 1, 1, 2, 2, 2, 3, 3, 3, 4, 13, 17, 24, 33, 35, 55, 57"
11259,"1, 1, 1, 2, 2, 3, 3, 3, 9, 12, 15, 29, 30, 31, 52, 62"
11260,"1, 1, 1, 2, 5, 5, 8, 14, 23, 24, 32, 46, 46, 48"
11261,"1, 1, 1, 2, 2, 2, 3, 4, 6, 12, 19, 26, 32, 42, 46, 57"
11262,"1, 1, 1, 1, 1, 1, 2, 3, 9, 17, 19, 24, 35, 38, 51, 52"
11263,"1, 1, 2, 3, 6, 6, 8, 12, 17, 20, 41, 45, 46, 48"
11264,"1, 1, 1, 1, 2, 2, 2, 5, 9, 12, 20, 23, 25, 42, 48, 62"
11265,"1, 1, 1, 1, 1, 1, 1, 3, 3, 4, 6, 13, 18, 21, 40, 41, 47, 53"
11266,"1, 1, 1, 1, 1, 1, 1, 2, 3, 7, 15, 16, 29, 33, 35, 53, 56"
11267,"1, 1, 1, 2, 2, 3, 5, 11, 16, 22, 24, 32, 34, 44, 58"
11268,"1, 1, 1, 1, 2, 2, 3, 12, 15, 21, 27, 36, 41, 43, 50"
11269,"1, 1, 1, 1, 1, 2, 3, 3, 4, 7, 14, 17, 18, 40, 43, 47, 53"
11270,"1, 1, 1, 2, 4, 5, 6, 8, 13, 22, 27, 31, 32, 45, 58"
11271,"1, 1, 1, 1, 2, 3, 7, 11, 13, 17, 26, 34, 44, 45, 50"
11272,"1, 1, 2, 3, 3, 7, 9, 17, 23, 27, 33, 38, 44, 48"
11273,"1, 1, 2, 2, 4, 5, 14, 15, 25, 30, 31, 36, 44, 46"
11274,"1, 1, 1, 1, 2, 2, 2, 3, 13, 17, 20, 24, 33, 36, 48, 52"
11275,"1, 1, 1, 2, 3, 3, 6, 7, 14, 24, 25, 35, 35, 45, 54"
11276,"1, 1, 1, 1, 2, 2, 3, 3, 4, 17, 23, 23, 29, 29, 51, 66"
11277,"1, 1, 1, 1, 1, 3, 3, 6, 6, 13, 20, 27, 38, 43, 44, 48"
11278,"1, 1, 2, 2, 3, 5, 6, 6, 9, 22, 26, 27, 34, 52, 60"
11279,"1, 1, 2, 2, 2, 2, 5, 7, 16, 20, 28, 34, 42, 42, 52"
11280,"1, 1, 1, 1, 2, 3, 6, 10, 15, 25, 27, 33, 40, 45, 46"
11281,"1, 1, 1, 1, 4, 8, 28, 39, 75, 98"
11282,"1, 1, 1, 2, 2, 3, 4, 4, 21, 22, 25, 26, 40, 48, 56"
11283,"1, 1, 1, 2, 3, 5, 6, 6, 21, 21, 25, 27, 31, 46, 60"
11284,"1, 1, 1, 1, 1, 1, 4, 6, 9, 16, 20, 21, 30, 32, 50, 62"
11285,"1, 1, 1, 1, 2, 3, 4, 11, 14, 21, 26, 32, 41, 46, 52"
11286,"1, 1, 2, 2, 2, 3, 4, 10, 15, 20, 29, 36, 39, 44, 48"
11287,"1, 1, 2, 2, 2, 3, 7, 7, 11, 19, 33, 36, 42, 44, 46"
11288,"1, 1, 1, 1, 1, 2, 3, 5, 5, 17, 23, 25, 36, 38, 43, 54"
11289,"1, 1, 2, 3, 4, 4, 6, 6, 12, 22, 24, 34, 37, 48, 52"
11290,"1, 1, 1, 1, 2, 5, 8, 17, 19, 25, 37, 41, 44, 54"
11291,"1, 1, 1, 1, 1, 2, 3, 6, 6, 18, 21, 22, 35, 44, 47, 47"
11292,"1, 1, 1, 1, 1, 2, 2, 4, 7, 7, 12, 14, 24, 31, 35, 50, 63"
11293,"1, 1, 1, 1, 1, 2, 2, 5, 7, 13, 20, 23, 30, 42, 43, 64"
11294,"1, 2, 2, 3, 3, 3, 5, 19, 25, 29, 34, 34, 42, 54"
11295,"1, 1, 1, 2, 3, 10, 10, 12, 22, 25, 36, 38, 42, 53"
11296,"1, 1, 1, 1, 2, 2, 3, 4, 4, 5, 11, 21, 21, 31, 39, 45, 64"
11297,"1, 1, 1, 2, 3, 6, 8, 21, 26, 30, 32, 40, 42, 43"
11298,"1, 1, 1, 1, 1, 5, 9, 9, 13, 18, 29, 41, 41, 42, 44"
11299,"1, 1, 2, 2, 2, 3, 3, 7, 15, 22, 30, 38, 40, 44, 46"
11300,"1, 1, 1, 2, 3, 4, 4, 8, 17, 21, 22, 37, 41, 42, 52"
11301,"1, 1, 1, 1, 2, 2, 2, 3, 5, 7, 9, 14, 30, 38, 46, 46, 48"
11302,"1, 1, 1, 2, 2, 3, 7, 9, 15, 20, 21, 40, 41, 45, 48"
11303,"1, 1, 1, 3, 4, 7, 12, 17, 20, 27, 33, 34, 48, 48"
11304,"1, 1, 1, 1, 1, 3, 5, 9, 15, 21, 24, 39, 41, 45, 49"
11305,"1, 1, 1, 1, 1, 1, 1, 1, 5, 5, 17, 25, 30, 31, 37, 45, 53"
11306,"1, 1, 1, 2, 2, 3, 4, 5, 6, 13, 22, 26, 30, 38, 41, 61"
11307,"1, 1, 1, 2, 2, 3, 4, 5, 21, 23, 24, 26, 37, 46, 60"
11308,"1, 1, 1, 1, 2, 3, 6, 10, 18, 20, 20, 35, 39, 49, 50"
11309,"1, 2, 2, 4, 9, 11, 14, 25, 26, 36, 36, 44, 46"
11310,"1, 1, 1, 1, 6, 8, 9, 13, 23, 29, 33, 34, 48, 49"
11311,"1, 1, 1, 1, 1, 2, 3, 7, 9, 16, 25, 25, 26, 30, 53, 55"
11312,"1, 1, 1, 1, 1, 2, 3, 3, 4, 8, 14, 18, 19, 39, 43, 47, 51"
11313,"1, 1, 1, 2, 2, 3, 5, 9, 16, 19, 30, 34, 40, 46, 47"
11314,"1, 1, 1, 1, 2, 4, 5, 6, 18, 20, 25, 36, 42, 45, 49"
11315,"1, 2, 2, 2, 2, 5, 9, 20, 22, 23, 38, 40, 42, 48"
11316,"1, 1, 1, 2, 3, 4, 6, 6, 12, 21, 33, 34, 40, 46, 46"
11317,"1, 1, 1, 1, 1, 2, 2, 7, 7, 18, 24, 27, 29, 41, 42, 52"
11318,"1, 1, 1, 1, 2, 6, 6, 10, 12, 17, 30, 32, 44, 45, 48"
11319,"1, 1, 1, 1, 1, 1, 2, 2, 3, 7, 20, 23, 23, 29, 30, 50, 61"
11320,"1, 1, 1, 1, 1, 1, 2, 4, 10, 22, 23, 25, 37, 37, 39, 51"
11321,"1, 1, 1, 2, 2, 3, 4, 11, 17, 18, 22, 37, 41, 44, 52"
11322,"1, 1, 1, 1, 2, 6, 10, 16, 24, 28, 34, 37, 47, 48"
11323,"1, 1, 1, 1, 1, 2, 2, 2, 2, 2, 7, 11, 12, 28, 40, 41, 47, 55"
11324,"1, 1, 1, 1, 2, 2, 3, 3, 5, 15, 21, 25, 34, 37, 45, 60"
11325,"1, 1, 2, 2, 3, 5, 15, 17, 19, 22, 29, 44, 44, 52"
11326,"1, 1, 1, 1, 1, 2, 2, 2, 3, 5, 15, 25, 27, 28, 31, 55, 56"
11327,"1, 1, 1, 2, 2, 2, 2, 3, 6, 19, 22, 24, 34, 40, 42, 55"
11328,"1, 1, 2, 3, 8, 10, 16, 27, 27, 33, 36, 46, 46"
11329,"1, 1, 1, 3, 5, 5, 5, 6, 13, 22, 24, 25, 27, 56, 62"
11330,"1, 1, 1, 1, 2, 2, 2, 2, 2, 10, 12, 13, 24, 32, 36, 51, 64"
11331,"1, 1, 1, 2, 2, 3, 5, 9, 11, 16, 34, 36, 42, 44, 49"
11332,"1, 1, 1, 2, 2, 3, 4, 10, 16, 21, 26, 32, 33, 50, 54"
11333,"1, 1, 1, 1, 1, 1, 2, 4, 6, 18, 26, 26, 31, 31, 53, 53"
11334,"1, 1, 1, 1, 3, 4, 4, 10, 12, 17, 30, 32, 43, 47, 50"
11335,"1, 1, 1, 1, 2, 2, 8, 10, 14, 19, 32, 35, 38, 38, 54"
11336,"1, 1, 1, 1, 3, 3, 3, 4, 7, 12, 15, 29, 31, 45, 48, 52"
11337,"1, 1, 1, 1, 1, 1, 5, 6, 9, 14, 14, 24, 39, 43, 47, 49"
11338,"1, 1, 1, 1, 2, 2, 4, 6, 10, 12, 21, 29, 30, 31, 47, 58"
11339,"1, 1, 1, 1, 1, 2, 5, 7, 8, 12, 16, 24, 37, 43, 46, 51"
11340,"1, 1, 1, 1, 1, 2, 5, 5, 11, 15, 17, 25, 33, 35, 48, 55"
11341,"1, 1, 1, 1, 2, 2, 7, 7, 18, 26, 28, 30, 40, 42, 50"
11342,"1, 1, 1, 1, 1, 1, 1, 3, 5, 5, 19, 23, 24, 29, 41, 47, 53"
11343,"1, 1, 1, 1, 2, 2, 4, 5, 6, 11, 21, 28, 38, 40, 46, 49"
11344,"1, 1, 1, 2, 2, 3, 7, 9, 15, 20, 26, 32, 40, 44, 53"
11345,"1, 1, 1, 5, 6, 12, 19, 26, 26, 31, 38, 44, 46"
11346,"1, 1, 3, 4, 4, 7, 7, 18, 22, 22, 26, 33, 50, 58"
11347,"1, 2, 2, 2, 2, 3, 3, 10, 16, 17, 22, 38, 38, 42, 58"
11348,"1, 1, 1, 2, 4, 4, 10, 22, 23, 28, 31, 38, 40, 51"
11349,"1, 1, 1, 1, 3, 6, 6, 8, 10, 16, 30, 35, 43, 44, 51"
11350,"1, 1, 1, 1, 2, 2, 2, 7, 11, 15, 16, 20, 40, 44, 45, 48"
11351,"1, 1, 1, 4, 6, 10, 22, 23, 24, 36, 39, 41, 48"
11352,"1, 1, 1, 1, 1, 2, 2, 6, 9, 17, 19, 20, 38, 41, 42, 55"
11353,"1, 1, 1, 1, 2, 5, 6, 7, 20, 22, 30, 31, 39, 44, 46"
11354,"1, 1, 1, 1, 1, 2, 2, 2, 3, 7, 15, 17, 17, 35, 38, 46, 67"
11355,"1, 1, 1, 1, 1, 1, 2, 5, 9, 15, 22, 28, 31, 39, 46, 53"
11356,"1, 1, 1, 3, 3, 7, 13, 16, 19, 29, 32, 38, 45, 48"
11357,"1, 2, 2, 3, 4, 7, 9, 14, 21, 25, 36, 38, 46, 48"
11358,"1, 1, 1, 1, 2, 2, 4, 4, 8, 16, 20, 24, 36, 40, 41, 55"
11359,"1, 1, 1, 1, 2, 2, 2, 3, 8, 17, 24, 24, 36, 44, 45, 45"
11360,"1, 1, 2, 3, 4, 4, 4, 6, 14, 18, 28, 32, 39, 46, 54"
11361,"1, 1, 1, 3, 3, 9, 9, 12, 20, 21, 31, 40, 45, 60"
11362,"1, 1, 1, 2, 2, 2, 2, 3, 6, 15, 20, 20, 36, 40, 50, 55"
11363,"1, 1, 1, 1, 3, 4, 4, 8, 16, 20, 23, 31, 36, 51, 56"
11364,"1, 1, 1, 1, 2, 3, 4, 5, 7, 13, 19, 29, 30, 41, 45, 54"
11365,"1, 1, 1, 2, 4, 4, 10, 18, 29, 32, 34, 37, 41, 42"
11366,"1, 1, 1, 2, 2, 3, 3, 5, 6, 14, 15, 25, 33, 38, 51, 56"
11367,"1, 1, 1, 2, 2, 2, 3, 3, 11, 13, 17, 34, 34, 35, 41, 56"
11368,"1, 1, 1, 2, 2, 2, 3, 4, 5, 14, 21, 27, 34, 40, 45, 54"
11369,"1, 1, 1, 1, 2, 2, 5, 7, 21, 22, 27, 34, 39, 41, 52"
11370,"1, 1, 1, 1, 1, 2, 3, 4, 14, 14, 14, 25, 35, 45, 47, 48"
11371,"1, 1, 1, 2, 2, 2, 2, 4, 8, 12, 17, 21, 34, 38, 49, 62"
11372,"1, 1, 1, 2, 4, 5, 7, 17, 23, 32, 33, 34, 46, 50"
11373,"1, 1, 1, 1, 1, 1, 1, 7, 13, 18, 19, 27, 35, 37, 43, 50"
11374,"1, 1, 1, 1, 1, 1, 3, 4, 9, 21, 22, 24, 29, 38, 38, 62"
11375,"1, 2, 3, 3, 4, 5, 7, 14, 19, 24, 33, 41, 48, 52"
11376,"1, 1, 1, 1, 1, 3, 4, 4, 10, 14, 14, 29, 39, 41, 45, 48"
11377,"1, 1, 1, 1, 2, 3, 3, 4, 11, 18, 18, 21, 30, 42, 43, 57"
11378,"1, 1, 1, 1, 1, 2, 4, 5, 5, 14, 21, 25, 33, 36, 49, 57"
11379,"1, 1, 1, 1, 2, 2, 2, 3, 5, 18, 26, 29, 33, 33, 43, 56"
11380,"1, 1, 1, 1, 1, 2, 3, 3, 7, 13, 23, 24, 37, 38, 48, 53"
11381,"1, 1, 1, 2, 2, 6, 6, 8, 12, 17, 26, 34, 45, 46, 49"
11382,"1, 1, 1, 2, 3, 3, 13, 23, 25, 28, 33, 38, 38, 47"
11383,"1, 1, 1, 2, 2, 2, 3, 5, 6, 13, 21, 27, 33, 39, 46, 54"
11384,"1, 1, 1, 1, 2, 4, 10, 19, 22, 30, 33, 39, 43, 50"
11385,"1, 1, 1, 1, 2, 2, 2, 5, 9, 14, 21, 28, 33, 40, 48, 48"
11386,"1, 1, 1, 1, 1, 1, 2, 2, 3, 5, 20, 21, 21, 31, 47, 48, 50"
11387,"1, 1, 2, 2, 2, 2, 6, 6, 20, 24, 26, 34, 36, 38, 56"
11388,"1, 1, 1, 1, 2, 2, 2, 6, 9, 14, 17, 23, 28, 36, 51, 62"
11389,"1, 1, 1, 1, 2, 3, 5, 5, 7, 11, 14, 29, 32, 37, 52, 55"
11390,"1, 1, 1, 1, 4, 7, 10, 13, 19, 19, 38, 43, 49, 50"
11391,"1, 1, 1, 1, 2, 2, 5, 5, 20, 30, 30, 32, 40, 42, 44"
11392,"1, 1, 1, 1, 1, 3, 5, 7, 15, 25, 25, 32, 37, 46, 56"
11393,"1, 2, 2, 2, 9, 27, 41, 82, 90"
11394,"1, 1, 1, 1, 1, 1, 7, 7, 9, 13, 18, 23, 39, 43, 44, 47"
11395,"1, 1, 1, 1, 1, 1, 1, 4, 5, 6, 16, 17, 25, 38, 44, 45, 49"
11396,"1, 1, 1, 2, 2, 3, 3, 5, 7, 14, 16, 16, 43, 45, 45, 52"
11397,"1, 1, 1, 1, 1, 2, 3, 5, 7, 15, 23, 30, 33, 35, 43, 55"
11398,"1, 1, 2, 3, 4, 6, 12, 14, 18, 20, 41, 42, 46, 46"
11399,"1, 1, 1, 2, 2, 6, 7, 9, 16, 18, 24, 35, 36, 48, 50"
11400,"1, 1, 1, 1, 1, 3, 3, 5, 9, 11, 22, 25, 29, 35, 50, 59"
11401,"1, 1, 1, 2, 3, 3, 4, 9, 17, 17, 17, 32, 36, 45, 68"
11402,"1, 1, 1, 2, 4, 5, 7, 19, 21, 23, 34, 39, 42, 57"
11403,"1, 1, 2, 2, 4, 6, 7, 21, 23, 25, 34, 36, 40, 54"
11404,"1, 1, 1, 1, 2, 6, 7, 18, 29, 31, 34, 39, 42, 44"
11405,"1, 1, 2, 3, 3, 4, 4, 5, 9, 22, 34, 35, 38, 46, 49"
11406,"1, 1, 1, 1, 1, 2, 4, 13, 20, 21, 23, 32, 38, 48, 50"
11407,"1, 1, 1, 1, 2, 2, 2, 4, 4, 8, 10, 21, 23, 28, 38, 51, 59"
11408,"1, 1, 1, 2, 2, 2, 2, 3, 8, 16, 19, 23, 35, 42, 45, 54"
11409,"1, 1, 1, 1, 1, 2, 2, 2, 3, 7, 14, 17, 23, 37, 38, 47, 59"
11410,"1, 1, 1, 1, 2, 2, 3, 9, 20, 27, 31, 33, 34, 39, 52"
11411,"1, 1, 1, 5, 5, 5, 6, 15, 20, 21, 30, 36, 49, 61"
11412,"1, 1, 1, 2, 2, 6, 6, 8, 14, 17, 30, 36, 39, 42, 51"
11413,"1, 1, 1, 2, 2, 3, 6, 13, 14, 16, 24, 36, 44, 45, 48"
11414,"1, 1, 1, 1, 2, 2, 2, 4, 12, 16, 19, 24, 36, 36, 47, 52"
11415,"1, 1, 1, 1, 1, 1, 4, 4, 8, 14, 23, 29, 33, 41, 47, 47"
11416,"1, 1, 1, 1, 1, 3, 3, 4, 10, 18, 21, 25, 35, 35, 48, 49"
11417,"1, 1, 1, 1, 2, 3, 4, 10, 14, 17, 24, 42, 43, 45, 48"
11418,"1, 1, 1, 1, 2, 3, 5, 11, 17, 26, 27, 34, 36, 43, 48"
11419,"1, 1, 1, 4, 5, 9, 9, 14, 17, 19, 39, 45, 46, 46"
11420,"1, 1, 1, 1, 3, 4, 4, 6, 17, 27, 28, 32, 35, 43, 53"
11421,"1, 1, 1, 1, 2, 2, 2, 2, 2, 4, 14, 18, 32, 37, 42, 46, 49"
11422,"1, 1, 1, 2, 3, 5, 5, 9, 15, 16, 24, 29, 35, 48, 62"
11423,"1, 1, 1, 2, 2, 3, 3, 6, 8, 12, 14, 26, 35, 35, 50, 57"
11424,"1, 1, 1, 3, 6, 6, 8, 14, 24, 29, 32, 35, 46, 50"
11425,"1, 1, 1, 2, 3, 3, 3, 3, 11, 14, 15, 19, 32, 45, 45, 58"
11426,"1, 1, 1, 2, 2, 3, 3, 10, 11, 19, 21, 24, 41, 49, 68"
11427,"1, 1, 1, 1, 2, 4, 5, 7, 18, 21, 27, 40, 42, 43, 43"
11428,"1, 1, 2, 3, 4, 7, 11, 14, 21, 25, 32, 36, 45, 54"
11429,"1, 1, 1, 2, 3, 5, 9, 19, 20, 29, 33, 33, 38, 62"
11430,"1, 1, 1, 1, 2, 3, 4, 7, 7, 9, 22, 22, 29, 40, 49, 58"
11431,"1, 1, 2, 3, 3, 3, 5, 9, 13, 21, 23, 29, 38, 47, 58"
11432,"1, 1, 1, 1, 2, 2, 3, 4, 5, 20, 21, 21, 39, 40, 47, 48"
11433,"1, 1, 1, 2, 4, 6, 10, 17, 18, 29, 33, 38, 42, 54"
11434,"1, 1, 1, 1, 1, 1, 2, 2, 5, 9, 13, 13, 32, 36, 40, 45, 53"
11435,"1, 1, 1, 1, 2, 2, 3, 4, 13, 14, 20, 20, 32, 39, 47, 56"
11436,"1, 1, 1, 1, 1, 2, 3, 3, 11, 20, 21, 25, 33, 34, 47, 52"
11437,"1, 1, 1, 2, 3, 5, 5, 7, 15, 23, 27, 34, 37, 44, 51"
11438,"1, 1, 1, 1, 1, 2, 3, 4, 6, 18, 22, 27, 33, 35, 46, 55"
11439,"1, 1, 1, 1, 1, 2, 3, 4, 13, 16, 16, 29, 30, 44, 45, 49"
11440,"1, 1, 1, 1, 1, 1, 2, 9, 9, 17, 22, 28, 31, 33, 46, 53"
11441,"1, 1, 1, 2, 2, 4, 4, 8, 17, 21, 22, 37, 40, 44, 52"
11442,"1, 1, 1, 2, 2, 3, 6, 7, 13, 21, 26, 33, 35, 50, 55"
11443,"1, 1, 1, 1, 2, 3, 3, 3, 4, 5, 14, 14, 17, 41, 45, 46, 55"
11444,"1, 1, 1, 1, 2, 2, 3, 4, 20, 27, 31, 32, 35, 36, 60"
11445,"1, 1, 1, 1, 1, 3, 3, 5, 5, 15, 19, 22, 39, 40, 43, 57"
11446,"1, 1, 1, 3, 4, 9, 11, 16, 20, 21, 34, 35, 48, 52"
11447,"1, 1, 1, 1, 1, 1, 5, 5, 5, 19, 20, 23, 35, 40, 40, 58"
11448,"1, 1, 1, 1, 1, 6, 6, 6, 16, 25, 29, 38, 41, 41, 43"
11449,"1, 1, 1, 1, 1, 1, 3, 3, 4, 6, 11, 19, 23, 34, 36, 54, 57"
11450,"1, 1, 1, 1, 2, 3, 3, 7, 21, 21, 31, 31, 38, 42, 53"
11451,"1, 2, 3, 3, 7, 9, 19, 25, 29, 34, 34, 42, 48"
11452,"1, 1, 1, 1, 2, 2, 3, 4, 10, 13, 18, 18, 41, 42, 47, 52"
11453,"1, 1, 1, 1, 1, 2, 3, 7, 11, 15, 17, 25, 37, 37, 45, 52"
11454,"1, 1, 1, 1, 1, 2, 8, 12, 16, 18, 20, 34, 42, 47, 52"
11455,"1, 1, 1, 2, 2, 3, 3, 4, 6, 13, 13, 25, 44, 44, 47, 47"
11456,"1, 1, 1, 2, 2, 4, 4, 4, 6, 12, 15, 26, 30, 37, 55, 56"
11457,"1, 1, 1, 1, 1, 2, 2, 2, 5, 9, 10, 23, 30, 31, 36, 49, 52"
11458,"1, 1, 1, 1, 1, 2, 2, 5, 6, 6, 13, 13, 21, 32, 38, 53, 60"
11459,"1, 1, 1, 1, 3, 3, 5, 11, 15, 23, 27, 33, 39, 43, 50"
11460,"1, 1, 1, 1, 2, 2, 2, 5, 11, 15, 16, 22, 41, 44, 45, 47"
11461,"1, 1, 1, 1, 1, 3, 4, 4, 6, 18, 22, 23, 37, 39, 42, 53"
11462,"1, 1, 1, 1, 1, 1, 1, 1, 1, 2, 3, 16, 18, 26, 33, 44, 52, 53"
11463,"1, 1, 1, 1, 1, 2, 3, 5, 7, 17, 19, 20, 40, 41, 45, 52"
11464,"1, 1, 1, 1, 3, 3, 5, 11, 17, 22, 27, 33, 38, 41, 52"
11465,"1, 1, 1, 1, 2, 3, 5, 5, 21, 23, 25, 37, 37, 46, 48"
11466,"1, 1, 1, 2, 4, 4, 4, 8, 14, 20, 28, 30, 33, 52, 54"
11467,"1, 1, 2, 2, 3, 4, 14, 21, 24, 24, 36, 38, 40, 46"
11468,"1, 1, 1, 3, 3, 7, 11, 17, 17, 25, 38, 43, 43, 46"
11469,"1, 1, 1, 1, 2, 2, 2, 3, 12, 21, 21, 23, 31, 32, 46, 57"
11470,"1, 1, 3, 3, 4, 6, 12, 14, 17, 27, 31, 37, 46, 54"
11471,"1, 1, 1, 1, 2, 3, 4, 5, 7, 12, 17, 20, 39, 45, 47, 51"
11472,"1, 1, 1, 1, 2, 2, 2, 2, 10, 18, 24, 28, 33, 38, 43, 50"
11473,"1, 1, 1, 2, 2, 6, 7, 7, 14, 19, 26, 34, 34, 50, 52"
11474,"1, 1, 3, 3, 4, 4, 7, 18, 21, 22, 41, 42, 43, 46"
11475,"1, 1, 1, 1, 2, 2, 2, 2, 2, 10, 12, 12, 26, 42, 44, 47, 49"
11476,"1, 1, 1, 1, 1, 1, 1, 4, 4, 6, 15, 22, 26, 31, 32, 53, 56"
11477,"1, 1, 1, 1, 2, 2, 3, 3, 7, 19, 19, 19, 32, 41, 42, 63"
11478,"1, 1, 1, 1, 1, 4, 5, 6, 7, 33, 37, 44, 49, 66"
11479,"1, 1, 1, 1, 3, 5, 9, 21, 29, 30, 31, 33, 41, 50"
11480,"1, 1, 1, 2, 3, 5, 6, 7, 14, 22, 27, 32, 40, 44, 51"
11481,"1, 1, 1, 1, 1, 2, 4, 5, 10, 13, 25, 31, 31, 38, 43, 49"
11482,"1, 1, 2, 3, 3, 4, 4, 8, 16, 17, 29, 31, 33, 52, 52"
11483,"1, 1, 1, 2, 3, 3, 4, 12, 17, 22, 28, 31, 31, 48, 52"
11484,"1, 1, 1, 1, 4, 5, 5, 7, 15, 24, 26, 33, 38, 44, 51"
11485,"1, 1, 1, 1, 1, 2, 2, 4, 13, 13, 19, 22, 24, 30, 56, 66"
11486,"1, 1, 1, 1, 1, 1, 3, 3, 4, 7, 15, 21, 21, 29, 31, 49, 67"
11487,"1, 1, 1, 1, 2, 2, 2, 4, 4, 16, 19, 19, 42, 43, 45, 54"
11488,"1, 1, 1, 2, 4, 6, 6, 6, 8, 22, 28, 29, 40, 50, 52"
11489,"1, 1, 1, 1, 2, 3, 5, 7, 17, 18, 28, 38, 39, 44, 51"
11490,"1, 1, 2, 2, 5, 7, 7, 14, 28, 28, 47, 52, 62"
11491,"1, 1, 1, 1, 1, 1, 3, 6, 9, 14, 16, 28, 43, 43, 44, 44"
11492,"1, 1, 1, 1, 2, 3, 3, 3, 8, 15, 16, 23, 37, 45, 46, 51"
11493,"1, 2, 2, 2, 3, 7, 13, 13, 17, 34, 34, 36, 36, 56"
11494,"1, 1, 1, 2, 2, 3, 4, 9, 22, 25, 26, 29, 33, 46, 52"
11495,"1, 1, 1, 2, 2, 4, 6, 10, 16, 25, 28, 33, 35, 44, 48"
11496,"1, 1, 1, 1, 1, 1, 2, 2, 3, 5, 13, 18, 27, 42, 44, 46, 48"
11497,"1, 1, 2, 3, 3, 5, 7, 17, 21, 34, 36, 39, 41, 46"
11498,"1, 1, 1, 2, 2, 4, 4, 4, 8, 9, 14, 30, 31, 32, 51, 62"
11499,"1, 1, 2, 3, 4, 6, 8, 16, 18, 19, 39, 41, 44, 54"
11500,"1, 1, 1, 1, 2, 3, 7, 9, 17, 25, 26, 30, 39, 40, 54"
11501,"1, 1, 1, 1, 1, 1, 2, 5, 9, 19, 20, 24, 37, 41, 43, 50"
11502,"1, 1, 1, 1, 1, 1, 1, 2, 4, 4, 16, 21, 29, 32, 40, 48, 53"
11503,"1, 1, 1, 1, 1, 3, 5, 11, 17, 20, 25, 31, 37, 48, 54"
11504,"1, 1, 2, 2, 3, 3, 13, 17, 25, 28, 29, 32, 48, 52"
11505,"1, 1, 1, 2, 8, 8, 10, 12, 16, 28, 38, 42, 44, 45"
11506,"1, 1, 1, 2, 3, 3, 4, 9, 16, 18, 25, 36, 42, 43, 52"
11507,"1, 1, 1, 1, 2, 2, 3, 10, 17, 23, 23, 30, 38, 44, 60"
11508,"1, 1, 1, 2, 2, 7, 7, 7, 13, 15, 28, 38, 41, 42, 51"
11509,"1, 1, 1, 2, 4, 5, 11, 18, 20, 24, 34, 41, 46, 48"
11510,"1, 1, 1, 4, 4, 4, 5, 6, 14, 17, 24, 27, 36, 50, 62"
11511,"1, 1, 1, 2, 2, 3, 5, 10, 20, 21, 23, 36, 38, 41, 52"
11512,"1, 1, 1, 1, 1, 1, 2, 3, 3, 5, 15, 21, 31, 37, 39, 44, 50"
11513,"1, 1, 1, 1, 1, 1, 2, 3, 4, 13, 14, 15, 25, 37, 44, 45, 48"
11514,"1, 1, 1, 1, 4, 5, 13, 18, 29, 31, 31, 34, 41, 46"
11515,"1, 1, 1, 1, 5, 5, 5, 7, 14, 15, 25, 33, 40, 51, 52"
11516,"1, 1, 1, 2, 2, 2, 3, 8, 21, 27, 29, 32, 34, 40, 53"
11517,"1, 1, 1, 1, 2, 3, 4, 13, 17, 17, 21, 38, 44, 46, 47"
11518,"1, 1, 1, 1, 2, 2, 3, 7, 15, 29, 34, 34, 36, 45, 45"
11519,"1, 1, 1, 2, 3, 4, 7, 7, 18, 21, 24, 31, 36, 42, 58"
11520,"1, 1, 1, 1, 2, 2, 3, 5, 5, 11, 21, 29, 39, 41, 46, 48"
11521,"1, 1, 2, 3, 4, 6, 6, 12, 22, 31, 38, 38, 44, 48"
11522,"1, 1, 1, 1, 1, 2, 3, 6, 12, 17, 19, 23, 33, 37, 46, 53"
11523,"1, 1, 1, 1, 1, 1, 2, 2, 7, 8, 15, 16, 24, 37, 39, 45, 55"
11524,"1, 1, 2, 2, 4, 4, 14, 20, 21, 22, 32, 38, 41, 54"
11525,"1, 1, 1, 1, 1, 1, 2, 2, 2, 3, 5, 12, 20, 29, 30, 31, 57, 57"
11526,"1, 1, 1, 1, 2, 5, 5, 9, 13, 19, 34, 34, 42, 43, 46"
11527,"1, 1, 1, 2, 2, 5, 5, 11, 17, 20, 28, 32, 33, 48, 50"
11528,"1, 1, 1, 1, 2, 2, 2, 6, 21, 26, 29, 34, 35, 40, 55"
11529,"1, 1, 1, 1, 2, 3, 3, 9, 20, 21, 24, 37, 42, 44, 47"
11530,"1, 1, 2, 2, 2, 4, 4, 10, 15, 20, 22, 30, 36, 48, 59"
11531,"1, 1, 1, 1, 1, 3, 4, 5, 7, 15, 20, 24, 33, 33, 52, 55"
11532,"1, 1, 1, 1, 1, 2, 4, 4, 8, 16, 19, 24, 34, 43, 45, 52"
11533,"1, 1, 1, 1, 1, 2, 2, 2, 2, 8, 13, 16, 24, 44, 45, 46, 47"
11534,"1, 1, 1, 1, 1, 2, 8, 15, 18, 18, 26, 35, 38, 43, 48"
11535,"1, 1, 1, 1, 1, 1, 3, 5, 7, 19, 19, 21, 39, 43, 44, 50"
11536,"1, 1, 1, 2, 4, 8, 12, 16, 19, 24, 36, 38, 43, 51"
11537,"1, 1, 2, 3, 3, 6, 6, 16, 22, 27, 30, 42, 42, 55"
11538,"1, 1, 1, 1, 2, 3, 5, 9, 17, 27, 28, 33, 35, 41, 52"
11539,"1, 1, 1, 3, 3, 7, 13, 15, 25, 27, 27, 36, 45, 52"
11540,"1, 1, 1, 1, 1, 1, 1, 1, 2, 4, 5, 19, 20, 21, 33, 37, 51, 56"
11541,"1, 1, 1, 1, 1, 2, 3, 3, 10, 18, 18, 25, 33, 35, 51, 53"
11542,"1, 1, 1, 1, 1, 2, 2, 3, 6, 17, 30, 32, 32, 34, 38, 55"
11543,"1, 1, 1, 1, 2, 3, 4, 5, 5, 15, 21, 28, 30, 31, 52, 56"
11544,"1, 1, 1, 1, 1, 2, 3, 3, 9, 19, 28, 29, 32, 33, 42, 51"
11545,"1, 1, 1, 2, 3, 3, 3, 6, 8, 13, 15, 17, 36, 37, 53, 57"
11546,"1, 1, 1, 2, 3, 3, 4, 4, 5, 12, 19, 24, 33, 41, 47, 56"
11547,"1, 1, 1, 1, 1, 1, 2, 2, 3, 11, 15, 17, 24, 29, 42, 46, 59"
11548,"1, 1, 1, 3, 4, 6, 8, 16, 22, 23, 36, 41, 46, 48"
11549,"1, 1, 1, 1, 1, 2, 5, 6, 8, 17, 18, 23, 35, 38, 49, 50"
11550,"1, 1, 1, 1, 2, 2, 2, 2, 10, 16, 25, 27, 34, 36, 45, 51"
11551,"1, 1, 1, 1, 1, 2, 2, 5, 7, 18, 25, 29, 32, 37, 43, 51"
11552,"1, 1, 1, 2, 2, 3, 4, 8, 16, 27, 28, 31, 36, 43, 53"
11553,"1, 1, 1, 1, 1, 2, 3, 3, 3, 6, 11, 18, 26, 33, 41, 49, 56"
11554,"1, 1, 1, 1, 2, 2, 2, 3, 3, 3, 16, 23, 27, 33, 36, 46, 56"
11555,"1, 1, 1, 1, 2, 4, 6, 10, 14, 17, 26, 33, 36, 50, 54"
11556,"1, 1, 1, 2, 2, 2, 2, 3, 6, 14, 20, 24, 35, 42, 43, 58"
11557,"1, 1, 1, 1, 3, 5, 13, 22, 23, 25, 29, 30, 44, 58"
11558,"1, 1, 1, 1, 1, 2, 4, 5, 10, 16, 19, 22, 38, 39, 48, 48"
11559,"1, 1, 1, 1, 1, 5, 6, 8, 16, 19, 19, 39, 44, 45, 50"
11560,"1, 1, 2, 2, 2, 5, 7, 9, 11, 15, 24, 44, 44, 44, 45"
11561,"1, 1, 1, 2, 3, 3, 3, 10, 14, 19, 22, 37, 39, 44, 57"
11562,"1, 1, 1, 1, 2, 2, 6, 6, 22, 23, 26, 36, 40, 42, 47"
11563,"1, 1, 1, 1, 1, 1, 2, 5, 6, 19, 23, 25, 39, 41, 43, 47"
11564,"1, 1, 2, 3, 3, 8, 10, 16, 17, 21, 26, 44, 46, 58"
11565,"1, 1, 2, 2, 2, 3, 5, 9, 12, 17, 31, 36, 42, 44, 49"
11566,"1, 1, 1, 1, 1, 2, 2, 5, 11, 14, 24, 33, 36, 37, 39, 48"
11567,"1, 1, 1, 2, 2, 3, 6, 7, 17, 22, 27, 32, 39, 40, 56"
11568,"1, 1, 1, 2, 2, 3, 4, 4, 7, 11, 15, 25, 34, 45, 46, 55"
11569,"1, 1, 1, 2, 3, 3, 6, 8, 9, 25, 27, 33, 41, 46, 50"
11570,"1, 1, 1, 1, 2, 8, 8, 10, 10, 15, 29, 38, 41, 45, 46"
11571,"1, 1, 1, 1, 1, 2, 4, 4, 6, 17, 22, 26, 26, 36, 54, 54"
11572,"1, 1, 1, 1, 2, 3, 3, 5, 7, 11, 18, 20, 40, 42, 49, 52"
11573,"1, 1, 1, 1, 1, 1, 3, 3, 4, 6, 16, 16, 17, 34, 35, 49, 67"
11574,"1, 2, 2, 2, 3, 4, 6, 7, 15, 16, 24, 34, 36, 50, 54"
11575,"1, 1, 2, 3, 5, 6, 13, 16, 17, 25, 28, 44, 45, 50"
11576,"1, 1, 1, 1, 1, 1, 1, 4, 8, 8, 8, 15, 27, 40, 43, 45, 51"
11577,"1, 1, 3, 3, 3, 4, 8, 17, 23, 26, 27, 36, 44, 60"
11578,"1, 1, 1, 1, 1, 2, 2, 4, 6, 17, 19, 25, 38, 41, 44, 53"
11579,"1, 1, 1, 1, 2, 2, 2, 4, 6, 14, 26, 27, 34, 34, 46, 55"
11580,"1, 1, 1, 1, 1, 2, 3, 5, 7, 15, 18, 27, 35, 37, 42, 60"
11581,"1, 1, 1, 2, 2, 2, 3, 5, 9, 13, 17, 18, 43, 44, 47, 48"
11582,"1, 1, 1, 1, 1, 1, 2, 2, 4, 8, 16, 21, 31, 33, 37, 44, 52"
11583,"1, 1, 1, 1, 2, 2, 2, 2, 3, 10, 11, 17, 31, 31, 34, 50, 57"
11584,"1, 1, 1, 1, 2, 2, 3, 3, 4, 6, 11, 19, 23, 36, 41, 49, 53"
11585,"1, 2, 2, 3, 4, 4, 4, 8, 10, 13, 16, 43, 44, 50, 52"
11586,"1, 1, 1, 1, 1, 2, 5, 5, 7, 13, 19, 30, 41, 41, 43, 45"
11587,"1, 1, 2, 2, 2, 3, 5, 10, 12, 15, 30, 37, 40, 44, 52"
11588,"1, 1, 1, 1, 3, 3, 5, 7, 10, 18, 23, 32, 33, 56, 62"
11589,"1, 1, 1, 2, 2, 4, 6, 6, 17, 18, 20, 37, 44, 44, 53"
11590,"1, 1, 1, 1, 1, 2, 3, 11, 17, 19, 27, 42, 42, 43, 45"
11591,"1, 1, 2, 2, 3, 3, 3, 5, 20, 24, 27, 28, 39, 48, 50"
11592,"1, 1, 1, 2, 2, 7, 22, 33, 89, 98"
11593,"1, 1, 2, 2, 3, 3, 8, 20, 25, 26, 33, 42, 44, 46"
11594,"1, 1, 1, 1, 1, 1, 2, 3, 3, 7, 17, 24, 26, 27, 35, 52, 54"
11595,"1, 1, 1, 1, 1, 2, 3, 4, 6, 12, 17, 28, 34, 42, 48, 55"
11596,"1, 1, 1, 1, 1, 3, 5, 6, 6, 13, 23, 28, 37, 39, 39, 52"
11597,"1, 1, 1, 1, 2, 2, 4, 5, 6, 15, 19, 19, 33, 42, 52, 53"
11598,"1, 1, 2, 3, 5, 6, 6, 17, 19, 19, 37, 44, 44, 52"
11599,"1, 1, 2, 2, 3, 4, 4, 10, 14, 18, 30, 31, 40, 46, 50"
11600,"1, 1, 1, 2, 2, 6, 6, 8, 14, 18, 26, 42, 42, 43, 44"
11601,"1, 1, 1, 2, 2, 6, 8, 20, 29, 33, 34, 36, 41, 42"
11602,"1, 1, 1, 2, 3, 7, 9, 15, 25, 32, 38, 38, 40, 44"
11603,"1, 1, 1, 1, 2, 3, 3, 7, 10, 11, 15, 23, 36, 43, 49, 50"
11604,"1, 1, 1, 1, 2, 3, 3, 5, 9, 15, 16, 24, 38, 42, 43, 52"
11605,"1, 1, 1, 1, 2, 2, 2, 4, 10, 14, 24, 25, 29, 32, 52, 56"
11606,"1, 1, 1, 1, 2, 4, 7, 9, 17, 18, 26, 32, 35, 48, 54"
11607,"1, 1, 1, 1, 2, 2, 2, 14, 14, 24, 27, 33, 38, 48, 48"
11608,"1, 1, 1, 1, 1, 2, 2, 4, 8, 11, 20, 27, 36, 36, 50, 55"
11609,"1, 1, 1, 1, 2, 2, 2, 4, 7, 14, 23, 24, 24, 38, 44, 68"
11610,"1, 1, 1, 1, 1, 2, 2, 4, 6, 15, 24, 24, 28, 37, 53, 56"
11611,"1, 1, 1, 1, 3, 3, 3, 4, 7, 14, 14, 23, 42, 46, 46, 47"
11612,"1, 1, 1, 2, 2, 2, 4, 8, 20, 24, 25, 38, 42, 42, 44"
11613,"1, 1, 1, 2, 2, 5, 9, 9, 16, 17, 17, 42, 43, 45, 46"
11614,"1, 1, 1, 1, 2, 2, 3, 5, 7, 15, 17, 21, 36, 39, 47, 58"
11615,"1, 1, 2, 2, 3, 3, 6, 11, 12, 17, 17, 42, 43, 46, 50"
11616,"1, 1, 1, 1, 5, 6, 6, 9, 12, 13, 23, 27, 42, 49, 60"
11617,"1, 1, 1, 1, 1, 2, 3, 6, 12, 17, 20, 26, 27, 33, 51, 54"
11618,"1, 1, 1, 1, 1, 1, 1, 2, 3, 11, 17, 18, 27, 42, 42, 43, 44"
11619,"1, 1, 1, 1, 2, 5, 7, 7, 17, 17, 20, 42, 42, 43, 50"
11620,"1, 2, 2, 2, 3, 5, 9, 18, 21, 26, 29, 42, 44, 52"
11621,"1, 1, 1, 1, 1, 1, 1, 1, 2, 13, 20, 23, 25, 27, 34, 49, 55"
11622,"1, 1, 1, 2, 2, 2, 2, 3, 7, 18, 24, 29, 30, 30, 52, 52"
11623,"1, 2, 2, 2, 3, 4, 7, 21, 22, 24, 40, 40, 42, 46"
11624,"1, 1, 1, 2, 3, 3, 9, 9, 10, 18, 33, 33, 36, 37, 60"
11625,"1, 1, 1, 1, 1, 1, 3, 4, 8, 18, 19, 29, 35, 41, 41, 52"
11626,"1, 2, 2, 3, 3, 5, 6, 13, 19, 27, 32, 37, 42, 64"
11627,"1, 1, 1, 1, 1, 2, 3, 3, 4, 8, 12, 20, 27, 27, 37, 47, 61"
11628,"1, 1, 1, 2, 2, 3, 4, 9, 20, 22, 23, 30, 33, 46, 59"
11629,"1, 1, 2, 2, 2, 4, 6, 10, 16, 17, 22, 36, 36, 47, 54"
11630,"1, 1, 1, 1, 1, 2, 3, 4, 9, 18, 18, 28, 39, 43, 43, 44"
11631,"1, 1, 1, 2, 4, 5, 8, 8, 9, 19, 28, 31, 42, 47, 50"
11632,"1, 1, 1, 2, 2, 3, 3, 3, 16, 20, 23, 38, 39, 46, 58"
11633,"1, 1, 1, 1, 1, 2, 2, 6, 8, 18, 21, 24, 34, 41, 41, 54"
11634,"1, 1, 2, 10, 32, 45, 81, 84"
11635,"1, 1, 1, 1, 2, 2, 5, 5, 7, 11, 20, 22, 40, 41, 46, 51"
11636,"1, 1, 1, 1, 1, 4, 5, 6, 20, 21, 26, 32, 34, 45, 58"
11637,"1, 1, 1, 1, 1, 1, 2, 2, 4, 11, 12, 16, 23, 37, 45, 46, 52"
11638,"1, 1, 1, 1, 2, 2, 7, 12, 15, 16, 24, 34, 37, 50, 53"
11639,"1, 1, 1, 1, 2, 2, 4, 10, 22, 23, 24, 37, 38, 38, 52"
11640,"1, 1, 1, 1, 1, 1, 1, 2, 3, 3, 5, 17, 21, 22, 30, 31, 50, 65"
11641,"1, 1, 1, 1, 1, 2, 3, 6, 8, 13, 22, 27, 39, 41, 42, 48"
11642,"1, 1, 2, 2, 3, 6, 6, 20, 27, 30, 31, 34, 41, 52"
11643,"1, 1, 1, 1, 2, 3, 4, 9, 19, 21, 24, 35, 39, 44, 52"
11644,"1, 1, 1, 1, 2, 4, 5, 8, 16, 16, 33, 33, 38, 47, 50"
11645,"1, 1, 1, 2, 3, 3, 4, 6, 21, 26, 26, 33, 35, 40, 54"
11646,"1, 1, 1, 1, 1, 2, 2, 3, 3, 5, 17, 19, 20, 33, 42, 51, 54"
11647,"1, 1, 1, 2, 3, 4, 7, 9, 15, 18, 20, 31, 40, 44, 60"
11648,"1, 1, 1, 2, 4, 6, 10, 22, 22, 24, 30, 32, 45, 56"
11649,"1, 1, 1, 1, 2, 3, 4, 5, 7, 14, 14, 17, 43, 45, 48, 50"
11650,"1, 1, 2, 3, 5, 7, 9, 13, 19, 27, 41, 42, 42, 44"
11651,"1, 1, 1, 1, 2, 2, 3, 5, 7, 9, 26, 30, 33, 40, 43, 52"
11652,"1, 1, 1, 2, 3, 3, 4, 10, 13, 18, 25, 42, 42, 44, 47"
11653,"1, 1, 2, 2, 2, 2, 5, 7, 12, 26, 27, 33, 36, 48, 52"
11654,"1, 1, 1, 1, 1, 1, 1, 1, 2, 4, 10, 16, 16, 25, 37, 42, 45, 51"
11655,"1, 1, 1, 3, 3, 3, 4, 9, 11, 22, 24, 36, 36, 50, 52"
11656,"1, 1, 1, 1, 2, 2, 5, 7, 19, 21, 21, 36, 38, 39, 62"
11657,"1, 1, 1, 1, 1, 2, 2, 4, 9, 19, 20, 26, 35, 35, 41, 58"
11658,"1, 1, 1, 1, 2, 3, 4, 9, 20, 23, 24, 32, 36, 39, 60"
11659,"1, 1, 1, 3, 3, 9, 9, 15, 26, 29, 32, 36, 45, 46"
11660,"1, 1, 1, 1, 1, 3, 3, 5, 11, 13, 14, 29, 32, 36, 45, 60"
11661,"1, 1, 2, 2, 2, 3, 5, 8, 13, 26, 29, 30, 36, 44, 54"
11662,"1, 1, 1, 2, 3, 4, 5, 9, 14, 22, 30, 32, 37, 45, 50"
11663,"1, 1, 1, 1, 2, 2, 3, 3, 9, 16, 16, 21, 38, 45, 45, 52"
11664,"1, 1, 1, 4, 6, 6, 7, 15, 20, 20, 33, 38, 50, 54"
11665,"1, 1, 2, 2, 4, 6, 12, 12, 13, 32, 36, 37, 40, 58"
11666,"1, 1, 1, 1, 1, 1, 2, 3, 5, 7, 15, 20, 31, 32, 39, 43, 53"
11667,"1, 1, 1, 1, 4, 4, 5, 9, 17, 17, 24, 26, 34, 50, 62"
11668,"1, 1, 1, 2, 2, 5, 7, 19, 23, 32, 35, 38, 39, 51"
11669,"1, 1, 1, 1, 2, 2, 5, 11, 20, 23, 26, 35, 40, 40, 48"
11670,"1, 1, 1, 1, 2, 2, 3, 6, 6, 15, 17, 21, 39, 42, 48, 51"
11671,"1, 1, 1, 1, 1, 2, 3, 3, 8, 18, 19, 29, 31, 35, 51, 52"
11672,"1, 1, 1, 2, 3, 4, 6, 6, 12, 16, 24, 36, 38, 46, 60"
11673,"1, 1, 2, 3, 3, 3, 4, 7, 12, 25, 25, 33, 39, 44, 54"
11674,"1, 1, 1, 1, 1, 3, 4, 6, 6, 9, 12, 31, 37, 46, 48, 49"
11675,"1, 1, 1, 1, 1, 2, 2, 5, 7, 21, 21, 22, 37, 38, 41, 55"
11676,"1, 1, 1, 1, 2, 2, 3, 5, 8, 13, 17, 27, 31, 37, 53, 54"
11677,"1, 1, 1, 1, 2, 2, 4, 12, 17, 23, 28, 34, 37, 46, 47"
11678,"1, 1, 1, 1, 1, 2, 2, 2, 4, 7, 14, 21, 25, 26, 39, 45, 64"
11679,"1, 1, 1, 1, 1, 2, 2, 5, 5, 17, 24, 26, 27, 44, 45, 54"
11680,"1, 1, 1, 1, 2, 4, 6, 10, 14, 19, 21, 42, 42, 45, 47"
11681,"1, 1, 1, 1, 1, 1, 2, 3, 4, 10, 11, 12, 34, 34, 40, 41, 59"
11682,"1, 2, 2, 4, 5, 11, 16, 21, 26, 36, 38, 44, 50"
11683,"1, 1, 1, 2, 2, 2, 2, 3, 3, 7, 7, 15, 30, 38, 45, 46, 51"
11684,"1, 1, 1, 1, 2, 2, 2, 3, 10, 14, 22, 26, 27, 38, 48, 58"
11685,"1, 1, 1, 2, 3, 3, 4, 6, 16, 22, 31, 37, 38, 45, 46"
11686,"1, 1, 1, 2, 2, 3, 3, 12, 16, 18, 22, 29, 33, 54, 59"
11687,"1, 1, 1, 2, 2, 2, 3, 3, 6, 11, 24, 32, 35, 38, 46, 49"
11688,"1, 1, 1, 1, 2, 2, 4, 6, 17, 20, 26, 28, 30, 53, 64"
11689,"1, 1, 1, 1, 1, 1, 2, 3, 9, 21, 23, 26, 36, 36, 40, 54"
11690,"1, 1, 1, 1, 3, 5, 15, 18, 19, 30, 33, 42, 43, 44"
11691,"1, 1, 1, 1, 1, 2, 2, 2, 3, 7, 15, 17, 19, 35, 35, 50, 64"
11692,"1, 1, 2, 2, 2, 3, 3, 5, 17, 22, 27, 35, 38, 42, 56"
11693,"1, 1, 1, 1, 2, 5, 7, 11, 11, 20, 27, 31, 40, 46, 52"
11694,"1, 1, 1, 1, 2, 2, 2, 6, 8, 16, 20, 28, 32, 41, 41, 54"
11695,"1, 1, 1, 1, 1, 2, 3, 5, 7, 19, 22, 25, 29, 36, 51, 52"
11696,"1, 1, 1, 2, 3, 3, 5, 9, 15, 21, 24, 35, 41, 44, 51"
11697,"1, 1, 1, 3, 3, 4, 4, 5, 16, 25, 29, 29, 36, 43, 56"
11698,"1, 1, 2, 3, 3, 5, 9, 16, 21, 21, 34, 38, 42, 60"
11699,"1, 1, 1, 1, 1, 2, 2, 12, 21, 23, 25, 37, 39, 40, 50"
11700,"1, 1, 1, 1, 3, 4, 6, 6, 14, 27, 28, 32, 38, 42, 52"
11701,"1, 1, 1, 2, 4, 5, 9, 20, 22, 26, 29, 37, 49, 50"
11702,"1, 1, 1, 1, 1, 3, 6, 14, 15, 15, 24, 36, 39, 43, 56"
11703,"1, 1, 1, 3, 3, 5, 9, 19, 21, 30, 33, 39, 40, 51"
11704,"1, 2, 3, 5, 7, 8, 17, 23, 24, 32, 36, 38, 60"
11705,"1, 1, 1, 1, 3, 4, 8, 10, 12, 20, 31, 34, 37, 38, 55"
11706,"1, 2, 2, 2, 4, 6, 6, 20, 21, 28, 30, 42, 46, 46"
11707,"1, 1, 1, 1, 1, 1, 1, 6, 10, 13, 26, 27, 34, 39, 44, 50"
11708,"1, 1, 1, 1, 1, 1, 3, 3, 3, 5, 19, 20, 23, 33, 41, 44, 56"
11709,"1, 1, 1, 1, 2, 3, 5, 9, 16, 20, 26, 28, 29, 55, 59"
11710,"1, 1, 1, 1, 1, 1, 4, 5, 11, 12, 14, 28, 31, 46, 47, 52"
11711,"1, 1, 1, 1, 3, 7, 9, 16, 22, 25, 32, 35, 47, 56"
11712,"1, 1, 2, 3, 3, 4, 5, 12, 12, 15, 20, 33, 35, 54, 56"
11713,"1, 1, 1, 1, 1, 2, 3, 6, 7, 15, 16, 25, 41, 43, 44, 49"
11714,"1, 1, 1, 1, 1, 1, 2, 3, 3, 7, 11, 15, 30, 39, 45, 46, 49"
11715,"1, 1, 2, 2, 3, 6, 8, 13, 20, 32, 34, 42, 44, 48"
11716,"1, 1, 1, 2, 2, 3, 4, 9, 20, 22, 28, 30, 31, 48, 54"
11717,"1, 1, 1, 1, 2, 2, 3, 5, 7, 17, 17, 24, 25, 45, 52, 53"
11718,"1, 1, 1, 2, 2, 3, 3, 5, 7, 14, 18, 20, 35, 41, 51, 52"
11719,"1, 1, 1, 2, 3, 4, 5, 7, 13, 22, 27, 30, 40, 46, 54"
11720,"1, 1, 1, 1, 1, 1, 2, 2, 2, 10, 16, 22, 25, 29, 39, 44, 59"
11721,"1, 1, 1, 1, 1, 2, 3, 9, 9, 9, 16, 25, 35, 45, 46, 52"
11722,"1, 1, 1, 2, 2, 3, 3, 4, 7, 14, 21, 27, 32, 39, 45, 54"
11723,"1, 1, 1, 1, 1, 2, 6, 7, 8, 11, 18, 27, 42, 42, 43, 45"
11724,"1, 1, 1, 1, 1, 3, 4, 11, 19, 21, 23, 32, 33, 47, 58"
11725,"1, 1, 1, 1, 1, 4, 4, 10, 16, 23, 29, 34, 38, 44, 49"
11726,"1, 1, 1, 2, 3, 3, 8, 8, 13, 14, 21, 37, 41, 50, 53"
11727,"1, 1, 1, 3, 3, 4, 5, 7, 14, 17, 24, 35, 37, 42, 62"
11728,"1, 1, 1, 1, 1, 2, 2, 6, 11, 12, 17, 21, 40, 44, 45, 51"
11729,"1, 1, 1, 1, 1, 3, 4, 12, 19, 21, 31, 35, 37, 39, 50"
11730,"1, 1, 1, 1, 1, 2, 2, 2, 4, 5, 14, 15, 29, 38, 41, 48, 51"
11731,"1, 1, 2, 2, 3, 3, 7, 9, 10, 18, 28, 33, 33, 46, 60"
11732,"1, 1, 1, 5, 6, 7, 7, 12, 19, 24, 25, 44, 46, 58"
11733,"1, 1, 1, 2, 4, 4, 6, 8, 10, 23, 28, 32, 38, 49, 49"
11734,"1, 1, 1, 1, 2, 2, 2, 5, 8, 16, 17, 20, 35, 36, 43, 66"
11735,"1, 1, 1, 1, 1, 1, 2, 3, 7, 22, 27, 27, 31, 39, 44, 48"
11736,"1, 1, 2, 2, 3, 4, 5, 8, 11, 15, 30, 31, 45, 48, 50"
11737,"1, 1, 1, 1, 1, 2, 4, 5, 9, 14, 14, 35, 36, 38, 41, 53"
11738,"1, 1, 1, 1, 1, 1, 3, 4, 6, 6, 12, 18, 27, 33, 43, 47, 51"
11739,"1, 1, 2, 3, 4, 4, 4, 10, 14, 16, 22, 36, 37, 50, 52"
11740,"1, 1, 1, 1, 2, 2, 2, 3, 7, 14, 17, 22, 33, 40, 46, 64"
11741,"1, 1, 1, 1, 3, 3, 6, 8, 15, 17, 27, 41, 42, 43, 47"
11742,"1, 1, 2, 3, 3, 4, 4, 4, 18, 20, 27, 30, 34, 49, 56"
11743,"1, 1, 1, 2, 2, 2, 4, 12, 15, 16, 26, 36, 45, 45, 48"
11744,"1, 1, 1, 1, 1, 1, 2, 4, 5, 6, 17, 18, 20, 34, 34, 49, 61"
11745,"1, 1, 1, 1, 3, 3, 4, 5, 18, 20, 25, 30, 43, 47, 54"
11746,"1, 1, 2, 3, 3, 7, 9, 17, 22, 28, 29, 32, 42, 60"
11747,"1, 1, 2, 2, 2, 3, 4, 9, 14, 21, 26, 30, 32, 51, 58"
11748,"1, 1, 1, 1, 1, 2, 5, 11, 15, 23, 31, 34, 39, 43, 48"
11749,"1, 1, 1, 2, 3, 4, 6, 10, 16, 19, 20, 34, 41, 42, 56"
11750,"1, 1, 1, 4, 4, 6, 10, 18, 20, 26, 32, 34, 49, 50"
11751,"1, 1, 1, 1, 2, 3, 3, 4, 7, 17, 17, 24, 35, 43, 44, 53"
11752,"1, 1, 1, 1, 1, 2, 3, 7, 9, 17, 17, 19, 43, 43, 44, 47"
11753,"1, 1, 1, 3, 4, 5, 5, 17, 29, 30, 35, 37, 42, 46"
11754,"1, 1, 1, 1, 1, 2, 3, 4, 8, 14, 19, 29, 31, 34, 51, 56"
11755,"1, 1, 1, 1, 2, 3, 3, 11, 20, 21, 21, 33, 40, 41, 57"
11756,"1, 1, 1, 2, 2, 5, 6, 12, 13, 17, 19, 30, 44, 49, 54"
11757,"1, 1, 1, 2, 2, 3, 3, 5, 5, 11, 16, 25, 33, 36, 54, 58"
11758,"1, 1, 1, 1, 2, 2, 4, 6, 9, 11, 17, 20, 22, 43, 44, 72"
11759,"1, 1, 1, 1, 2, 3, 5, 5, 7, 13, 20, 26, 35, 39, 44, 53"
11760,"1, 1, 1, 1, 1, 2, 2, 6, 8, 17, 22, 23, 35, 38, 44, 54"
11761,"1, 1, 1, 1, 2, 2, 2, 3, 5, 5, 11, 23, 28, 33, 37, 49, 52"
11762,"1, 1, 2, 3, 5, 6, 7, 12, 21, 26, 29, 38, 49, 56"
11763,"1, 1, 1, 2, 4, 5, 15, 16, 24, 28, 33, 38, 44, 44"
11764,"1, 1, 1, 2, 4, 6, 7, 19, 21, 21, 35, 38, 42, 58"
11765,"1, 2, 2, 2, 2, 4, 5, 11, 12, 17, 28, 30, 34, 48, 58"
11766,"1, 1, 1, 1, 2, 2, 2, 3, 3, 5, 13, 23, 24, 35, 37, 48, 55"
11767,"1, 1, 1, 1, 1, 2, 2, 5, 5, 7, 11, 13, 20, 36, 46, 49, 55"
11768,"1, 1, 1, 2, 2, 3, 6, 10, 16, 18, 22, 26, 34, 54, 60"
11769,"1, 1, 2, 2, 2, 3, 4, 4, 4, 16, 18, 23, 28, 34, 52, 62"
11770,"1, 1, 1, 1, 1, 1, 1, 4, 4, 5, 10, 28, 28, 31, 41, 41, 57"
11771,"1, 1, 1, 2, 2, 3, 5, 7, 19, 21, 24, 33, 44, 45, 48"
11772,"1, 1, 1, 1, 2, 2, 2, 3, 4, 10, 13, 16, 19, 33, 38, 52, 58"
11773,"1, 1, 2, 2, 5, 8, 8, 14, 25, 29, 30, 35, 48, 48"
11774,"1, 1, 1, 1, 1, 1, 6, 8, 8, 10, 22, 27, 39, 40, 43, 47"
11775,"1, 1, 1, 1, 2, 5, 6, 8, 11, 21, 28, 41, 41, 41, 48"
11776,"1, 1, 1, 1, 1, 1, 2, 3, 3, 11, 14, 18, 27, 33, 39, 49, 51"
11777,"1, 1, 1, 1, 1, 4, 5, 6, 8, 10, 14, 27, 32, 39, 51, 55"
11778,"1, 1, 1, 1, 2, 3, 3, 3, 9, 13, 18, 25, 35, 36, 42, 63"
11779,"1, 1, 1, 1, 2, 2, 2, 4, 6, 18, 24, 25, 36, 37, 43, 53"
11780,"1, 1, 1, 3, 3, 5, 5, 6, 16, 20, 21, 40, 40, 41, 53"
11781,"1, 1, 1, 1, 2, 2, 2, 3, 7, 12, 23, 27, 32, 39, 49, 54"
11782,"1, 1, 1, 2, 2, 2, 2, 3, 4, 16, 26, 26, 33, 36, 45, 56"
11783,"1, 1, 1, 2, 4, 4, 6, 10, 13, 16, 22, 38, 39, 47, 52"
11784,"1, 1, 2, 3, 3, 3, 4, 10, 14, 15, 26, 33, 45, 46, 50"
11785,"1, 1, 1, 2, 2, 2, 3, 3, 3, 14, 16, 27, 40, 44, 47, 50"
11786,"1, 1, 1, 1, 1, 1, 2, 4, 4, 5, 11, 22, 32, 35, 38, 47, 50"
11787,"1, 2, 2, 2, 3, 4, 4, 5, 12, 17, 28, 30, 44, 48, 54"
11788,"1, 1, 1, 2, 2, 3, 4, 6, 8, 8, 14, 25, 34, 44, 50, 53"
11789,"1, 1, 1, 2, 3, 3, 5, 13, 15, 15, 25, 35, 45, 46, 46"
11790,"1, 1, 1, 1, 1, 4, 5, 6, 16, 24, 28, 28, 31, 54, 55"
11791,"1, 1, 1, 2, 2, 3, 7, 10, 13, 15, 33, 36, 43, 43, 46"
11792,"1, 1, 2, 2, 3, 3, 10, 17, 25, 31, 34, 38, 44, 45"
11793,"1, 1, 1, 2, 2, 3, 5, 9, 16, 25, 26, 29, 34, 45, 57"
11794,"1, 1, 1, 1, 1, 2, 2, 8, 8, 13, 16, 28, 31, 44, 49, 50"
11795,"1, 1, 4, 5, 6, 7, 18, 22, 23, 34, 36, 48, 51"
11796,"1, 1, 1, 1, 2, 2, 2, 4, 4, 6, 12, 15, 30, 36, 39, 44, 56"
11797,"1, 1, 1, 2, 2, 5, 5, 9, 15, 24, 28, 32, 38, 44, 49"
11798,"1, 1, 1, 1, 2, 3, 6, 8, 19, 21, 26, 35, 41, 44, 47"
11799,"1, 1, 1, 2, 2, 2, 3, 4, 8, 15, 19, 30, 32, 39, 43, 54"
11800,"1, 1, 1, 1, 1, 2, 6, 9, 14, 21, 34, 36, 37, 41, 51"
11801,"1, 1, 2, 2, 2, 2, 3, 3, 4, 17, 18, 24, 33, 36, 52, 56"
11802,"1, 1, 1, 2, 4, 5, 9, 18, 26, 32, 34, 35, 42, 46"
11803,"1, 1, 1, 1, 1, 1, 1, 2, 3, 3, 5, 18, 19, 19, 34, 41, 51, 54"
11804,"1, 1, 1, 1, 2, 2, 4, 14, 15, 19, 28, 31, 44, 45, 48"
11805,"1, 1, 1, 1, 2, 4, 4, 16, 16, 17, 27, 35, 43, 44, 44"
11806,"1, 1, 2, 2, 3, 3, 4, 8, 14, 17, 26, 36, 42, 45, 52"
11807,"1, 1, 1, 1, 2, 3, 3, 6, 11, 14, 16, 21, 30, 42, 47, 57"
11808,"1, 1, 1, 1, 1, 1, 2, 3, 3, 5, 11, 16, 25, 40, 46, 47, 52"
11809,"1, 1, 2, 2, 2, 3, 6, 8, 15, 21, 24, 29, 38, 50, 54"
11810,"1, 1, 1, 1, 1, 2, 4, 5, 7, 14, 19, 24, 31, 36, 46, 63"
11811,"1, 1, 1, 1, 1, 3, 3, 3, 5, 19, 20, 21, 40, 41, 48, 48"
11812,"1, 2, 2, 3, 3, 5, 9, 11, 22, 24, 30, 36, 50, 58"
11813,"1, 1, 1, 1, 1, 2, 2, 4, 6, 20, 23, 24, 30, 37, 46, 57"
11814,"1, 1, 1, 1, 2, 3, 4, 6, 21, 22, 23, 38, 39, 40, 54"
11815,"1, 1, 1, 1, 1, 1, 1, 2, 2, 6, 8, 8, 18, 32, 34, 37, 41, 61"
11816,"1, 1, 1, 2, 2, 3, 5, 7, 16, 18, 21, 38, 42, 45, 54"
11817,"1, 1, 1, 1, 1, 2, 2, 3, 9, 18, 19, 23, 39, 41, 44, 51"
11818,"1, 1, 1, 1, 2, 2, 2, 6, 7, 13, 18, 26, 34, 34, 50, 58"
11819,"1, 1, 1, 2, 2, 3, 10, 17, 24, 25, 27, 37, 46, 60"
11820,"1, 1, 2, 2, 2, 2, 3, 10, 19, 21, 30, 31, 40, 44, 48"
11821,"1, 1, 2, 2, 3, 3, 4, 4, 6, 14, 14, 16, 35, 36, 53, 62"
11822,"1, 1, 1, 1, 2, 2, 5, 5, 9, 12, 16, 21, 30, 45, 47, 58"
11823,"1, 1, 1, 1, 1, 1, 2, 2, 8, 21, 24, 24, 33, 45, 45, 46"
11824,"1, 1, 1, 2, 2, 2, 3, 5, 7, 13, 17, 28, 29, 34, 54, 57"
11825,"1, 1, 3, 3, 4, 4, 6, 22, 23, 26, 33, 38, 38, 54"
11826,"1, 1, 1, 1, 1, 1, 3, 9, 9, 11, 24, 29, 37, 38, 41, 49"
11827,"1, 1, 1, 1, 1, 2, 2, 3, 9, 18, 18, 24, 43, 43, 44, 45"
11828,"1, 1, 2, 2, 2, 3, 4, 10, 14, 23, 29, 30, 38, 47, 50"
11829,"1, 2, 2, 2, 2, 3, 6, 9, 13, 16, 26, 34, 42, 42, 56"
11830,"1, 1, 1, 1, 3, 3, 3, 3, 9, 16, 17, 19, 30, 38, 52, 59"
11831,"1, 1, 1, 1, 1, 2, 4, 4, 6, 18, 24, 26, 37, 41, 43, 46"
11832,"1, 1, 1, 1, 2, 3, 3, 3, 9, 15, 27, 28, 31, 34, 45, 52"
11833,"1, 1, 1, 1, 2, 2, 2, 3, 7, 20, 20, 23, 40, 40, 40, 53"
11834,"1, 1, 1, 3, 3, 5, 5, 17, 23, 25, 38, 39, 46, 49"
11835,"1, 1, 2, 3, 4, 6, 8, 18, 20, 22, 33, 42, 42, 54"
11836,"1, 1, 2, 3, 4, 4, 7, 14, 25, 32, 34, 37, 46, 46"
11837,"1, 1, 1, 2, 3, 3, 5, 11, 13, 19, 23, 27, 42, 49, 56"
11838,"1, 1, 3, 3, 6, 6, 9, 10, 23, 25, 34, 35, 48, 52"
11839,"1, 1, 1, 1, 2, 2, 2, 4, 10, 16, 23, 28, 33, 37, 42, 53"
11840,"1, 1, 2, 3, 4, 5, 6, 19, 21, 27, 39, 40, 42, 46"
11841,"1, 1, 1, 3, 3, 3, 9, 9, 11, 14, 27, 33, 44, 45, 52"
11842,"1, 1, 1, 1, 2, 2, 4, 4, 11, 12, 14, 24, 34, 43, 48, 54"
11843,"1, 1, 1, 1, 1, 2, 3, 3, 5, 14, 17, 29, 31, 45, 47, 55"
11844,"1, 1, 1, 2, 2, 3, 4, 6, 22, 24, 24, 24, 28, 46, 68"
11845,"1, 1, 1, 2, 2, 3, 6, 14, 15, 15, 24, 37, 44, 45, 46"
11846,"1, 1, 1, 1, 1, 2, 3, 4, 8, 17, 27, 30, 31, 35, 43, 51"
11847,"1, 1, 1, 2, 2, 3, 3, 6, 11, 29, 32, 52, 55, 58"
11848,"1, 1, 1, 1, 1, 1, 2, 6, 8, 17, 19, 20, 42, 43, 43, 50"
11849,"1, 1, 1, 1, 3, 3, 3, 6, 15, 25, 38, 46, 54, 59"
11850,"1, 1, 1, 1, 1, 2, 3, 3, 11, 17, 17, 19, 31, 37, 51, 60"
11851,"1, 1, 1, 2, 2, 3, 3, 3, 16, 29, 32, 33, 35, 47, 48"
11852,"1, 1, 2, 3, 5, 8, 22, 25, 25, 31, 38, 40, 55"
11853,"1, 1, 1, 1, 2, 2, 2, 3, 4, 15, 22, 30, 38, 41, 46, 47"
11854,"1, 1, 1, 1, 1, 1, 2, 2, 3, 3, 14, 24, 31, 37, 37, 48, 49"
11855,"1, 2, 2, 3, 4, 6, 9, 14, 15, 30, 36, 38, 44, 52"
11856,"1, 1, 1, 1, 2, 2, 4, 6, 10, 12, 19, 24, 37, 37, 49, 50"
11857,"1, 1, 1, 1, 2, 2, 3, 7, 19, 28, 31, 31, 34, 43, 52"
11858,"1, 1, 1, 2, 3, 4, 5, 8, 11, 27, 28, 41, 60, 64"
11859,"1, 1, 1, 1, 1, 2, 4, 4, 9, 10, 22, 28, 30, 41, 48, 53"
11860,"1, 1, 1, 1, 2, 2, 3, 6, 6, 14, 22, 23, 24, 39, 47, 64"
11861,"1, 1, 1, 1, 1, 1, 1, 2, 8, 18, 22, 32, 37, 39, 45, 46"
11862,"1, 1, 1, 1, 1, 3, 6, 9, 15, 19, 25, 38, 44, 45, 47"
11863,"1, 1, 1, 1, 1, 2, 3, 3, 5, 5, 9, 18, 34, 34, 41, 47, 50"
11864,"1, 1, 1, 1, 1, 2, 2, 3, 4, 8, 17, 18, 18, 32, 42, 43, 62"
11865,"1, 1, 1, 1, 2, 3, 4, 7, 12, 21, 30, 30, 41, 50, 52"
11866,"1, 1, 1, 2, 2, 2, 3, 5, 18, 26, 27, 34, 43, 43, 48"
11867,"1, 1, 1, 2, 2, 3, 4, 10, 15, 20, 28, 32, 37, 40, 60"
11868,"1, 1, 1, 1, 6, 6, 8, 18, 23, 24, 38, 39, 40, 50"
11869,"1, 1, 1, 1, 2, 2, 3, 4, 6, 15, 25, 28, 32, 36, 45, 54"
11870,"1, 1, 1, 2, 4, 4, 6, 18, 24, 26, 35, 35, 44, 55"
11871,"1, 1, 1, 1, 4, 4, 4, 5, 17, 18, 20, 33, 34, 49, 64"
11872,"1, 1, 1, 1, 2, 2, 2, 2, 2, 11, 12, 16, 25, 36, 40, 49, 53"
11873,"1, 1, 3, 3, 5, 7, 7, 19, 19, 20, 32, 42, 47, 50"
11874,"1, 1, 1, 2, 2, 2, 4, 8, 14, 15, 22, 36, 36, 48, 64"
11875,"1, 1, 1, 1, 1, 2, 2, 3, 5, 7, 15, 19, 28, 33, 33, 52, 52"
11876,"1, 2, 2, 3, 4, 5, 7, 11, 26, 29, 32, 40, 42, 52"
11877,"1, 1, 1, 1, 2, 2, 3, 5, 5, 17, 18, 24, 32, 46, 48, 50"
11878,"1, 1, 1, 1, 1, 2, 2, 3, 3, 10, 11, 21, 27, 30, 33, 50, 59"
11879,"1, 1, 2, 3, 3, 3, 5, 21, 25, 28, 35, 40, 42, 47"
11880,"1, 1, 1, 3, 4, 6, 8, 17, 20, 24, 34, 43, 44, 50"
11881,"1, 1, 1, 1, 1, 2, 3, 4, 10, 19, 20, 24, 38, 41, 42, 48"
11882,"1, 1, 1, 1, 2, 2, 3, 5, 22, 28, 29, 33, 39, 42, 47"
11883,"1, 1, 1, 1, 1, 5, 5, 7, 21, 24, 26, 29, 43, 45, 46"
11884,"1, 1, 1, 1, 2, 3, 4, 8, 20, 29, 31, 34, 34, 35, 52"
11885,"1, 1, 1, 3, 4, 4, 4, 8, 18, 20, 22, 31, 33, 46, 60"
11886,"1, 1, 2, 2, 3, 3, 13, 21, 25, 27, 32, 36, 40, 50"
11887,"1, 2, 2, 2, 5, 7, 24, 27, 28, 34, 34, 44, 46"
11888,"1, 1, 1, 2, 2, 2, 2, 4, 6, 14, 25, 28, 32, 37, 44, 55"
11889,"1, 1, 1, 1, 1, 1, 1, 2, 6, 24, 25, 27, 29, 34, 46, 56"
11890,"1, 1, 1, 1, 1, 2, 4, 12, 19, 25, 29, 29, 31, 48, 52"
11891,"1, 1, 1, 1, 1, 1, 2, 2, 3, 10, 15, 16, 23, 38, 45, 46, 50"
11892,"1, 1, 1, 1, 1, 2, 3, 5, 5, 15, 22, 29, 40, 41, 44, 45"
11893,"1, 1, 1, 1, 1, 1, 3, 9, 17, 22, 31, 32, 39, 44, 53"
11894,"1, 2, 3, 3, 3, 3, 3, 5, 15, 18, 25, 31, 42, 48, 54"
11895,"1, 1, 1, 1, 1, 2, 3, 3, 11, 18, 18, 29, 39, 42, 43, 43"
11896,"1, 1, 1, 1, 1, 1, 2, 3, 3, 7, 13, 22, 32, 36, 39, 45, 48"
11897,"1, 1, 1, 1, 1, 2, 2, 3, 4, 5, 13, 25, 29, 39, 64, 65"
11898,"1, 1, 1, 1, 2, 2, 2, 2, 3, 5, 15, 22, 24, 27, 36, 53, 59"
11899,"1, 1, 2, 3, 4, 8, 10, 14, 21, 25, 30, 38, 45, 54"
11900,"1, 1, 1, 1, 1, 2, 2, 3, 3, 5, 14, 17, 27, 35, 40, 47, 56"
11901,"1, 1, 1, 1, 1, 3, 3, 9, 22, 23, 28, 34, 37, 40, 52"
11902,"1, 2, 2, 3, 7, 7, 9, 11, 13, 24, 38, 39, 48, 52"
11903,"1, 1, 1, 2, 2, 2, 2, 5, 9, 15, 18, 26, 36, 41, 43, 52"
11904,"1, 1, 1, 2, 2, 2, 3, 7, 18, 21, 30, 38, 42, 44, 44"
11905,"1, 1, 1, 1, 1, 1, 3, 4, 8, 15, 16, 30, 35, 40, 44, 55"
11906,"1, 1, 1, 2, 2, 3, 3, 4, 4, 16, 20, 23, 36, 39, 44, 57"
11907,"1, 3, 5, 6, 31, 43, 67, 100"
11908,"1, 1, 2, 2, 3, 7, 9, 19, 22, 26, 30, 30, 50, 54"
11909,"1, 1, 1, 1, 1, 1, 1, 3, 3, 4, 6, 8, 14, 32, 35, 47, 48, 49"
11910,"1, 1, 2, 2, 4, 4, 6, 10, 13, 14, 22, 38, 44, 45, 50"
11911,"1, 1, 1, 1, 2, 2, 3, 3, 9, 18, 20, 29, 31, 32, 51, 52"
11912,"1, 1, 1, 1, 2, 3, 3, 5, 7, 17, 18, 25, 33, 36, 49, 54"
11913,"1, 1, 1, 1, 1, 2, 3, 3, 11, 13, 15, 23, 39, 47, 47, 48"
11914,"1, 1, 1, 2, 2, 3, 3, 3, 5, 15, 20, 23, 38, 39, 45, 55"
11915,"1, 1, 1, 1, 3, 4, 4, 5, 18, 23, 24, 33, 35, 47, 56"
11916,"1, 1, 1, 1, 1, 2, 4, 4, 4, 18, 24, 24, 36, 37, 41, 57"
11917,"1, 1, 1, 1, 2, 4, 9, 10, 11, 17, 25, 37, 40, 45, 52"
11918,"1, 1, 1, 1, 1, 4, 4, 6, 10, 12, 16, 24, 27, 41, 45, 62"
11919,"1, 1, 1, 2, 5, 7, 11, 13, 19, 29, 39, 40, 44, 44"
11920,"1, 1, 1, 3, 3, 4, 13, 22, 24, 27, 32, 33, 44, 48"
11921,"1, 1, 1, 2, 2, 2, 3, 3, 9, 16, 17, 19, 34, 43, 43, 60"
11922,"1, 1, 1, 2, 2, 3, 4, 7, 18, 19, 23, 36, 44, 46, 49"
11923,"1, 1, 2, 2, 2, 2, 3, 3, 6, 14, 16, 20, 37, 47, 48, 52"
11924,"1, 1, 1, 1, 1, 2, 4, 8, 8, 10, 16, 27, 33, 46, 46, 51"
11925,"1, 1, 1, 1, 1, 1, 3, 4, 5, 7, 13, 14, 22, 35, 45, 47, 55"
11926,"1, 1, 1, 1, 3, 6, 7, 8, 17, 18, 27, 33, 35, 48, 50"
11927,"1, 1, 1, 1, 2, 4, 6, 10, 12, 21, 30, 32, 42, 46, 47"
11928,"1, 1, 2, 2, 2, 2, 2, 8, 22, 23, 29, 32, 36, 46, 48"
11929,"1, 1, 1, 1, 2, 2, 2, 4, 4, 20, 22, 25, 30, 38, 46, 57"
11930,"1, 2, 5, 5, 5, 6, 18, 21, 29, 30, 40, 40, 54"
11931,"1, 1, 1, 1, 2, 2, 2, 2, 2, 10, 13, 16, 28, 33, 39, 50, 53"
11932,"1, 1, 1, 1, 3, 4, 4, 8, 16, 19, 22, 34, 37, 50, 55"
11933,"1, 1, 2, 2, 2, 3, 4, 8, 13, 23, 24, 35, 38, 48, 52"
11934,"1, 1, 2, 3, 3, 4, 7, 9, 10, 16, 26, 35, 41, 48, 50"
11935,"1, 1, 1, 1, 2, 4, 5, 8, 14, 16, 19, 37, 38, 51, 58"
11936,"1, 1, 1, 1, 2, 3, 3, 7, 9, 9, 20, 29, 32, 40, 47, 51"
11937,"1, 1, 1, 1, 2, 2, 5, 8, 17, 26, 33, 36, 37, 42, 44"
11938,"1, 1, 1, 4, 7, 9, 18, 20, 29, 33, 42, 44, 47"
11939,"1, 1, 1, 2, 2, 4, 5, 8, 18, 23, 25, 28, 36, 43, 59"
11940,"1, 1, 1, 1, 1, 2, 3, 5, 6, 16, 26, 32, 34, 37, 43, 47"
11941,"1, 1, 1, 1, 2, 2, 2, 4, 6, 6, 10, 19, 22, 38, 41, 48, 52"
11942,"1, 3, 4, 5, 7, 11, 11, 23, 23, 36, 38, 46, 48"
11943,"1, 1, 1, 2, 2, 2, 3, 4, 11, 12, 17, 28, 31, 43, 48, 50"
11944,"1, 1, 1, 1, 3, 4, 6, 6, 14, 20, 27, 29, 36, 51, 56"
11945,"1, 1, 2, 2, 4, 4, 6, 6, 16, 18, 24, 34, 34, 52, 52"
11946,"1, 1, 2, 3, 3, 5, 5, 7, 11, 12, 23, 31, 40, 56, 56"
11947,"1, 1, 1, 1, 2, 2, 3, 9, 9, 10, 18, 23, 36, 36, 46, 58"
11948,"1, 1, 1, 1, 2, 2, 6, 14, 17, 21, 25, 36, 39, 44, 46"
11949,"1, 1, 1, 1, 2, 3, 5, 6, 7, 12, 14, 24, 37, 45, 46, 51"
11950,"1, 1, 1, 1, 1, 2, 2, 3, 3, 3, 15, 18, 23, 35, 37, 54, 56"
11951,"1, 1, 1, 1, 1, 2, 2, 4, 11, 17, 20, 25, 27, 30, 53, 60"
11952,"1, 1, 1, 1, 1, 3, 3, 15, 18, 20, 27, 31, 33, 48, 53"
11953,"1, 1, 1, 1, 1, 2, 2, 3, 4, 6, 13, 25, 32, 35, 37, 45, 47"
11954,"1, 1, 2, 2, 2, 3, 4, 6, 18, 21, 23, 28, 40, 41, 64"
11955,"1, 1, 1, 1, 1, 1, 1, 1, 2, 3, 9, 14, 16, 23, 38, 40, 50, 53"
11956,"1, 1, 1, 2, 2, 2, 2, 5, 5, 19, 20, 21, 32, 40, 46, 57"
11957,"1, 2, 2, 2, 4, 4, 5, 7, 14, 18, 19, 30, 32, 56, 60"
11958,"1, 2, 2, 2, 3, 6, 7, 17, 22, 28, 30, 34, 48, 54"
11959,"1, 1, 1, 2, 2, 3, 5, 7, 17, 19, 24, 34, 45, 46, 49"
11960,"1, 1, 1, 1, 1, 2, 3, 5, 7, 7, 7, 15, 29, 31, 45, 49, 51"
11961,"1, 1, 1, 1, 2, 2, 2, 9, 9, 14, 18, 19, 34, 42, 45, 56"
11962,"1, 1, 2, 3, 3, 8, 12, 12, 15, 30, 31, 37, 44, 57"
11963,"1, 1, 1, 2, 2, 3, 8, 10, 13, 23, 30, 37, 38, 39, 48"
11964,"1, 1, 1, 2, 2, 3, 6, 20, 27, 29, 35, 39, 44, 46"
11965,"1, 4, 4, 6, 10, 22, 23, 28, 30, 38, 40, 50"
11966,"1, 1, 1, 1, 2, 5, 5, 7, 19, 21, 25, 37, 40, 40, 51"
11967,"1, 1, 1, 1, 1, 1, 4, 6, 6, 17, 23, 24, 29, 43, 44, 54"
11968,"1, 1, 1, 1, 2, 3, 5, 5, 5, 15, 22, 24, 25, 39, 44, 63"
11969,"1, 1, 1, 2, 3, 3, 3, 9, 21, 21, 29, 31, 32, 40, 59"
11970,"1, 1, 2, 2, 6, 7, 8, 9, 21, 28, 34, 39, 48, 50"
11971,"1, 2, 2, 2, 2, 36, 45, 70, 96"
11972,"1, 1, 1, 2, 2, 3, 5, 7, 18, 25, 26, 27, 34, 52, 52"
11973,"1, 1, 1, 1, 2, 2, 4, 7, 7, 12, 23, 24, 28, 37, 48, 58"
11974,"1, 1, 1, 2, 3, 4, 4, 11, 12, 17, 26, 32, 45, 47, 50"
11975,"1, 1, 1, 2, 3, 4, 5, 12, 13, 16, 29, 32, 43, 46, 48"
11976,"1, 1, 1, 2, 2, 2, 3, 4, 4, 19, 22, 24, 36, 38, 41, 56"
11977,"1, 1, 1, 2, 2, 2, 2, 12, 17, 18, 26, 36, 36, 48, 52"
11978,"1, 1, 1, 1, 1, 1, 3, 6, 11, 18, 22, 31, 31, 31, 47, 50"
11979,"1, 1, 1, 1, 2, 3, 4, 7, 20, 27, 28, 33, 34, 40, 54"
11980,"1, 1, 1, 1, 4, 4, 6, 8, 14, 18, 20, 30, 33, 57, 58"
11981,"1, 1, 1, 2, 2, 3, 6, 8, 17, 23, 24, 37, 38, 44, 49"
11982,"1, 2, 2, 4, 4, 5, 12, 17, 19, 20, 30, 36, 48, 56"
11983,"1, 1, 1, 1, 3, 3, 4, 9, 22, 22, 27, 34, 38, 39, 51"
11984,"1, 1, 1, 1, 2, 2, 3, 4, 8, 13, 23, 29, 32, 37, 48, 51"
11985,"1, 1, 1, 1, 1, 1, 2, 3, 4, 8, 9, 18, 20, 40, 42, 52, 52"
11986,"1, 1, 1, 1, 2, 2, 2, 2, 3, 5, 10, 19, 25, 32, 35, 54, 61"
11987,"1, 1, 1, 1, 1, 1, 1, 1, 3, 4, 4, 15, 22, 27, 39, 43, 45, 46"
11988,"1, 1, 1, 1, 1, 2, 2, 6, 22, 23, 29, 32, 40, 47, 48"
11989,"1, 1, 1, 1, 1, 1, 3, 3, 6, 12, 23, 33, 37, 39, 45, 49"
11990,"1, 1, 1, 2, 2, 2, 4, 8, 20, 25, 27, 34, 36, 44, 49"
11991,"1, 1, 1, 1, 2, 3, 3, 4, 6, 17, 19, 24, 35, 42, 43, 54"
11992,"1, 1, 1, 1, 1, 1, 2, 2, 3, 9, 16, 20, 25, 37, 43, 44, 49"
11993,"1, 1, 1, 1, 1, 4, 4, 4, 5, 15, 25, 37, 47, 54, 56"
11994,"1, 1, 1, 1, 3, 3, 3, 5, 21, 23, 30, 30, 38, 40, 56"
11995,"1, 1, 1, 1, 2, 3, 8, 10, 19, 20, 22, 33, 41, 46, 48"
11996,"1, 1, 1, 1, 2, 2, 2, 4, 6, 12, 23, 33, 38, 38, 43, 49"
11997,"1, 1, 1, 1, 3, 4, 5, 7, 16, 21, 23, 34, 44, 45, 50"
11998,"1, 1, 1, 1, 2, 3, 3, 5, 5, 15, 16, 30, 39, 43, 43, 48"
11999,"1, 1, 1, 1, 1, 1, 2, 4, 10, 17, 17, 25, 38, 42, 43, 52"
12000,"1, 1, 1, 1, 2, 2, 2, 3, 7, 7, 11, 17, 23, 34, 38, 49, 57"
12001,"1, 1, 1, 1, 1, 3, 3, 3, 11, 17, 20, 23, 35, 41, 43, 52"
12002,"1, 1, 1, 1, 1, 1, 2, 3, 4, 5, 14, 17, 20, 41, 42, 47, 55"
12003,"1, 1, 1, 2, 3, 3, 5, 6, 15, 20, 21, 36, 39, 47, 56"
12004,"1, 1, 1, 1, 2, 2, 3, 7, 7, 14, 19, 22, 38, 41, 47, 50"
12005,"1, 1, 1, 2, 2, 4, 4, 14, 14, 21, 26, 31, 36, 46, 53"
12006,"1, 1, 1, 1, 2, 2, 2, 3, 3, 9, 14, 15, 20, 39, 45, 47, 51"
12007,"1, 1, 1, 2, 2, 2, 5, 6, 6, 11, 11, 22, 39, 40, 52, 55"
12008,"1, 1, 1, 2, 3, 4, 4, 5, 19, 23, 30, 32, 36, 39, 56"
12009,"1, 1, 1, 2, 3, 4, 4, 12, 17, 19, 21, 23, 24, 60, 64"
12010,"1, 2, 3, 4, 5, 6, 6, 14, 20, 23, 32, 34, 52, 54"
12011,"1, 1, 1, 1, 1, 2, 2, 2, 12, 14, 26, 34, 34, 35, 42, 48"
12012,"1, 1, 1, 1, 2, 3, 3, 3, 3, 5, 9, 18, 21, 37, 43, 47, 58"
12013,"1, 1, 2, 3, 3, 4, 8, 15, 23, 29, 36, 40, 45, 46"
12014,"1, 1, 1, 1, 1, 1, 1, 13, 25, 25, 28, 35, 37, 37, 49"
12015,"1, 1, 1, 1, 1, 1, 1, 2, 2, 3, 9, 12, 12, 27, 34, 40, 50, 58"
12016,"1, 1, 1, 1, 2, 2, 8, 10, 16, 21, 31, 31, 38, 40, 53"
12017,"1, 1, 1, 5, 5, 6, 6, 16, 18, 32, 34, 35, 46, 50"
12018,"1, 1, 1, 2, 2, 3, 5, 5, 7, 9, 17, 31, 37, 42, 44, 49"
12019,"1, 1, 1, 1, 1, 2, 4, 6, 10, 14, 20, 28, 32, 33, 48, 54"
12020,"1, 1, 1, 1, 1, 2, 2, 2, 2, 9, 12, 19, 30, 33, 39, 40, 61"
12021,"1, 1, 1, 1, 2, 2, 3, 3, 8, 17, 19, 29, 31, 34, 43, 61"
12022,"1, 1, 1, 2, 2, 2, 3, 11, 18, 23, 25, 26, 29, 52, 60"
12023,"1, 1, 1, 1, 3, 3, 4, 4, 8, 12, 22, 24, 27, 37, 48, 60"
12024,"1, 1, 1, 2, 3, 3, 9, 16, 21, 30, 31, 35, 40, 63"
12025,"1, 1, 1, 2, 2, 3, 3, 3, 7, 15, 17, 23, 35, 43, 46, 54"
12026,"1, 1, 1, 1, 2, 2, 4, 6, 18, 22, 30, 32, 38, 46, 52"
12027,"1, 1, 1, 1, 1, 1, 2, 3, 4, 4, 15, 21, 25, 36, 40, 44, 56"
12028,"1, 1, 1, 1, 3, 5, 17, 17, 21, 22, 32, 42, 43, 50"
12029,"1, 1, 1, 4, 4, 6, 9, 11, 19, 33, 37, 40, 44, 46"
12030,"1, 1, 1, 1, 2, 3, 3, 4, 5, 8, 23, 31, 41, 64, 68"
12031,"1, 1, 2, 3, 3, 3, 5, 21, 22, 29, 34, 36, 38, 58"
12032,"1, 1, 1, 1, 1, 2, 2, 3, 7, 17, 25, 32, 36, 37, 44, 46"
12033,"1, 1, 1, 2, 2, 2, 3, 4, 12, 13, 17, 26, 35, 38, 47, 52"
12034,"1, 1, 1, 1, 2, 2, 2, 2, 2, 4, 16, 24, 28, 31, 36, 46, 57"
12035,"1, 1, 2, 2, 2, 3, 5, 5, 14, 22, 27, 40, 40, 46, 46"
12036,"1, 1, 2, 2, 3, 4, 5, 21, 23, 25, 36, 38, 39, 56"
12037,"1, 2, 2, 3, 4, 6, 10, 14, 16, 28, 34, 38, 48, 50"
12038,"1, 1, 3, 4, 4, 8, 8, 12, 14, 32, 36, 37, 44, 52"
12039,"1, 1, 1, 3, 5, 5, 6, 6, 11, 20, 23, 30, 37, 47, 60"
12040,"1, 1, 1, 1, 1, 1, 2, 3, 4, 8, 11, 22, 29, 38, 39, 45, 49"
12041,"1, 1, 1, 1, 1, 1, 2, 4, 14, 18, 18, 29, 32, 42, 43, 48"
12042,"1, 1, 2, 3, 4, 4, 5, 9, 15, 16, 16, 33, 38, 52, 57"
12043,"1, 1, 1, 2, 2, 2, 4, 4, 8, 16, 18, 20, 32, 36, 50, 59"
12044,"1, 1, 1, 1, 1, 2, 2, 2, 4, 4, 15, 19, 22, 30, 40, 55, 56"
12045,"1, 1, 1, 3, 5, 7, 8, 14, 24, 28, 34, 43, 43, 44"
12046,"1, 1, 1, 1, 2, 4, 4, 4, 4, 14, 19, 28, 31, 42, 47, 53"
12047,"1, 2, 2, 2, 3, 3, 4, 7, 11, 21, 26, 34, 38, 46, 56"
12048,"1, 1, 1, 3, 4, 4, 6, 8, 10, 20, 24, 35, 40, 48, 51"
12049,"1, 1, 1, 1, 1, 2, 2, 2, 5, 7, 16, 22, 24, 29, 29, 53, 60"
12050,"1, 1, 3, 5, 5, 6, 8, 13, 18, 19, 40, 42, 45, 50"
12051,"1, 1, 1, 1, 2, 5, 16, 19, 21, 30, 32, 33, 45, 49"
12052,"1, 1, 1, 1, 2, 3, 3, 6, 8, 15, 19, 19, 37, 41, 49, 50"
12053,"1, 1, 1, 1, 4, 4, 8, 8, 14, 20, 28, 31, 34, 47, 54"
12054,"1, 1, 1, 2, 2, 3, 4, 4, 6, 13, 25, 26, 32, 35, 47, 54"
12055,"1, 1, 1, 1, 2, 2, 2, 4, 10, 15, 18, 24, 37, 44, 46, 48"
12056,"1, 1, 1, 3, 3, 6, 7, 11, 12, 13, 20, 29, 39, 54, 56"
12057,"1, 1, 1, 1, 1, 2, 2, 15, 16, 17, 28, 32, 45, 46, 48"
12058,"1, 1, 1, 1, 1, 1, 1, 2, 6, 7, 8, 18, 25, 36, 36, 55, 56"
12059,"1, 1, 1, 1, 5, 8, 10, 17, 24, 31, 37, 38, 40, 42"
12060,"1, 1, 1, 1, 1, 1, 2, 3, 3, 7, 15, 19, 30, 31, 31, 53, 56"
12061,"1, 1, 1, 1, 1, 1, 1, 2, 3, 8, 19, 19, 27, 32, 35, 51, 53"
12062,"1, 1, 1, 2, 2, 6, 8, 22, 24, 26, 27, 37, 49, 50"
12063,"1, 1, 2, 2, 3, 4, 5, 8, 15, 22, 25, 36, 36, 44, 52"
12064,"1, 1, 1, 1, 2, 3, 5, 7, 19, 22, 30, 38, 39, 41, 46"
12065,"1, 1, 1, 1, 2, 2, 2, 3, 9, 16, 21, 21, 36, 39, 40, 61"
12066,"1, 1, 1, 1, 1, 2, 2, 6, 12, 16, 18, 24, 37, 44, 45, 45"
12067,"1, 1, 1, 1, 1, 3, 5, 7, 12, 21, 22, 37, 47, 47, 50"
12068,"1, 1, 1, 1, 1, 2, 3, 4, 4, 15, 26, 30, 31, 39, 40, 57"
12069,"1, 1, 1, 1, 2, 2, 3, 3, 5, 6, 10, 17, 25, 35, 42, 47, 55"
12070,"1, 1, 1, 2, 2, 2, 2, 5, 10, 15, 17, 26, 42, 43, 43, 44"
12071,"1, 1, 1, 2, 3, 5, 11, 21, 21, 27, 30, 33, 40, 60"
12072,"1, 1, 1, 1, 2, 4, 6, 8, 16, 20, 30, 32, 36, 40, 58"
12073,"1, 1, 1, 1, 1, 2, 3, 3, 4, 22, 26, 27, 35, 35, 37, 57"
12074,"1, 1, 1, 1, 2, 3, 5, 6, 9, 31, 32, 43, 56, 65"
12075,"1, 1, 3, 3, 4, 8, 10, 12, 20, 29, 31, 40, 44, 50"
12076,"1, 1, 1, 1, 1, 2, 2, 3, 3, 5, 18, 20, 21, 39, 41, 42, 55"
12077,"1, 1, 1, 1, 2, 2, 3, 4, 12, 13, 16, 24, 37, 43, 48, 48"
12078,"1, 1, 1, 3, 3, 4, 5, 5, 12, 19, 27, 37, 43, 47, 48"
12079,"1, 1, 1, 1, 1, 1, 3, 4, 9, 14, 22, 30, 36, 36, 43, 53"
12080,"1, 1, 1, 1, 2, 2, 3, 4, 4, 17, 23, 26, 28, 31, 54, 58"
12081,"1, 1, 1, 1, 2, 2, 2, 4, 8, 16, 18, 28, 38, 41, 42, 51"
12082,"1, 1, 1, 1, 2, 2, 3, 5, 7, 14, 16, 23, 31, 38, 55, 56"
12083,"1, 1, 2, 4, 6, 8, 8, 14, 19, 26, 33, 34, 48, 52"
12084,"1, 1, 1, 2, 3, 3, 4, 7, 15, 16, 19, 33, 40, 47, 64"
12085,"1, 1, 1, 1, 3, 4, 4, 6, 18, 26, 27, 32, 36, 40, 56"
12086,"1, 1, 1, 1, 1, 1, 1, 4, 5, 10, 11, 24, 31, 31, 39, 45, 49"
12087,"1, 1, 1, 1, 1, 2, 2, 3, 8, 16, 20, 23, 35, 37, 52, 53"
12088,"1, 1, 1, 1, 2, 3, 3, 3, 9, 15, 22, 29, 30, 39, 45, 52"
12089,"1, 1, 1, 2, 2, 2, 3, 6, 8, 14, 20, 22, 31, 38, 48, 57"
12090,"1, 1, 1, 1, 3, 3, 4, 5, 6, 7, 22, 25, 25, 40, 50, 62"
12091,"1, 1, 1, 2, 2, 3, 4, 6, 8, 9, 21, 26, 32, 39, 50, 51"
12092,"1, 1, 1, 2, 3, 3, 4, 10, 15, 15, 31, 38, 41, 45, 46"
12093,"1, 1, 1, 1, 2, 2, 2, 5, 5, 18, 28, 29, 31, 41, 43, 46"
12094,"1, 1, 2, 3, 3, 6, 9, 18, 22, 32, 33, 34, 44, 48"
12095,"1, 1, 1, 1, 2, 3, 3, 10, 23, 24, 29, 32, 37, 38, 51"
12096,"1, 1, 1, 1, 1, 2, 3, 6, 8, 10, 18, 25, 40, 45, 46, 48"
12097,"1, 1, 1, 2, 3, 4, 5, 5, 13, 22, 30, 37, 38, 46, 48"
12098,"1, 1, 1, 1, 1, 3, 3, 4, 8, 17, 22, 25, 31, 33, 52, 53"
12099,"1, 2, 2, 2, 3, 4, 4, 6, 17, 18, 18, 32, 39, 52, 56"
12100,"1, 1, 1, 3, 5, 7, 11, 15, 19, 23, 33, 37, 48, 52"
12101,"1, 1, 1, 2, 3, 5, 6, 9, 13, 15, 24, 26, 44, 46, 60"
12102,"1, 1, 1, 1, 2, 3, 6, 6, 14, 18, 31, 36, 36, 44, 56"
12103,"1, 1, 2, 2, 2, 4, 4, 6, 14, 21, 29, 32, 38, 46, 54"
12104,"1, 1, 1, 1, 1, 2, 4, 9, 17, 23, 30, 31, 32, 49, 54"
12105,"1, 1, 1, 1, 1, 2, 2, 3, 3, 4, 6, 7, 17, 20, 39, 43, 52, 53"
12106,"1, 1, 1, 1, 2, 2, 8, 8, 18, 22, 22, 33, 39, 44, 54"
12107,"1, 1, 1, 2, 3, 3, 4, 10, 18, 18, 25, 36, 41, 41, 52"
12108,"1, 1, 1, 1, 2, 2, 2, 16, 18, 19, 31, 32, 33, 43, 54"
12109,"1, 1, 1, 2, 5, 7, 9, 17, 19, 23, 32, 37, 50, 52"
12110,"1, 1, 1, 2, 2, 3, 4, 12, 15, 15, 24, 27, 46, 47, 56"
12111,"1, 1, 1, 2, 2, 2, 2, 6, 6, 12, 21, 30, 38, 40, 44, 48"
12112,"1, 1, 1, 2, 2, 3, 6, 8, 18, 22, 27, 30, 41, 42, 52"
12113,"1, 1, 2, 2, 3, 4, 6, 6, 18, 18, 25, 34, 34, 48, 54"
12114,"1, 1, 1, 2, 2, 2, 32, 46, 78, 91"
12115,"1, 1, 1, 1, 1, 1, 2, 5, 5, 7, 11, 18, 30, 30, 43, 48, 51"
12116,"1, 1, 1, 1, 1, 4, 4, 4, 7, 15, 17, 27, 33, 43, 48, 49"
12117,"1, 1, 1, 2, 3, 5, 6, 8, 17, 20, 22, 31, 39, 42, 58"
12118,"1, 1, 2, 2, 3, 3, 3, 7, 18, 19, 22, 38, 40, 41, 56"
12119,"1, 1, 1, 1, 2, 2, 3, 5, 9, 9, 19, 28, 32, 41, 50, 52"
12120,"1, 1, 1, 2, 2, 3, 3, 5, 5, 6, 25, 29, 45, 64, 64"
12121,"1, 1, 1, 2, 2, 2, 3, 7, 20, 21, 22, 37, 41, 42, 54"
12122,"1, 1, 2, 2, 2, 2, 4, 8, 16, 23, 28, 32, 37, 44, 54"
12123,"1, 1, 2, 3, 3, 8, 10, 13, 23, 29, 32, 38, 46, 47"
12124,"1, 1, 2, 2, 3, 4, 4, 8, 16, 22, 26, 28, 36, 43, 60"
12125,"1, 1, 1, 1, 5, 7, 9, 17, 19, 25, 32, 36, 46, 56"
12126,"1, 1, 2, 2, 2, 4, 4, 8, 16, 22, 30, 38, 38, 44, 44"
12127,"1, 1, 1, 1, 2, 2, 2, 4, 6, 16, 22, 30, 32, 39, 44, 53"
12128,"1, 1, 1, 1, 1, 1, 1, 4, 4, 12, 16, 18, 25, 37, 43, 43, 47"
12129,"1, 1, 1, 2, 3, 5, 13, 19, 19, 22, 29, 41, 48, 52"
12130,"1, 1, 1, 1, 2, 3, 4, 6, 10, 14, 16, 18, 35, 41, 45, 58"
12131,"1, 1, 1, 1, 1, 1, 2, 7, 10, 13, 17, 18, 43, 43, 45, 52"
12132,"1, 1, 1, 1, 1, 1, 2, 3, 4, 5, 15, 22, 23, 35, 36, 48, 57"
12133,"1, 1, 1, 1, 2, 3, 5, 13, 18, 20, 29, 34, 38, 39, 51"
12134,"1, 1, 1, 2, 2, 3, 4, 6, 20, 22, 22, 31, 40, 45, 56"
12135,"1, 1, 1, 1, 2, 3, 3, 7, 7, 15, 16, 23, 35, 38, 49, 54"
12136,"1, 1, 1, 1, 1, 2, 2, 10, 15, 16, 32, 36, 45, 46, 47"
12137,"1, 1, 2, 6, 8, 8, 13, 13, 22, 34, 48, 50, 50"
12138,"1, 1, 1, 1, 2, 2, 4, 6, 10, 12, 17, 27, 35, 42, 47, 48"
12139,"1, 1, 1, 1, 2, 2, 2, 3, 11, 15, 19, 32, 33, 36, 42, 55"
12140,"1, 1, 1, 1, 1, 2, 12, 14, 15, 16, 20, 33, 39, 44, 56"
12141,"1, 1, 1, 1, 1, 1, 2, 5, 7, 21, 22, 26, 32, 42, 43, 50"
12142,"1, 1, 1, 2, 3, 3, 4, 5, 8, 25, 27, 42, 66, 68"
12143,"1, 2, 2, 3, 3, 5, 5, 6, 14, 17, 19, 33, 40, 44, 62"
12144,"1, 1, 2, 3, 4, 5, 5, 5, 14, 15, 18, 36, 41, 44, 62"
12145,"1, 1, 1, 1, 1, 4, 6, 8, 15, 25, 25, 30, 33, 50, 55"
12146,"1, 1, 1, 2, 2, 2, 2, 3, 10, 13, 17, 28, 32, 36, 49, 57"
12147,"1, 1, 1, 2, 5, 5, 9, 17, 25, 26, 37, 41, 42, 44"
12148,"1, 2, 2, 2, 4, 6, 6, 16, 25, 30, 32, 36, 42, 52"
12149,"1, 1, 2, 2, 3, 4, 6, 18, 29, 30, 32, 32, 42, 54"
12150,"1, 2, 3, 3, 4, 7, 9, 11, 17, 18, 39, 44, 44, 54"
12151,"1, 1, 2, 2, 3, 5, 10, 17, 19, 33, 36, 41, 42, 44"
12152,"1, 1, 3, 3, 9, 31, 34, 71, 103"
12153,"1, 1, 1, 1, 2, 3, 6, 6, 19, 20, 21, 36, 40, 44, 55"
12154,"1, 1, 1, 3, 4, 7, 13, 15, 19, 24, 35, 44, 44, 45"
12155,"1, 1, 2, 2, 3, 5, 6, 8, 13, 16, 30, 34, 39, 42, 54"
12156,"1, 1, 2, 2, 2, 5, 11, 16, 21, 28, 40, 42, 42, 43"
12157,"1, 1, 1, 1, 1, 2, 2, 2, 3, 9, 13, 15, 24, 36, 47, 47, 51"
12158,"1, 1, 2, 2, 2, 3, 4, 10, 14, 16, 28, 32, 36, 52, 53"
12159,"1, 1, 1, 1, 2, 2, 3, 4, 6, 16, 27, 30, 32, 32, 45, 53"
12160,"1, 1, 1, 1, 1, 2, 2, 2, 4, 4, 16, 17, 36, 45, 56, 67"
12161,"1, 1, 1, 2, 3, 4, 4, 5, 6, 13, 14, 28, 28, 31, 54, 61"
12162,"1, 1, 1, 2, 4, 8, 10, 16, 24, 32, 37, 38, 38, 44"
12163,"1, 1, 1, 1, 3, 4, 6, 8, 15, 20, 21, 39, 41, 45, 50"
12164,"1, 1, 1, 3, 4, 5, 6, 9, 10, 16, 18, 39, 45, 48, 50"
12165,"1, 1, 1, 1, 1, 2, 4, 4, 8, 14, 16, 21, 41, 44, 46, 51"
12166,"1, 1, 1, 1, 2, 2, 3, 5, 9, 19, 19, 21, 30, 40, 41, 61"
12167,"1, 1, 2, 8, 12, 14, 25, 31, 32, 38, 44, 48"
12168,"1, 1, 1, 1, 1, 2, 3, 6, 7, 16, 18, 23, 35, 38, 47, 56"
12169,"1, 1, 2, 3, 4, 4, 6, 8, 24, 28, 43, 66, 66"
12170,"1, 1, 1, 1, 1, 1, 2, 2, 2, 2, 3, 15, 18, 22, 34, 36, 55, 59"
12171,"1, 1, 1, 2, 2, 4, 4, 8, 20, 23, 26, 30, 34, 49, 51"
12172,"1, 1, 1, 1, 2, 2, 3, 5, 10, 13, 19, 23, 34, 38, 48, 55"
12173,"1, 1, 1, 2, 3, 5, 7, 7, 15, 20, 22, 37, 41, 42, 52"
12174,"1, 1, 1, 1, 2, 2, 2, 6, 10, 14, 16, 25, 38, 38, 44, 55"
12175,"1, 1, 1, 1, 1, 2, 3, 3, 9, 15, 22, 23, 29, 37, 40, 68"
12176,"1, 1, 1, 2, 3, 5, 7, 7, 15, 17, 25, 35, 36, 50, 51"
12177,"1, 1, 1, 1, 2, 3, 5, 6, 6, 13, 22, 23, 36, 39, 45, 52"
12178,"1, 1, 1, 2, 2, 3, 5, 9, 17, 17, 24, 35, 42, 46, 51"
12179,"1, 1, 1, 1, 1, 2, 3, 4, 10, 13, 14, 31, 32, 37, 48, 57"
12180,"1, 1, 1, 1, 1, 2, 3, 6, 8, 10, 14, 28, 34, 46, 47, 53"
12181,"1, 1, 1, 2, 3, 3, 3, 5, 16, 23, 28, 34, 35, 47, 54"
12182,"1, 1, 1, 1, 1, 2, 2, 3, 3, 6, 16, 21, 22, 39, 39, 41, 57"
12183,"1, 1, 2, 2, 3, 5, 6, 6, 15, 22, 24, 36, 37, 44, 52"
12184,"1, 1, 2, 2, 4, 8, 9, 11, 19, 28, 34, 42, 44, 51"
12185,"1, 1, 1, 1, 1, 2, 3, 3, 3, 4, 16, 21, 24, 36, 39, 43, 57"
12186,"1, 1, 2, 2, 2, 4, 4, 12, 14, 21, 24, 36, 38, 47, 48"
12187,"1, 1, 1, 1, 1, 3, 3, 6, 9, 14, 16, 23, 35, 42, 47, 53"
12188,"1, 1, 1, 2, 6, 12, 22, 22, 22, 32, 40, 45, 50"
12189,"1, 1, 1, 2, 2, 2, 2, 3, 6, 11, 19, 20, 32, 43, 53, 58"
12190,"1, 1, 1, 1, 2, 6, 7, 9, 10, 15, 33, 37, 39, 40, 54"
12191,"1, 1, 1, 3, 4, 5, 9, 22, 23, 26, 36, 37, 38, 50"
12192,"1, 2, 2, 2, 3, 4, 4, 5, 7, 13, 30, 30, 31, 32, 40, 50"
12193,"1, 3, 4, 5, 5, 6, 9, 15, 22, 25, 31, 32, 44, 54"
12194,"1, 1, 1, 3, 3, 3, 4, 4, 10, 20, 22, 26, 32, 33, 35, 58"
12195,"1, 1, 1, 1, 1, 1, 2, 3, 3, 6, 10, 15, 18, 27, 27, 34, 46, 59"
12196,"1, 1, 1, 3, 4, 7, 7, 8, 9, 10, 18, 21, 36, 37, 46, 47"
12197,"1, 1, 1, 1, 1, 3, 4, 12, 13, 20, 22, 24, 24, 35, 46, 48"
12198,"1, 1, 2, 3, 4, 7, 8, 8, 8, 22, 26, 31, 41, 46, 48"
12199,"1, 1, 1, 1, 2, 2, 4, 5, 6, 14, 15, 25, 27, 31, 36, 42, 43"
12200,"1, 1, 1, 1, 1, 2, 2, 3, 5, 6, 10, 11, 20, 30, 31, 33, 43, 55"
12201,"1, 1, 1, 2, 3, 3, 5, 7, 11, 16, 19, 24, 28, 34, 46, 55"
12202,"1, 1, 1, 4, 5, 6, 7, 13, 14, 17, 28, 30, 31, 43, 55"
12203,"1, 1, 2, 2, 3, 3, 3, 4, 16, 17, 25, 28, 30, 30, 44, 47"
12204,"1, 1, 1, 1, 2, 2, 2, 3, 8, 14, 15, 22, 28, 29, 40, 41, 46"
12205,"1, 1, 1, 1, 1, 1, 2, 7, 8, 9, 13, 20, 27, 35, 35, 37, 57"
12206,"1, 1, 1, 1, 1, 3, 3, 6, 7, 7, 17, 33, 38, 43, 46, 48"
12207,"1, 2, 2, 2, 2, 3, 5, 9, 9, 15, 24, 28, 28, 32, 44, 50"
12208,"1, 1, 1, 3, 5, 5, 14, 15, 16, 17, 28, 29, 29, 42, 50"
12209,"1, 1, 1, 1, 1, 4, 5, 11, 15, 15, 17, 26, 36, 36, 42, 44"
12210,"1, 1, 5, 6, 6, 6, 9, 17, 24, 26, 34, 34, 36, 51"
12211,"1, 1, 1, 1, 1, 1, 1, 3, 4, 4, 14, 15, 26, 28, 31, 33, 45, 46"
12212,"1, 1, 1, 1, 2, 4, 5, 6, 10, 10, 17, 25, 33, 34, 46, 60"
12213,"1, 1, 1, 1, 1, 2, 2, 3, 4, 5, 8, 11, 19, 28, 36, 37, 48, 48"
12214,"1, 1, 1, 1, 2, 2, 2, 6, 7, 10, 14, 22, 26, 33, 36, 46, 46"
12215,"1, 1, 1, 1, 2, 4, 4, 6, 7, 11, 12, 24, 25, 33, 35, 44, 45"
12216,"1, 1, 1, 1, 2, 2, 2, 4, 12, 12, 12, 23, 29, 33, 38, 39, 44"
12217,"1, 1, 1, 1, 1, 2, 3, 3, 7, 11, 14, 20, 32, 34, 36, 41, 48"
12218,"1, 1, 1, 4, 4, 5, 10, 12, 12, 24, 32, 35, 36, 37, 42"
12219,"1, 1, 1, 1, 2, 2, 3, 3, 6, 13, 13, 29, 30, 40, 49, 62"
12220,"1, 1, 1, 2, 2, 3, 3, 4, 6, 14, 18, 21, 24, 24, 35, 40, 57"
12221,"1, 1, 1, 1, 1, 2, 4, 9, 10, 11, 16, 16, 19, 30, 31, 51, 52"
12222,"1, 1, 4, 7, 7, 9, 9, 19, 22, 24, 30, 37, 38, 48"
12223,"1, 1, 1, 2, 2, 3, 5, 10, 13, 22, 30, 33, 38, 46, 49"
12224,"1, 1, 1, 1, 1, 2, 3, 3, 4, 5, 9, 15, 21, 29, 30, 33, 44, 53"
12225,"1, 1, 1, 2, 4, 5, 6, 8, 8, 11, 18, 20, 31, 40, 46, 54"
12226,"1, 1, 2, 4, 5, 5, 8, 16, 18, 22, 25, 32, 35, 40, 42"
12227,"1, 1, 1, 2, 3, 4, 6, 34, 46, 73, 85"
12228,"1, 1, 2, 2, 3, 4, 5, 7, 7, 11, 24, 30, 34, 38, 42, 45"
12229,"1, 1, 1, 1, 2, 3, 6, 9, 10, 10, 31, 34, 35, 36, 37, 39"
12230,"1, 1, 1, 1, 3, 6, 7, 9, 13, 17, 18, 18, 27, 38, 41, 55"
12231,"1, 1, 1, 1, 3, 4, 5, 6, 10, 23, 25, 25, 31, 34, 37, 49"
12232,"1, 2, 3, 3, 6, 6, 7, 10, 16, 16, 21, 32, 32, 43, 58"
12233,"1, 1, 1, 2, 4, 5, 5, 9, 10, 11, 13, 26, 32, 34, 48, 54"
12234,"1, 1, 1, 1, 2, 3, 4, 8, 9, 11, 19, 20, 21, 22, 23, 51, 59"
12235,"1, 1, 2, 6, 10, 12, 14, 14, 16, 21, 32, 36, 42, 49"
12236,"1, 1, 2, 3, 3, 4, 6, 6, 7, 21, 29, 31, 38, 50, 54"
12237,"1, 1, 1, 1, 2, 3, 3, 3, 8, 10, 12, 16, 29, 31, 42, 42, 51"
12238,"1, 1, 1, 1, 2, 3, 4, 8, 8, 19, 23, 26, 36, 38, 41, 44"
12239,"1, 1, 1, 1, 2, 3, 3, 6, 19, 20, 27, 28, 29, 33, 40, 42"
12240,"1, 1, 1, 2, 2, 5, 6, 9, 9, 23, 26, 36, 39, 48, 48"
12241,"1, 2, 2, 6, 7, 8, 12, 12, 24, 28, 28, 34, 44, 48"
12242,"1, 1, 1, 2, 4, 4, 5, 10, 10, 14, 20, 24, 35, 37, 40, 48"
12243,"1, 1, 1, 1, 1, 2, 2, 5, 7, 8, 14, 30, 32, 33, 37, 40, 41"
12244,"1, 1, 1, 1, 1, 1, 1, 2, 4, 5, 6, 8, 14, 22, 27, 34, 34, 45, 48"
12245,"1, 1, 1, 1, 2, 3, 3, 4, 8, 12, 18, 22, 25, 29, 30, 37, 59"
12246,"1, 1, 2, 3, 7, 7, 10, 12, 13, 21, 24, 31, 38, 42, 44"
12247,"1, 1, 1, 1, 4, 5, 5, 6, 9, 10, 18, 26, 30, 34, 50, 55"
12248,"1, 1, 1, 3, 4, 5, 9, 13, 15, 20, 24, 30, 35, 36, 59"
12249,"1, 1, 2, 3, 3, 4, 7, 18, 20, 22, 27, 31, 33, 40, 44"
12250,"1, 1, 1, 1, 1, 1, 1, 4, 5, 6, 7, 15, 21, 23, 35, 36, 40, 57"
12251,"1, 1, 1, 1, 3, 5, 8, 9, 10, 15, 20, 23, 28, 37, 40, 54"
12252,"1, 1, 1, 2, 3, 3, 4, 4, 5, 9, 16, 23, 27, 30, 34, 43, 50"
12253,"1, 1, 1, 3, 3, 4, 5, 19, 21, 22, 23, 25, 33, 42, 53"
12254,"1, 1, 1, 1, 2, 4, 4, 4, 6, 9, 18, 19, 23, 35, 35, 40, 53"
12255,"1, 1, 2, 2, 2, 3, 3, 7, 11, 23, 26, 29, 32, 32, 38, 44"
12256,"1, 1, 1, 1, 2, 5, 6, 8, 11, 20, 21, 21, 35, 36, 39, 48"
12257,"1, 1, 1, 1, 3, 3, 8, 8, 18, 19, 22, 22, 25, 33, 37, 54"
12258,"1, 1, 1, 2, 4, 6, 6, 7, 8, 13, 19, 31, 32, 34, 43, 48"
12259,"1, 1, 1, 1, 1, 3, 4, 6, 9, 11, 14, 17, 27, 32, 41, 43, 44"
12260,"1, 1, 1, 1, 2, 5, 7, 9, 13, 14, 15, 20, 36, 42, 43, 46"
12261,"1, 1, 1, 1, 1, 2, 4, 5, 7, 9, 23, 25, 26, 33, 33, 33, 51"
12262,"1, 1, 1, 1, 1, 1, 1, 3, 4, 7, 8, 11, 11, 16, 17, 27, 44, 47, 54"
12263,"1, 1, 1, 1, 1, 2, 3, 4, 7, 13, 15, 22, 29, 31, 36, 43, 46"
12264,"1, 1, 1, 1, 2, 4, 5, 6, 6, 8, 8, 17, 32, 35, 39, 39, 51"
12265,"1, 1, 2, 2, 3, 6, 6, 8, 14, 23, 24, 33, 35, 44, 54"
12266,"1, 1, 1, 1, 1, 2, 5, 9, 11, 11, 12, 15, 15, 50, 51, 70"
12267,"1, 1, 1, 2, 2, 3, 3, 6, 8, 10, 20, 23, 29, 37, 51, 59"
12268,"1, 1, 1, 1, 1, 1, 4, 10, 21, 22, 23, 25, 29, 30, 39, 47"
12269,"1, 1, 1, 4, 6, 8, 10, 10, 18, 20, 21, 36, 38, 39, 43"
12270,"1, 1, 1, 1, 2, 4, 4, 5, 6, 8, 18, 18, 22, 35, 36, 41, 53"
12271,"1, 1, 2, 2, 7, 7, 8, 10, 11, 22, 24, 30, 39, 44, 48"
12272,"1, 1, 1, 1, 1, 2, 4, 4, 6, 7, 8, 30, 36, 37, 38, 39, 40"
12273,"1, 1, 1, 1, 2, 2, 4, 7, 20, 22, 23, 23, 26, 33, 41, 49"
12274,"1, 1, 1, 2, 3, 3, 4, 5, 6, 11, 26, 27, 30, 35, 48, 53"
12275,"1, 1, 1, 1, 1, 1, 3, 4, 4, 6, 6, 18, 23, 25, 33, 37, 39, 52"
12276,"1, 1, 2, 2, 5, 6, 7, 16, 24, 30, 34, 40, 40, 48"
12277,"1, 1, 1, 1, 3, 4, 8, 11, 13, 15, 16, 17, 30, 40, 42, 53"
12278,"1, 3, 9, 16, 28, 44, 68, 87"
12279,"1, 1, 1, 1, 1, 3, 4, 5, 6, 8, 14, 21, 29, 31, 32, 41, 57"
12280,"1, 1, 1, 1, 3, 3, 4, 4, 10, 12, 13, 14, 23, 31, 32, 46, 57"
12281,"1, 1, 1, 2, 3, 3, 5, 11, 11, 19, 20, 25, 33, 34, 38, 49"
12282,"1, 1, 1, 2, 2, 4, 4, 6, 8, 12, 31, 34, 35, 36, 37, 42"
12283,"1, 1, 1, 1, 2, 3, 4, 5, 8, 9, 16, 25, 26, 33, 34, 38, 49"
12284,"1, 1, 1, 2, 3, 4, 5, 5, 7, 11, 11, 13, 13, 23, 36, 45, 75"
12285,"1, 1, 2, 2, 4, 4, 11, 11, 14, 20, 25, 31, 40, 42, 48"
12286,"1, 1, 2, 2, 4, 6, 10, 13, 17, 22, 24, 27, 33, 44, 50"
12287,"1, 1, 1, 2, 4, 6, 6, 8, 11, 12, 12, 22, 34, 40, 47, 49"
12288,"1, 1, 1, 1, 4, 9, 9, 11, 19, 24, 29, 30, 30, 36, 51"
12289,"1, 1, 1, 1, 2, 3, 3, 5, 8, 19, 20, 30, 34, 36, 41, 51"
12290,"1, 1, 1, 4, 4, 5, 10, 12, 18, 25, 25, 33, 33, 34, 50"
12291,"1, 1, 1, 1, 1, 1, 1, 3, 5, 5, 7, 17, 23, 24, 31, 41, 46, 47"
12292,"1, 1, 2, 4, 6, 6, 7, 19, 23, 28, 34, 38, 40, 47"
12293,"1, 1, 1, 1, 1, 2, 3, 6, 6, 16, 18, 18, 31, 32, 38, 40, 41"
12294,"1, 2, 3, 4, 6, 8, 14, 20, 21, 28, 29, 34, 42, 44"
12295,"1, 1, 1, 5, 5, 6, 7, 14, 17, 22, 25, 31, 36, 42, 43"
12296,"1, 1, 1, 4, 4, 10, 10, 10, 10, 21, 24, 28, 36, 47, 49"
12297,"1, 1, 1, 3, 5, 5, 5, 8, 9, 10, 21, 26, 33, 35, 46, 47"
12298,"1, 1, 2, 4, 5, 9, 9, 9, 11, 18, 24, 32, 42, 44, 45"
12299,"1, 1, 1, 2, 2, 7, 8, 9, 9, 13, 22, 23, 31, 38, 43, 46"
12300,"1, 1, 1, 1, 3, 5, 6, 6, 7, 7, 11, 15, 20, 34, 41, 48, 49"
12301,"1, 1, 1, 1, 3, 4, 15, 16, 17, 17, 27, 30, 32, 45, 46"
12302,"1, 1, 1, 1, 1, 1, 7, 8, 10, 10, 12, 18, 27, 35, 37, 41, 45"
12303,"1, 1, 2, 2, 3, 3, 4, 6, 9, 16, 25, 29, 34, 36, 41, 44"
12304,"1, 1, 1, 1, 2, 3, 6, 11, 11, 13, 17, 29, 29, 34, 43, 54"
12305,"1, 1, 1, 2, 2, 5, 6, 8, 13, 17, 22, 24, 33, 35, 36, 50"
12306,"1, 1, 1, 1, 1, 2, 3, 6, 7, 8, 18, 27, 35, 44, 50, 51"
12307,"1, 1, 1, 1, 2, 3, 4, 5, 19, 21, 25, 28, 33, 34, 37, 41"
12308,"1, 1, 3, 3, 3, 3, 4, 6, 6, 11, 22, 26, 31, 31, 50, 55"
12309,"1, 1, 1, 3, 4, 5, 5, 5, 6, 18, 24, 24, 28, 37, 47, 47"
12310,"1, 1, 1, 1, 1, 2, 3, 5, 8, 9, 17, 23, 30, 31, 33, 44, 46"
12311,"1, 1, 2, 2, 2, 3, 5, 6, 13, 18, 28, 28, 30, 33, 40, 44"
12312,"1, 1, 2, 2, 6, 7, 7, 10, 13, 19, 35, 36, 36, 37, 44"
12313,"1, 1, 1, 1, 1, 2, 4, 5, 5, 8, 9, 14, 14, 18, 28, 33, 55, 56"
12314,"1, 1, 2, 3, 4, 6, 10, 12, 21, 22, 23, 34, 35, 40, 42"
12315,"1, 1, 5, 6, 6, 8, 12, 15, 19, 28, 34, 38, 40, 43"
12316,"1, 1, 1, 2, 2, 2, 3, 8, 16, 20, 24, 28, 28, 32, 42, 46"
12317,"1, 1, 2, 3, 3, 5, 5, 6, 10, 17, 18, 27, 31, 38, 42, 47"
12318,"1, 1, 2, 2, 3, 3, 6, 6, 9, 9, 15, 31, 36, 37, 39, 56"
12319,"1, 1, 1, 1, 1, 2, 2, 2, 4, 8, 11, 16, 20, 25, 29, 32, 41, 59"
12320,"1, 1, 1, 1, 4, 6, 8, 9, 11, 14, 17, 20, 37, 39, 43, 44"
12321,"1, 1, 1, 2, 2, 2, 3, 3, 6, 13, 20, 24, 26, 34, 35, 36, 47"
12322,"1, 1, 1, 2, 2, 3, 4, 4, 8, 10, 10, 27, 29, 29, 30, 47, 48"
12323,"1, 1, 1, 1, 3, 4, 4, 12, 14, 14, 18, 28, 32, 33, 45, 45"
12324,"1, 1, 1, 4, 5, 5, 7, 15, 19, 25, 28, 31, 34, 39, 41"
12325,"1, 1, 1, 2, 2, 5, 9, 11, 12, 16, 18, 28, 30, 58, 62"
12326,"1, 1, 1, 2, 3, 5, 8, 9, 12, 13, 19, 22, 26, 35, 41, 58"
12327,"1, 1, 1, 1, 1, 1, 5, 7, 9, 9, 15, 24, 30, 31, 31, 40, 49"
12328,"1, 1, 2, 3, 5, 5, 5, 9, 11, 23, 30, 30, 34, 44, 53"
12329,"1, 1, 1, 2, 3, 7, 7, 7, 11, 15, 21, 22, 26, 30, 41, 61"
12330,"1, 2, 2, 2, 2, 3, 5, 7, 11, 16, 20, 28, 28, 32, 46, 51"
12331,"1, 1, 4, 4, 6, 8, 11, 14, 19, 30, 31, 38, 40, 49"
12332,"1, 1, 1, 2, 3, 6, 8, 9, 9, 12, 21, 25, 34, 36, 43, 45"
12333,"1, 1, 3, 4, 4, 7, 8, 10, 13, 27, 30, 30, 31, 41, 46"
12334,"1, 1, 1, 1, 1, 3, 4, 6, 7, 7, 16, 25, 29, 31, 32, 41, 50"
12335,"1, 1, 1, 3, 4, 4, 5, 5, 8, 16, 20, 23, 35, 36, 40, 54"
12336,"1, 1, 2, 3, 3, 4, 10, 14, 21, 23, 25, 32, 38, 39, 40"
12337,"1, 1, 2, 2, 3, 4, 5, 7, 15, 17, 19, 22, 25, 27, 46, 60"
12338,"1, 2, 3, 6, 8, 9, 12, 14, 26, 28, 29, 30, 42, 46"
12339,"1, 3, 3, 3, 4, 10, 17, 22, 22, 25, 26, 34, 38, 48"
12340,"1, 1, 1, 1, 2, 2, 3, 7, 8, 13, 14, 22, 29, 30, 37, 41, 44"
12341,"1, 1, 4, 6, 7, 8, 12, 12, 14, 16, 17, 37, 50, 71"
12342,"1, 1, 2, 3, 4, 4, 6, 6, 6, 16, 26, 26, 29, 32, 43, 51"
12343,"1, 1, 1, 1, 2, 3, 3, 4, 6, 14, 15, 27, 27, 29, 32, 44, 46"
12344,"1, 1, 1, 1, 1, 5, 7, 9, 11, 17, 21, 28, 35, 35, 38, 45"
12345,"1, 1, 1, 1, 3, 4, 5, 7, 17, 19, 19, 30, 31, 36, 39, 42"
12346,"1, 1, 1, 3, 4, 5, 10, 12, 14, 21, 21, 32, 34, 43, 54"
12347,"1, 1, 2, 3, 3, 3, 4, 7, 11, 14, 26, 27, 31, 32, 45, 46"
12348,"1, 1, 1, 2, 2, 3, 4, 5, 11, 13, 25, 26, 32, 35, 47, 48"
12349,"1, 1, 1, 1, 2, 6, 8, 8, 10, 16, 22, 23, 24, 31, 49, 53"
12350,"1, 1, 2, 2, 2, 3, 4, 9, 11, 16, 24, 30, 31, 36, 42, 42"
12351,"1, 1, 2, 3, 3, 4, 10, 14, 16, 27, 31, 32, 35, 38, 39"
12352,"1, 2, 4, 4, 6, 8, 10, 18, 25, 26, 34, 36, 36, 46"
12353,"1, 1, 1, 1, 1, 3, 4, 6, 7, 12, 13, 27, 27, 31, 31, 45, 45"
12354,"1, 1, 1, 1, 2, 2, 4, 5, 10, 13, 18, 21, 21, 24, 36, 44, 52"
12355,"1, 1, 2, 2, 2, 4, 5, 8, 16, 16, 18, 24, 28, 30, 44, 55"
12356,"1, 1, 1, 1, 3, 4, 5, 10, 16, 17, 19, 25, 36, 38, 39, 40"
12357,"1, 1, 1, 3, 3, 3, 4, 9, 11, 17, 20, 26, 34, 39, 40, 44"
12358,"1, 1, 3, 5, 6, 12, 18, 20, 20, 21, 22, 25, 48, 54"
12359,"1, 1, 1, 2, 2, 7, 7, 7, 14, 16, 16, 20, 28, 35, 49, 50"
12360,"1, 1, 1, 1, 1, 2, 3, 4, 6, 10, 21, 27, 29, 29, 33, 40, 47"
12361,"1, 1, 1, 2, 2, 2, 4, 5, 6, 8, 17, 23, 26, 33, 35, 40, 50"
12362,"1, 1, 1, 1, 4, 5, 5, 7, 8, 11, 23, 27, 31, 36, 47, 48"
12363,"1, 1, 1, 1, 1, 3, 6, 8, 9, 13, 26, 31, 35, 37, 41, 42"
12364,"1, 1, 1, 2, 3, 5, 6, 10, 12, 14, 22, 25, 34, 35, 41, 44"
12365,"1, 1, 2, 3, 4, 5, 11, 17, 19, 19, 23, 34, 36, 39, 42"
12366,"1, 1, 1, 2, 5, 8, 8, 12, 16, 20, 24, 33, 35, 40, 50"
12367,"1, 2, 2, 2, 2, 3, 4, 5, 8, 14, 28, 28, 34, 38, 41, 44"
12368,"1, 1, 1, 2, 2, 3, 4, 4, 7, 8, 8, 29, 32, 32, 35, 42, 45"
12369,"1, 1, 2, 2, 3, 6, 6, 7, 12, 14, 18, 22, 27, 28, 47, 60"
12370,"1, 1, 1, 1, 2, 3, 4, 5, 6, 16, 17, 17, 17, 26, 38, 41, 60"
12371,"1, 1, 1, 2, 3, 3, 3, 4, 11, 12, 28, 31, 34, 37, 37, 48"
12372,"1, 2, 2, 3, 5, 5, 5, 12, 12, 22, 23, 34, 34, 40, 56"
12373,"1, 2, 2, 3, 5, 5, 7, 9, 9, 28, 31, 32, 34, 42, 46"
12374,"1, 1, 1, 1, 1, 2, 5, 5, 5, 14, 26, 32, 34, 39, 42, 47"
12375,"1, 1, 1, 2, 2, 2, 3, 5, 6, 11, 15, 25, 30, 30, 31, 41, 50"
12376,"1, 1, 1, 2, 3, 6, 8, 8, 8, 10, 21, 27, 32, 38, 44, 46"
12377,"1, 1, 1, 1, 1, 3, 5, 6, 15, 15, 28, 30, 33, 35, 40, 41"
12378,"1, 1, 2, 2, 2, 2, 3, 5, 7, 7, 11, 22, 28, 29, 32, 50, 52"
12379,"1, 1, 1, 3, 4, 6, 9, 17, 20, 23, 27, 33, 36, 37, 38"
12380,"1, 1, 1, 1, 1, 2, 3, 3, 5, 6, 9, 16, 17, 24, 27, 28, 47, 64"
12381,"1, 1, 1, 2, 3, 4, 6, 7, 9, 12, 29, 31, 32, 33, 41, 44"
12382,"1, 1, 1, 2, 4, 5, 6, 7, 8, 13, 19, 34, 34, 37, 40, 44"
12383,"1, 1, 1, 2, 3, 3, 7, 7, 9, 12, 20, 21, 34, 38, 45, 52"
12384,"1, 1, 3, 4, 4, 4, 5, 7, 8, 9, 20, 24, 33, 35, 48, 50"
12385,"1, 2, 3, 8, 9, 25, 59, 60, 89"
12386,"1, 1, 1, 1, 1, 1, 2, 6, 10, 15, 18, 19, 21, 25, 34, 38, 62"
12387,"1, 1, 1, 1, 2, 2, 3, 5, 7, 7, 16, 17, 21, 34, 40, 42, 56"
12388,"1, 1, 1, 1, 2, 4, 6, 7, 8, 10, 21, 23, 35, 40, 48, 48"
12389,"1, 1, 2, 2, 5, 7, 11, 11, 11, 24, 26, 28, 34, 44, 49"
12390,"1, 1, 1, 1, 1, 4, 4, 7, 9, 10, 14, 19, 27, 32, 39, 39, 47"
12391,"1, 1, 1, 2, 4, 4, 8, 9, 13, 14, 16, 21, 26, 38, 41, 57"
12392,"1, 1, 1, 1, 2, 4, 8, 14, 14, 14, 19, 20, 26, 39, 41, 51"
12393,"1, 1, 1, 1, 1, 1, 1, 4, 7, 8, 11, 20, 21, 25, 27, 31, 34, 61"
12394,"1, 1, 1, 3, 4, 4, 5, 8, 10, 10, 22, 23, 33, 38, 45, 48"
12395,"1, 1, 1, 1, 1, 1, 2, 3, 4, 8, 12, 13, 14, 17, 25, 32, 46, 74"
12396,"1, 1, 1, 1, 2, 2, 4, 4, 4, 9, 12, 24, 33, 35, 36, 41, 46"
12397,"1, 1, 1, 1, 1, 3, 6, 7, 8, 8, 10, 25, 26, 29, 35, 45, 49"
12398,"1, 1, 1, 2, 3, 3, 6, 6, 8, 14, 23, 27, 31, 39, 42, 49"
12399,"1, 1, 1, 2, 2, 5, 6, 10, 12, 14, 18, 28, 29, 30, 42, 55"
12400,"1, 1, 1, 2, 2, 6, 6, 7, 12, 14, 23, 26, 28, 38, 44, 45"
12401,"1, 1, 1, 2, 2, 5, 7, 7, 7, 13, 25, 28, 34, 34, 44, 45"
12402,"1, 2, 3, 6, 6, 10, 16, 18, 19, 25, 34, 36, 38, 42"
12403,"1, 1, 1, 1, 1, 2, 3, 5, 8, 9, 13, 27, 30, 31, 36, 43, 44"
12404,"1, 1, 1, 1, 2, 3, 4, 8, 8, 10, 14, 17, 25, 34, 39, 41, 47"
12405,"1, 1, 2, 2, 2, 3, 4, 4, 6, 10, 14, 17, 26, 28, 31, 46, 59"
12406,"1, 1, 1, 2, 4, 4, 7, 7, 13, 17, 17, 24, 34, 39, 42, 43"
12407,"1, 1, 1, 1, 1, 1, 3, 3, 4, 6, 12, 18, 19, 23, 28, 41, 46, 47"
12408,"1, 1, 1, 1, 2, 3, 3, 7, 15, 19, 28, 29, 31, 36, 38, 41"
12409,"1, 1, 1, 2, 2, 4, 5, 5, 11, 19, 25, 32, 33, 38, 38, 39"
12410,"1, 1, 1, 2, 3, 3, 5, 9, 9, 13, 16, 19, 35, 42, 47, 50"
12411,"1, 1, 1, 2, 4, 4, 6, 6, 14, 14, 20, 25, 33, 36, 43, 46"
12412,"1, 1, 2, 2, 3, 4, 4, 5, 9, 10, 25, 26, 32, 36, 46, 50"
12413,"1, 1, 1, 1, 2, 2, 4, 5, 6, 7, 7, 8, 18, 24, 34, 36, 49, 50"
12414,"1, 1, 1, 1, 1, 1, 1, 2, 2, 4, 4, 14, 15, 17, 28, 32, 41, 44, 46"
12415,"1, 1, 1, 2, 2, 2, 4, 7, 7, 9, 15, 19, 22, 38, 39, 40, 47"
12416,"1, 1, 1, 1, 2, 4, 8, 9, 10, 15, 17, 29, 31, 34, 39, 54"
12417,"1, 1, 1, 1, 1, 2, 4, 6, 8, 10, 12, 23, 24, 36, 37, 41, 48"
12418,"1, 1, 2, 2, 3, 8, 9, 10, 18, 22, 25, 28, 36, 40, 51"
12419,"1, 1, 1, 2, 4, 4, 4, 8, 8, 10, 30, 31, 33, 36, 39, 44"
12420,"1, 1, 1, 3, 3, 4, 5, 9, 11, 15, 21, 25, 29, 31, 47, 50"
12421,"1, 1, 1, 2, 2, 2, 3, 5, 5, 11, 13, 17, 26, 34, 40, 40, 53"
12422,"1, 1, 1, 3, 3, 4, 4, 8, 12, 18, 24, 24, 26, 33, 47, 47"
12423,"1, 1, 1, 2, 2, 3, 4, 6, 9, 10, 11, 13, 26, 33, 41, 46, 47"
12424,"1, 1, 1, 2, 3, 3, 8, 9, 12, 13, 14, 27, 34, 42, 43, 43"
12425,"1, 1, 1, 5, 5, 5, 6, 7, 9, 11, 17, 17, 37, 40, 45, 49"
12426,"1, 1, 1, 1, 3, 8, 10, 12, 16, 20, 28, 33, 36, 40, 46"
12427,"1, 1, 2, 3, 7, 8, 28, 52, 73, 81"
12428,"1, 1, 1, 1, 2, 2, 4, 5, 8, 8, 14, 20, 28, 32, 40, 43, 46"
12429,"1, 1, 2, 5, 7, 10, 12, 22, 23, 28, 30, 33, 40, 42"
12430,"1, 1, 1, 1, 2, 2, 5, 5, 7, 7, 15, 22, 31, 34, 35, 41, 46"
12431,"1, 1, 1, 2, 3, 6, 8, 9, 9, 14, 21, 27, 33, 34, 42, 45"
12432,"1, 1, 1, 1, 2, 2, 2, 4, 7, 11, 21, 23, 28, 32, 32, 34, 54"
12433,"1, 1, 1, 1, 2, 2, 3, 5, 6, 14, 14, 25, 30, 31, 33, 43, 44"
12434,"1, 1, 1, 1, 2, 2, 3, 5, 9, 12, 16, 17, 25, 34, 37, 40, 50"
12435,"1, 1, 2, 2, 3, 4, 5, 7, 8, 15, 24, 32, 33, 38, 40, 41"
12436,"1, 1, 1, 1, 2, 3, 5, 7, 8, 9, 10, 20, 29, 32, 37, 43, 47"
12437,"1, 2, 2, 2, 3, 4, 8, 14, 14, 26, 31, 32, 36, 40, 41"
12438,"1, 1, 1, 1, 1, 2, 4, 5, 7, 9, 19, 23, 27, 29, 35, 44, 47"
12439,"1, 1, 2, 2, 3, 5, 5, 6, 7, 22, 25, 37, 40, 50, 50"
12440,"1, 1, 1, 1, 1, 4, 6, 7, 7, 10, 11, 13, 27, 29, 45, 45, 47"
12441,"1, 1, 1, 2, 2, 3, 4, 5, 6, 7, 18, 28, 32, 42, 49, 55"
12442,"1, 1, 3, 6, 8, 9, 12, 13, 23, 27, 29, 38, 42, 44"
12443,"1, 1, 1, 1, 2, 2, 2, 6, 6, 7, 12, 22, 28, 33, 33, 45, 54"
12444,"1, 1, 1, 1, 1, 3, 6, 8, 8, 10, 12, 19, 21, 37, 39, 44, 44"
12445,"1, 1, 1, 1, 2, 3, 3, 5, 6, 9, 16, 19, 24, 34, 40, 41, 50"
12446,"1, 1, 2, 3, 3, 5, 7, 7, 9, 11, 20, 28, 31, 37, 45, 46"
12447,"1, 1, 1, 1, 2, 6, 6, 8, 12, 12, 20, 21, 35, 36, 45, 49"
12448,"1, 1, 1, 1, 3, 3, 5, 9, 13, 15, 19, 20, 36, 39, 40, 50"
12449,"1, 1, 1, 1, 1, 5, 5, 5, 6, 8, 14, 25, 29, 29, 32, 40, 53"
12450,"1, 1, 1, 1, 1, 4, 4, 5, 8, 10, 13, 17, 30, 33, 37, 45, 45"
12451,"1, 1, 2, 4, 5, 7, 7, 10, 12, 22, 28, 34, 36, 42, 45"
12452,"1, 1, 1, 4, 4, 7, 7, 7, 7, 9, 20, 22, 34, 36, 47, 49"
12453,"1, 1, 2, 2, 3, 3, 4, 8, 10, 19, 21, 24, 31, 40, 42, 45"
12454,"1, 1, 1, 2, 2, 4, 5, 7, 17, 20, 21, 23, 24, 26, 46, 56"
12455,"1, 1, 1, 1, 2, 4, 8, 9, 12, 14, 21, 30, 31, 37, 42, 42"
12456,"1, 1, 1, 2, 3, 4, 5, 7, 13, 15, 21, 26, 27, 38, 44, 48"
12457,"1, 1, 1, 1, 2, 4, 6, 6, 6, 7, 11, 16, 17, 25, 32, 53, 67"
12458,"1, 1, 1, 3, 3, 4, 10, 16, 23, 23, 27, 32, 37, 37, 38"
12459,"1, 1, 1, 3, 3, 8, 12, 13, 15, 18, 29, 29, 32, 41, 50"
12460,"1, 1, 1, 1, 1, 1, 1, 4, 5, 7, 10, 11, 29, 32, 33, 34, 40, 44"
12461,"1, 1, 1, 1, 1, 2, 2, 3, 4, 5, 11, 11, 23, 29, 32, 34, 47, 48"
12462,"1, 1, 1, 1, 2, 2, 3, 3, 8, 9, 14, 24, 25, 34, 35, 46, 47"
12463,"1, 1, 1, 2, 2, 3, 7, 8, 10, 16, 21, 30, 30, 38, 40, 46"
12464,"1, 1, 1, 1, 1, 5, 5, 6, 6, 10, 10, 21, 22, 31, 41, 47, 47"
12465,"1, 2, 2, 4, 4, 6, 8, 10, 17, 18, 22, 36, 36, 40, 50"
12466,"1, 1, 1, 2, 4, 6, 8, 16, 22, 23, 25, 34, 35, 36, 42"
12467,"1, 1, 1, 2, 4, 4, 5, 5, 11, 16, 20, 27, 35, 38, 40, 46"
12468,"1, 1, 1, 1, 1, 1, 1, 3, 4, 9, 11, 13, 17, 25, 26, 26, 31, 84"
12469,"1, 1, 1, 3, 4, 5, 5, 8, 10, 10, 25, 28, 33, 33, 43, 46"
12470,"1, 1, 1, 1, 2, 2, 4, 4, 6, 12, 16, 26, 29, 30, 33, 42, 46"
12471,"1, 1, 1, 1, 1, 4, 6, 6, 9, 9, 10, 20, 23, 32, 39, 45, 48"
12472,"1, 1, 1, 3, 3, 3, 9, 9, 10, 12, 18, 21, 33, 37, 46, 49"
12473,"1, 1, 1, 4, 4, 7, 8, 8, 16, 19, 26, 33, 34, 40, 54"
12474,"1, 2, 2, 2, 2, 4, 9, 11, 18, 20, 21, 38, 40, 42, 44"
12475,"1, 1, 2, 2, 4, 5, 5, 7, 9, 17, 18, 22, 36, 38, 38, 51"
12476,"1, 1, 1, 2, 2, 6, 6, 6, 13, 15, 17, 26, 26, 33, 50, 51"
12477,"1, 1, 1, 2, 2, 4, 4, 6, 7, 7, 10, 16, 23, 32, 40, 47, 53"
12478,"1, 1, 1, 1, 2, 3, 3, 5, 5, 9, 17, 19, 25, 34, 40, 42, 48"
12479,"1, 1, 1, 1, 4, 4, 7, 9, 17, 17, 26, 30, 30, 36, 72"
12480,"1, 1, 1, 1, 2, 4, 5, 5, 6, 7, 13, 27, 27, 32, 35, 44, 45"
12481,"1, 1, 1, 1, 1, 4, 5, 5, 8, 10, 15, 18, 23, 36, 39, 43, 45"
12482,"1, 1, 1, 2, 2, 2, 4, 10, 13, 17, 17, 28, 31, 33, 44, 50"
12483,"1, 1, 1, 3, 5, 6, 7, 12, 17, 24, 26, 34, 35, 39, 45"
12484,"1, 2, 2, 3, 4, 5, 10, 11, 14, 20, 30, 34, 38, 40, 42"
12485,"1, 1, 2, 6, 6, 8, 8, 10, 12, 19, 22, 28, 35, 46, 52"
12486,"1, 1, 1, 1, 2, 4, 5, 5, 5, 9, 17, 24, 28, 28, 35, 41, 49"
12487,"1, 1, 1, 1, 1, 2, 2, 2, 4, 4, 6, 10, 30, 34, 37, 38, 39, 43"
12488,"1, 1, 1, 1, 4, 6, 7, 7, 8, 18, 19, 22, 34, 37, 41, 49"
12489,"1, 1, 2, 2, 3, 4, 4, 4, 5, 6, 7, 8, 25, 34, 34, 34, 36, 46"
12490,"1, 1, 1, 1, 1, 2, 3, 3, 3, 5, 7, 15, 15, 23, 25, 29, 35, 40, 46"
12491,"1, 1, 1, 1, 1, 2, 3, 3, 4, 4, 4, 6, 16, 22, 26, 29, 35, 42, 55"
12492,"1, 1, 2, 2, 2, 3, 3, 3, 8, 8, 10, 13, 22, 24, 27, 29, 47, 51"
12493,"1, 1, 1, 1, 1, 2, 2, 2, 2, 2, 2, 6, 12, 17, 18, 28, 32, 41, 42, 43"
12494,"1, 1, 1, 2, 2, 2, 3, 5, 5, 12, 15, 18, 18, 24, 27, 31, 38, 51"
12495,"1, 1, 1, 2, 3, 3, 3, 4, 5, 8, 10, 14, 18, 28, 29, 37, 43, 46"
12496,"1, 1, 2, 2, 3, 3, 4, 4, 4, 5, 8, 15, 19, 24, 34, 36, 41, 50"
12497,"1, 1, 1, 2, 2, 2, 3, 3, 3, 4, 5, 11, 19, 27, 29, 29, 29, 39, 46"
12498,"1, 1, 1, 1, 1, 1, 2, 3, 4, 4, 5, 6, 10, 10, 20, 27, 30, 33, 43, 53"
12499,"1, 1, 1, 1, 1, 2, 4, 4, 4, 4, 6, 12, 14, 16, 31, 32, 38, 41, 43"
12500,"1, 1, 1, 1, 2, 2, 3, 4, 4, 6, 8, 9, 13, 21, 24, 32, 38, 39, 47"
12501,"1, 1, 1, 1, 1, 1, 2, 2, 3, 6, 6, 6, 14, 24, 35, 35, 37, 38, 42"
12502,"1, 1, 1, 1, 1, 1, 2, 2, 3, 4, 5, 6, 13, 15, 15, 27, 30, 42, 43, 43"
12503,"1, 1, 1, 1, 1, 3, 5, 6, 7, 12, 12, 13, 17, 24, 39, 54, 59"
12504,"1, 1, 1, 1, 2, 3, 3, 4, 4, 13, 14, 19, 21, 22, 22, 29, 45, 51"
12505,"1, 1, 1, 1, 1, 1, 2, 2, 2, 2, 3, 3, 4, 10, 13, 26, 28, 30, 32, 46, 47"
12506,"1, 1, 1, 2, 2, 2, 3, 3, 3, 4, 10, 14, 29, 30, 32, 33, 39, 47"
12507,"1, 1, 1, 2, 2, 2, 3, 4, 4, 7, 9, 13, 17, 24, 31, 37, 39, 59"
12508,"1, 1, 1, 1, 2, 2, 3, 4, 4, 4, 6, 9, 12, 17, 31, 34, 39, 41, 44"
12509,"1, 1, 1, 2, 2, 2, 2, 2, 5, 5, 7, 9, 13, 15, 30, 32, 32, 39, 56"
12510,"1, 1, 1, 1, 1, 2, 2, 3, 3, 3, 3, 4, 15, 18, 19, 28, 29, 39, 40, 43"
12511,"1, 1, 2, 2, 2, 3, 4, 4, 5, 7, 8, 16, 18, 30, 34, 38, 40, 41"
12512,"1, 1, 2, 3, 3, 4, 4, 6, 8, 11, 12, 13, 27, 29, 40, 42, 50"
12513,"1, 1, 1, 1, 2, 3, 3, 3, 4, 4, 6, 8, 11, 24, 31, 32, 35, 37, 49"
12514,"1, 1, 1, 1, 3, 3, 3, 4, 5, 6, 9, 12, 22, 31, 34, 37, 38, 45"
12515,"1, 1, 1, 1, 1, 1, 2, 2, 2, 3, 5, 5, 11, 15, 22, 26, 30, 33, 41, 53"
12516,"1, 1, 1, 1, 1, 2, 2, 2, 3, 4, 4, 4, 8, 12, 26, 29, 32, 37, 43, 43"
12517,"1, 1, 1, 1, 1, 2, 2, 2, 3, 4, 4, 6, 8, 14, 16, 30, 35, 36, 36, 53"
12518,"1, 1, 1, 1, 2, 2, 2, 4, 5, 9, 11, 16, 21, 25, 27, 30, 40, 58"
12519,"1, 2, 2, 2, 3, 5, 5, 6, 9, 22, 23, 24, 33, 34, 36, 49"
12520,"1, 1, 2, 3, 4, 4, 6, 6, 6, 11, 14, 14, 24, 30, 41, 41, 48"
12521,"1, 1, 1, 1, 2, 2, 3, 3, 4, 4, 7, 9, 12, 12, 33, 35, 37, 42, 47"
12522,"1, 1, 1, 1, 1, 2, 2, 3, 3, 4, 5, 5, 9, 9, 25, 27, 28, 39, 43, 47"
12523,"1, 1, 1, 1, 2, 2, 3, 3, 3, 4, 4, 7, 15, 16, 25, 35, 41, 41, 51"
12524,"1, 2, 2, 2, 4, 5, 5, 6, 8, 9, 12, 24, 30, 30, 32, 42, 42"
12525,"1, 1, 2, 2, 2, 2, 3, 4, 4, 4, 4, 5, 10, 22, 23, 26, 28, 48, 65"
12526,"1, 1, 1, 2, 3, 3, 3, 3, 3, 7, 16, 17, 20, 23, 25, 35, 39, 54"
12527,"1, 1, 1, 3, 4, 7, 7, 7, 7, 8, 13, 16, 24, 48, 52, 57"
12528,"1, 1, 1, 2, 2, 2, 2, 3, 3, 3, 11, 17, 18, 19, 20, 24, 38, 41, 48"
12529,"1, 1, 1, 1, 1, 2, 3, 3, 4, 5, 7, 9, 16, 25, 26, 30, 34, 42, 45"
12530,"1, 1, 1, 2, 2, 2, 3, 4, 5, 5, 5, 18, 25, 26, 30, 38, 41, 47"
12531,"1, 1, 1, 1, 1, 2, 3, 3, 3, 3, 4, 5, 9, 12, 24, 25, 32, 33, 45, 48"
12532,"1, 1, 2, 2, 3, 3, 3, 3, 5, 5, 15, 15, 22, 23, 25, 26, 45, 57"
12533,"1, 1, 1, 1, 3, 3, 4, 5, 6, 6, 6, 11, 26, 30, 34, 37, 38, 43"
12534,"1, 1, 1, 1, 1, 1, 2, 2, 3, 3, 4, 4, 5, 15, 26, 29, 32, 38, 40, 47"
12535,"1, 2, 2, 3, 3, 3, 3, 5, 5, 5, 7, 7, 26, 27, 29, 36, 45, 47"
12536,"1, 1, 5, 5, 5, 6, 6, 8, 10, 12, 13, 30, 44, 45, 65"
12537,"1, 1, 1, 1, 1, 2, 3, 4, 4, 5, 5, 7, 19, 25, 30, 33, 36, 38, 40"
12538,"1, 1, 1, 1, 1, 1, 1, 2, 3, 4, 5, 7, 14, 17, 22, 26, 26, 28, 42, 53"
12539,"1, 1, 1, 1, 1, 2, 3, 4, 5, 6, 7, 7, 11, 23, 28, 31, 37, 43, 44"
12540,"1, 1, 1, 1, 4, 4, 4, 4, 5, 9, 14, 15, 19, 26, 29, 36, 39, 44"
12541,"1, 1, 2, 3, 3, 3, 4, 4, 4, 8, 10, 10, 16, 24, 34, 41, 42, 46"
12542,"1, 1, 1, 2, 3, 5, 5, 9, 10, 20, 26, 27, 30, 32, 34, 50"
12543,"1, 1, 1, 2, 2, 2, 3, 4, 7, 9, 11, 12, 21, 25, 32, 36, 40, 47"
12544,"1, 1, 2, 2, 2, 3, 4, 4, 6, 6, 7, 15, 18, 30, 36, 39, 40, 40"
12545,"1, 1, 1, 2, 2, 2, 2, 3, 3, 4, 5, 6, 10, 25, 27, 32, 38, 43, 49"
12546,"1, 1, 1, 1, 1, 2, 2, 3, 4, 4, 6, 11, 18, 20, 30, 33, 38, 38, 42"
12547,"1, 1, 1, 1, 1, 2, 2, 2, 3, 4, 6, 6, 10, 17, 18, 28, 30, 37, 42, 44"
12548,"1, 1, 1, 3, 4, 5, 5, 6, 7, 12, 13, 22, 28, 28, 29, 44, 47"
12549,"1, 1, 1, 1, 1, 1, 2, 2, 3, 3, 5, 8, 13, 17, 19, 22, 25, 33, 38, 60"
12550,"1, 1, 2, 2, 3, 3, 6, 6, 9, 13, 19, 22, 24, 31, 36, 38, 40"
12551,"1, 1, 1, 3, 4, 4, 5, 5, 7, 11, 13, 25, 29, 32, 33, 37, 45"
12552,"1, 1, 2, 3, 4, 4, 7, 8, 11, 20, 28, 28, 32, 32, 34, 41"
12553,"1, 1, 1, 1, 2, 3, 3, 4, 5, 5, 7, 17, 24, 33, 35, 35, 39, 40"
12554,"1, 1, 1, 1, 2, 3, 3, 3, 3, 5, 5, 7, 11, 26, 29, 33, 35, 42, 45"
12555,"1, 1, 1, 1, 3, 3, 3, 3, 5, 7, 8, 19, 21, 23, 24, 35, 44, 54"
12556,"1, 1, 1, 1, 1, 1, 2, 2, 4, 4, 4, 6, 12, 16, 16, 30, 30, 40, 41, 43"
12557,"1, 1, 2, 3, 3, 5, 7, 7, 13, 13, 17, 30, 31, 34, 38, 51"
12558,"1, 1, 1, 1, 1, 1, 2, 3, 3, 4, 4, 9, 9, 11, 24, 25, 31, 32, 44, 49"
12559,"1, 1, 1, 1, 2, 3, 3, 4, 5, 5, 10, 13, 15, 23, 38, 42, 44, 45"
12560,"1, 1, 1, 2, 2, 2, 3, 3, 4, 4, 6, 10, 12, 25, 28, 29, 30, 46, 47"
12561,"1, 1, 1, 1, 1, 3, 3, 3, 5, 5, 7, 7, 10, 19, 29, 33, 37, 38, 52"
12562,"1, 1, 1, 1, 2, 2, 2, 3, 4, 6, 6, 12, 14, 16, 28, 29, 42, 43, 43"
12563,"1, 1, 1, 1, 1, 2, 2, 2, 5, 5, 6, 12, 16, 20, 26, 30, 37, 43, 45"
12564,"1, 1, 1, 2, 2, 2, 2, 3, 3, 5, 6, 13, 14, 17, 22, 34, 42, 42, 44"
12565,"1, 1, 1, 1, 2, 3, 3, 4, 5, 6, 6, 6, 11, 21, 33, 35, 35, 38, 44"
12566,"1, 1, 1, 1, 1, 2, 3, 3, 6, 7, 7, 10, 13, 17, 23, 25, 30, 50, 55"
12567,"1, 2, 2, 2, 2, 3, 3, 4, 6, 8, 8, 16, 20, 23, 26, 31, 35, 64"
12568,"1, 1, 1, 2, 2, 2, 2, 3, 3, 4, 7, 10, 15, 22, 25, 28, 34, 43, 51"
12569,"1, 1, 1, 1, 2, 2, 3, 3, 3, 6, 7, 10, 17, 23, 24, 27, 32, 32, 61"
12570,"1, 1, 1, 1, 3, 4, 5, 7, 11, 13, 14, 26, 27, 29, 32, 39, 42"
12571,"1, 1, 1, 1, 3, 3, 3, 4, 7, 7, 11, 12, 18, 26, 29, 29, 48, 52"
12572,"1, 1, 1, 1, 1, 3, 3, 3, 4, 4, 5, 10, 20, 22, 29, 31, 34, 35, 48"
12573,"1, 1, 1, 2, 2, 2, 4, 4, 4, 4, 5, 14, 24, 26, 30, 41, 45, 46"
12574,"1, 1, 2, 2, 2, 3, 3, 3, 5, 6, 7, 9, 21, 25, 28, 28, 45, 65"
12575,"1, 1, 1, 1, 2, 2, 2, 2, 3, 3, 5, 9, 17, 19, 31, 38, 39, 39, 41"
12576,"1, 1, 1, 1, 1, 1, 2, 3, 4, 6, 6, 10, 18, 23, 27, 27, 36, 40, 48"
12577,"1, 1, 1, 2, 2, 3, 4, 8, 9, 13, 24, 24, 29, 30, 32, 36, 37"
12578,"1, 1, 1, 1, 1, 1, 2, 2, 2, 5, 5, 6, 6, 10, 24, 28, 31, 36, 44, 49"
12579,"1, 1, 1, 1, 1, 2, 2, 2, 3, 3, 4, 8, 12, 16, 16, 25, 29, 33, 40, 56"
12580,"1, 1, 1, 1, 2, 3, 3, 3, 5, 5, 6, 7, 11, 25, 25, 31, 33, 44, 49"
12581,"1, 1, 1, 1, 1, 2, 2, 4, 5, 6, 7, 11, 13, 19, 27, 30, 36, 44, 45"
12582,"1, 1, 1, 1, 2, 3, 3, 3, 6, 6, 6, 6, 14, 22, 25, 26, 33, 47, 50"
12583,"1, 1, 1, 1, 1, 1, 2, 2, 3, 3, 3, 9, 13, 17, 19, 21, 36, 37, 39, 46"
12584,"1, 1, 1, 3, 4, 4, 4, 6, 7, 15, 18, 24, 24, 30, 35, 38, 41"
12585,"1, 1, 1, 1, 2, 2, 2, 3, 3, 4, 7, 17, 18, 19, 20, 22, 39, 40, 54"
12586,"1, 1, 1, 1, 2, 3, 3, 4, 4, 4, 5, 6, 9, 23, 25, 27, 27, 48, 62"
12587,"1, 1, 1, 1, 1, 2, 3, 3, 4, 5, 8, 9, 12, 25, 27, 30, 33, 45, 45"
12588,"1, 1, 2, 3, 3, 4, 5, 5, 9, 10, 20, 21, 27, 27, 34, 35, 49"
12589,"1, 1, 1, 1, 2, 2, 2, 3, 5, 7, 7, 7, 13, 23, 30, 31, 31, 42, 47"
12590,"1, 1, 1, 1, 1, 1, 1, 1, 3, 3, 4, 4, 6, 8, 9, 25, 34, 34, 34, 36, 48"
12591,"1, 1, 1, 1, 2, 2, 2, 4, 5, 6, 7, 9, 11, 23, 26, 33, 34, 44, 44"
12592,"1, 1, 1, 2, 2, 3, 3, 4, 5, 6, 7, 11, 23, 28, 31, 38, 40, 50"
12593,"1, 1, 1, 1, 3, 4, 4, 6, 6, 6, 10, 14, 19, 31, 31, 36, 39, 43"
12594,"1, 2, 2, 3, 3, 4, 4, 5, 10, 10, 18, 18, 24, 31, 32, 39, 50"
12595,"1, 1, 1, 1, 2, 2, 3, 3, 4, 4, 4, 6, 11, 24, 27, 33, 37, 44, 48"
12596,"1, 1, 1, 1, 2, 2, 2, 2, 4, 7, 7, 9, 12, 26, 26, 28, 33, 46, 46"
12597,"1, 1, 1, 1, 2, 3, 4, 5, 7, 7, 8, 13, 23, 30, 33, 36, 38, 43"
12598,"1, 1, 1, 1, 2, 2, 5, 7, 7, 7, 9, 11, 24, 30, 30, 31, 41, 46"
12599,"1, 1, 1, 2, 3, 3, 3, 4, 5, 5, 7, 13, 15, 24, 35, 38, 47, 49"
12600,"1, 1, 1, 1, 1, 2, 2, 2, 3, 4, 4, 4, 4, 16, 20, 31, 38, 38, 40, 43"
12601,"1, 1, 1, 1, 1, 1, 1, 2, 2, 2, 3, 3, 4, 10, 15, 24, 26, 32, 32, 44, 50"
12602,"1, 1, 1, 1, 1, 1, 2, 3, 3, 4, 4, 4, 11, 20, 22, 26, 30, 37, 38, 46"
12603,"1, 1, 2, 2, 2, 3, 4, 6, 6, 10, 18, 21, 30, 31, 38, 40, 41"
12604,"1, 1, 1, 1, 1, 1, 2, 2, 3, 3, 3, 4, 7, 17, 26, 27, 29, 38, 42, 47"
12605,"1, 1, 1, 1, 1, 1, 2, 2, 2, 3, 5, 5, 6, 14, 24, 27, 30, 38, 43, 49"
12606,"1, 1, 1, 1, 1, 2, 2, 2, 4, 4, 5, 5, 6, 8, 20, 30, 35, 35, 40, 53"
12607,"1, 1, 1, 1, 2, 3, 5, 5, 5, 6, 8, 14, 15, 32, 34, 38, 42, 43"
12608,"1, 1, 1, 1, 1, 1, 2, 2, 3, 3, 5, 6, 11, 17, 19, 24, 25, 27, 46, 60"
12609,"1, 3, 4, 6, 6, 6, 8, 9, 10, 12, 12, 18, 43, 46, 72"
12610,"1, 1, 1, 1, 1, 1, 2, 2, 4, 4, 5, 5, 15, 17, 24, 25, 28, 29, 42, 48"
12611,"1, 1, 1, 1, 1, 1, 2, 2, 2, 2, 4, 10, 12, 14, 18, 24, 33, 33, 46, 48"
12612,"1, 1, 1, 1, 2, 2, 2, 4, 4, 4, 5, 12, 14, 17, 24, 26, 33, 43, 60"
12613,"1, 1, 1, 1, 1, 2, 4, 4, 4, 5, 6, 7, 13, 18, 32, 37, 38, 38, 43"
12614,"1, 1, 1, 3, 3, 4, 4, 6, 7, 7, 14, 26, 30, 30, 35, 38, 46"
12615,"1, 1, 1, 1, 3, 3, 3, 3, 6, 7, 8, 20, 20, 29, 35, 37, 39, 39"
12616,"1, 1, 1, 1, 2, 4, 4, 5, 7, 8, 11, 12, 16, 23, 31, 39, 44, 46"
12617,"1, 1, 1, 1, 2, 2, 4, 4, 5, 5, 7, 19, 21, 25, 35, 35, 36, 52"
12618,"1, 1, 1, 3, 3, 4, 4, 6, 7, 7, 11, 12, 13, 27, 45, 50, 61"
12619,"1, 1, 1, 1, 1, 1, 1, 2, 3, 3, 3, 3, 5, 11, 11, 26, 27, 28, 32, 46, 49"
12620,"1, 1, 1, 2, 3, 3, 3, 4, 5, 6, 7, 17, 17, 21, 36, 36, 38, 55"
12621,"1, 1, 1, 3, 3, 3, 4, 6, 6, 6, 8, 10, 18, 31, 31, 38, 39, 47"
12622,"1, 1, 1, 2, 2, 2, 2, 4, 6, 8, 12, 13, 22, 24, 30, 32, 42, 52"
12623,"1, 1, 1, 1, 1, 1, 1, 3, 4, 5, 9, 14, 19, 19, 25, 27, 30, 40, 54"
12624,"1, 1, 1, 1, 2, 2, 3, 3, 4, 4, 7, 8, 10, 27, 30, 33, 35, 39, 45"
12625,"1, 1, 1, 1, 2, 2, 3, 5, 5, 5, 5, 13, 17, 26, 31, 41, 42, 55"
12626,"1, 1, 2, 2, 2, 4, 4, 5, 5, 5, 5, 12, 26, 28, 28, 30, 44, 52"
12627,"1, 1, 1, 2, 2, 4, 4, 4, 6, 7, 11, 16, 19, 26, 32, 36, 38, 46"
12628,"1, 1, 1, 1, 1, 2, 2, 3, 3, 4, 10, 10, 15, 16, 26, 27, 33, 39, 61"
12629,"1, 1, 1, 1, 2, 2, 3, 4, 4, 6, 7, 9, 16, 20, 20, 25, 33, 38, 63"
12630,"1, 1, 1, 1, 2, 3, 3, 6, 6, 7, 8, 16, 18, 29, 37, 38, 39, 40"
12631,"1, 1, 1, 1, 1, 2, 2, 3, 4, 8, 9, 9, 10, 13, 29, 29, 41, 44, 48"
12632,"1, 1, 1, 1, 2, 2, 2, 3, 3, 4, 6, 10, 18, 22, 33, 35, 37, 37, 38"
12633,"1, 1, 1, 1, 2, 2, 2, 3, 4, 6, 9, 10, 11, 17, 18, 20, 21, 33, 35, 59"
12634,"1, 1, 1, 1, 2, 2, 2, 3, 3, 4, 9, 12, 13, 14, 21, 25, 26, 35, 39, 42"
12635,"1, 1, 1, 1, 1, 1, 2, 2, 3, 3, 4, 4, 7, 16, 20, 24, 24, 33, 33, 34, 41"
12636,"1, 1, 1, 1, 1, 1, 2, 2, 4, 5, 7, 9, 11, 20, 20, 24, 27, 32, 39, 48"
12637,"1, 1, 1, 1, 2, 2, 2, 2, 2, 9, 10, 18, 19, 23, 29, 31, 34, 34, 35"
12638,"1, 1, 1, 1, 1, 2, 3, 4, 6, 7, 12, 15, 16, 22, 26, 31, 34, 36, 37"
12639,"1, 1, 1, 1, 2, 2, 2, 3, 4, 5, 5, 9, 9, 19, 21, 25, 27, 32, 38, 49"
12640,"1, 1, 1, 1, 2, 2, 2, 3, 3, 5, 7, 10, 12, 20, 23, 25, 27, 31, 32, 48"
12641,"1, 1, 1, 1, 2, 2, 3, 3, 4, 8, 10, 10, 28, 28, 29, 29, 30, 32, 34"
12642,"1, 1, 1, 1, 1, 1, 2, 3, 4, 7, 9, 9, 12, 15, 20, 25, 28, 28, 40, 48"
12643,"1, 1, 2, 2, 2, 2, 2, 4, 5, 6, 7, 9, 25, 27, 27, 28, 30, 30, 46"
12644,"1, 1, 1, 1, 2, 3, 3, 4, 6, 9, 11, 12, 17, 19, 24, 24, 36, 40, 42"
12645,"1, 1, 1, 2, 3, 4, 6, 6, 8, 12, 15, 21, 22, 27, 30, 43, 54"
12646,"1, 1, 1, 2, 2, 3, 4, 5, 9, 11, 15, 23, 24, 25, 29, 33, 34, 34"
12647,"1, 1, 1, 1, 1, 1, 1, 1, 1, 2, 2, 3, 4, 8, 11, 20, 21, 29, 30, 37, 38, 42"
12648,"1, 1, 2, 2, 2, 3, 3, 5, 8, 9, 15, 22, 26, 27, 28, 29, 35, 38"
12649,"1, 1, 1, 1, 2, 4, 5, 6, 6, 10, 12, 23, 24, 25, 26, 31, 31, 47"
12650,"1, 1, 1, 1, 1, 1, 1, 2, 2, 3, 3, 3, 4, 12, 13, 15, 16, 23, 25, 33, 45, 50"
12651,"1, 1, 1, 1, 2, 2, 2, 2, 3, 3, 8, 10, 11, 19, 21, 27, 28, 35, 39, 40"
12652,"1, 1, 2, 2, 2, 2, 3, 6, 6, 9, 11, 18, 19, 26, 32, 35, 39, 42"
12653,"1, 1, 1, 1, 4, 5, 6, 7, 10, 12, 12, 13, 20, 20, 30, 32, 34, 47"
12654,"1, 1, 1, 1, 2, 3, 3, 3, 4, 6, 7, 13, 25, 26, 28, 29, 29, 30, 44"
12655,"1, 1, 1, 2, 2, 2, 2, 3, 3, 6, 6, 10, 10, 17, 18, 23, 34, 35, 38, 42"
12656,"1, 1, 1, 2, 2, 2, 3, 4, 7, 7, 9, 11, 15, 20, 20, 30, 38, 38, 45"
12657,"1, 1, 1, 1, 2, 2, 3, 3, 3, 5, 8, 11, 15, 16, 19, 20, 34, 36, 37, 38"
12658,"1, 1, 1, 1, 1, 1, 2, 2, 4, 6, 8, 10, 12, 13, 16, 17, 23, 32, 32, 36, 37"
12659,"1, 1, 1, 1, 2, 2, 2, 5, 6, 7, 8, 12, 13, 23, 24, 25, 26, 30, 30, 37"
12660,"1, 1, 1, 1, 2, 3, 3, 3, 4, 8, 9, 12, 12, 22, 23, 27, 27, 30, 30, 37"
12661,"1, 1, 1, 1, 2, 2, 4, 4, 8, 8, 12, 13, 16, 24, 28, 30, 30, 34, 37"
12662,"1, 2, 2, 4, 4, 12, 26, 27, 36, 42, 44, 56"
12663,"1, 1, 2, 2, 4, 7, 8, 21, 30, 32, 40, 52, 56"
12664,"1, 1, 2, 5, 9, 14, 18, 20, 28, 44, 50, 64"
12665,"1, 1, 2, 2, 3, 10, 11, 14, 26, 36, 48, 50, 52"
12666,"1, 2, 4, 6, 16, 20, 21, 32, 44, 50, 60"
12667,"1, 1, 2, 4, 4, 4, 6, 21, 26, 36, 45, 50, 56"
12668,"1, 4, 4, 12, 49, 80, 106"
12669,"1, 1, 4, 4, 8, 12, 18, 20, 40, 44, 52, 52"
12670,"1, 4, 4, 10, 12, 15, 24, 40, 42, 48, 56"
12671,"1, 3, 7, 8, 15, 16, 16, 32, 42, 44, 72"
12672,"1, 3, 4, 7, 12, 21, 32, 32, 46, 48, 50"
12673,"1, 1, 1, 2, 4, 4, 8, 22, 28, 36, 47, 50, 52"
12674,"1, 1, 2, 2, 2, 6, 12, 20, 26, 36, 42, 46, 60"
12675,"1, 1, 2, 2, 2, 3, 15, 19, 24, 31, 40, 56, 60"
12676,"1, 1, 4, 5, 7, 8, 20, 28, 36, 44, 50, 52"
12677,"1, 1, 4, 5, 8, 9, 18, 28, 36, 44, 50, 52"
12678,"1, 2, 2, 3, 3, 7, 10, 16, 24, 24, 42, 54, 68"
12679,"1, 1, 4, 4, 6, 10, 22, 24, 40, 40, 48, 56"
12680,"1, 1, 1, 2, 2, 3, 17, 24, 26, 28, 40, 51, 60"
12681,"1, 1, 2, 2, 6, 8, 10, 19, 20, 28, 41, 54, 64"
12682,"1, 2, 2, 4, 10, 14, 17, 20, 28, 42, 52, 64"
12683,"1, 2, 3, 8, 14, 26, 96, 106"
12684,"1, 2, 5, 9, 13, 14, 28, 36, 42, 48, 58"
12685,"1, 2, 4, 8, 10, 23, 28, 34, 42, 48, 56"
12686,"1, 1, 2, 3, 8, 13, 17, 28, 30, 34, 56, 63"
12687,"1, 2, 4, 6, 8, 23, 28, 36, 40, 48, 60"
12688,"1, 2, 4, 5, 6, 11, 15, 16, 28, 36, 56, 76"
12689,"1, 3, 6, 10, 11, 17, 28, 36, 38, 48, 58"
12690,"1, 2, 4, 6, 12, 21, 36, 40, 42, 44, 48"
12691,"1, 1, 2, 2, 2, 3, 6, 7, 18, 26, 34, 34, 56, 64"
12692,"1, 2, 5, 8, 11, 19, 28, 34, 44, 48, 56"
12693,"1, 1, 2, 3, 9, 10, 24, 32, 32, 44, 46, 52"
12694,"1, 1, 1, 3, 8, 11, 17, 24, 40, 42, 52, 56"
12695,"1, 1, 1, 3, 4, 4, 11, 24, 24, 40, 42, 45, 56"
12696,"1, 1, 4, 5, 9, 10, 12, 24, 40, 48, 50, 52"
12697,"1, 1, 2, 4, 6, 6, 11, 11, 12, 32, 50, 52, 68"
12698,"1, 2, 4, 4, 6, 14, 16, 23, 32, 38, 44, 72"
12699,"1, 1, 1, 1, 2, 6, 11, 21, 28, 36, 40, 52, 56"
12700,"1, 1, 2, 4, 10, 12, 14, 28, 36, 44, 48, 56"
12701,"1, 3, 6, 9, 14, 19, 24, 24, 44, 52, 60"
12702,"1, 1, 2, 7, 15, 17, 24, 36, 40, 49, 64"
12703,"1, 2, 3, 8, 18, 20, 24, 32, 40, 52, 56"
12704,"1, 2, 2, 3, 4, 7, 8, 15, 22, 40, 46, 52, 54"
12705,"1, 1, 2, 4, 6, 6, 11, 11, 12, 32, 50, 52, 68"
12706,"1, 1, 1, 2, 5, 6, 14, 15, 20, 44, 44, 47, 56"
12707,"1, 1, 1, 2, 4, 6, 14, 20, 23, 28, 39, 45, 72"
12708,"1, 2, 2, 3, 8, 13, 17, 26, 36, 44, 48, 56"
12709,"1, 2, 2, 5, 10, 11, 19, 20, 26, 44, 48, 68"
12710,"1, 1, 1, 4, 6, 16, 18, 28, 35, 36, 50, 60"
12711,"1, 2, 3, 5, 5, 10, 12, 32, 32, 38, 52, 64"
12712,"1, 4, 6, 60, 63, 122"
12713,"1, 2, 2, 3, 4, 4, 11, 19, 26, 34, 36, 56, 58"
12714,"1, 2, 2, 10, 12, 25, 28, 34, 38, 52, 52"
12715,"1, 3, 8, 13, 23, 40, 40, 40, 40, 48"
12716,"1, 2, 4, 4, 8, 8, 15, 28, 32, 40, 52, 62"
12717,"1, 5, 7, 8, 12, 15, 20, 28, 48, 52, 60"
12718,"1, 1, 1, 2, 2, 2, 6, 12, 18, 22, 40, 42, 51, 56"
12719,"1, 1, 2, 2, 8, 10, 14, 20, 42, 48, 52, 56"
12720,"1, 2, 3, 6, 13, 20, 31, 32, 44, 48, 56"
12721,"1, 1, 2, 3, 4, 4, 11, 18, 22, 34, 44, 56, 56"
12722,"1, 1, 2, 4, 4, 4, 26, 28, 32, 32, 60, 62"
12723,"1, 1, 2, 5, 9, 10, 18, 32, 32, 44, 50, 52"
12724,"1, 1, 1, 2, 5, 9, 10, 11, 16, 32, 48, 52, 68"
12725,"1, 1, 4, 5, 7, 12, 17, 24, 24, 46, 51, 64"
12726,"1, 1, 2, 2, 3, 9, 10, 19, 24, 24, 42, 51, 68"
12727,"1, 1, 4, 4, 8, 14, 16, 20, 44, 46, 46, 52"
12728,"1, 2, 2, 2, 2, 5, 11, 21, 26, 36, 40, 48, 60"
12729,"1, 1, 1, 4, 8, 10, 26, 28, 36, 43, 46, 52"
12730,"1, 1, 2, 6, 6, 12, 24, 24, 38, 40, 50, 52"
12731,"1, 1, 3, 4, 4, 12, 22, 28, 36, 37, 48, 60"
12732,"1, 1, 4, 10, 12, 16, 32, 32, 44, 48, 56"
12733,"1, 2, 4, 5, 10, 16, 18, 20, 22, 28, 40, 44, 46"
12734,"1, 1, 1, 1, 2, 4, 6, 11, 12, 13, 14, 28, 34, 39, 44, 45"
12735,"1, 4, 4, 4, 4, 5, 6, 12, 12, 18, 20, 26, 28, 32, 40, 40"
12736,"1, 1, 1, 1, 2, 2, 9, 12, 17, 23, 39, 44, 50, 54"
12737,"1, 1, 1, 5, 7, 9, 17, 36, 36, 46, 47, 50"
12738,"1, 1, 1, 2, 4, 10, 11, 20, 26, 28, 34, 58, 60"
12739,"1, 1, 1, 3, 4, 7, 8, 16, 24, 36, 48, 53, 54"
12740,"1, 1, 2, 2, 3, 6, 14, 15, 27, 29, 32, 34, 44, 46"
12741,"1, 1, 1, 1, 2, 8, 11, 27, 29, 33, 44, 44, 54"
12742,"1, 1, 1, 1, 2, 9, 11, 23, 32, 32, 37, 52, 54"
12743,"1, 2, 3, 4, 7, 10, 21, 28, 36, 40, 50, 54"
12744,"1, 1, 1, 2, 3, 7, 12, 18, 28, 35, 44, 50, 54"
12745,"1, 1, 1, 3, 6, 8, 11, 15, 23, 32, 39, 58, 58"
12746,"1, 1, 1, 3, 3, 9, 9, 18, 30, 34, 43, 52, 52"
12747,"1, 1, 2, 3, 10, 13, 19, 26, 30, 36, 56, 59"
12748,"1, 1, 1, 2, 6, 6, 11, 20, 23, 36, 37, 52, 60"
12749,"1, 2, 3, 4, 10, 13, 13, 22, 40, 42, 50, 56"
12750,"1, 1, 4, 5, 8, 9, 15, 28, 36, 47, 50, 52"
12751,"1, 1, 4, 4, 8, 14, 15, 21, 42, 46, 48, 52"
12752,"1, 1, 4, 5, 6, 13, 21, 23, 32, 42, 46, 62"
12753,"1, 1, 1, 4, 12, 13, 17, 22, 34, 46, 50, 55"
12754,"1, 1, 1, 3, 3, 4, 14, 22, 24, 39, 40, 46, 58"
12755,"1, 1, 1, 5, 11, 17, 17, 19, 36, 38, 54, 56"
12756,"1, 1, 2, 2, 3, 8, 11, 20, 24, 30, 42, 54, 58"
12757,"1, 1, 1, 2, 5, 10, 12, 13, 24, 24, 30, 38, 45, 50"
12758,"1, 1, 2, 5, 9, 12, 24, 24, 32, 38, 50, 58"
12759,"1, 1, 1, 2, 2, 3, 7, 8, 20, 28, 33, 42, 54, 54"
12760,"1, 1, 3, 5, 7, 11, 13, 32, 40, 41, 46, 56"
12761,"1, 1, 1, 2, 3, 4, 4, 14, 15, 17, 24, 27, 44, 45, 54"
12762,"1, 1, 2, 3, 5, 5, 9, 17, 26, 38, 43, 50, 56"
12763,"1, 1, 1, 2, 4, 10, 12, 14, 25, 38, 48, 48, 52"
12764,"1, 1, 2, 4, 10, 13, 18, 23, 38, 42, 46, 58"
12765,"1, 1, 1, 1, 2, 8, 15, 20, 24, 40, 42, 48, 53"
12766,"1, 1, 1, 1, 2, 4, 4, 6, 15, 24, 40, 49, 53, 55"
12767,"1, 1, 1, 1, 2, 3, 6, 7, 13, 26, 38, 49, 53, 55"
12768,"1, 1, 2, 2, 5, 8, 9, 15, 18, 28, 48, 49, 70"
12769,"1, 1, 1, 2, 3, 11, 11, 21, 21, 34, 44, 48, 58"
12770,"1, 1, 2, 4, 7, 15, 18, 26, 36, 38, 50, 58"
12771,"1, 1, 2, 3, 8, 15, 20, 21, 38, 43, 50, 54"
12772,"1, 1, 1, 3, 5, 9, 9, 16, 29, 34, 38, 50, 60"
12773,"1, 1, 1, 3, 4, 8, 10, 15, 23, 27, 32, 32, 45, 54"
12774,"1, 1, 1, 2, 2, 5, 5, 9, 18, 21, 28, 40, 53, 70"
12775,"1, 1, 1, 1, 2, 3, 5, 9, 18, 24, 38, 44, 51, 58"
12776,"1, 1, 1, 2, 4, 4, 6, 8, 12, 21, 28, 34, 37, 47, 50"
12777,"1, 1, 1, 1, 4, 4, 5, 9, 16, 21, 34, 46, 49, 64"
12778,"1, 1, 1, 2, 5, 7, 8, 18, 26, 38, 44, 52, 53"
12779,"1, 1, 1, 2, 6, 8, 10, 18, 20, 30, 42, 51, 66"
12780,"1, 1, 1, 4, 4, 6, 8, 16, 26, 38, 46, 51, 54"
12781,"1, 1, 2, 3, 9, 12, 21, 26, 30, 42, 49, 60"
12782,"1, 1, 1, 4, 5, 6, 13, 14, 17, 23, 32, 40, 45, 54"
12783,"1, 1, 2, 2, 4, 6, 10, 19, 24, 32, 42, 49, 64"
12784,"1, 1, 2, 3, 3, 5, 7, 17, 30, 42, 44, 48, 53"
12785,"1, 1, 1, 1, 1, 1, 3, 3, 13, 21, 22, 39, 41, 48, 60"
12786,"1, 1, 1, 2, 2, 8, 8, 17, 30, 34, 44, 54, 54"
12787,"1, 1, 1, 1, 4, 6, 11, 17, 18, 44, 46, 52, 54"
12788,"1, 1, 3, 3, 7, 11, 18, 24, 32, 44, 50, 62"
12789,"1, 1, 4, 22, 36, 90, 102"
12790,"1, 1, 1, 5, 7, 10, 11, 17, 22, 33, 36, 36, 38, 38"
12791,"1, 1, 2, 2, 2, 6, 7, 17, 24, 32, 44, 54, 64"
12792,"1, 1, 1, 1, 5, 5, 6, 18, 18, 18, 30, 34, 39, 39, 40"
12793,"1, 1, 1, 2, 3, 5, 10, 17, 22, 34, 36, 60, 64"
12794,"1, 1, 1, 2, 6, 12, 19, 27, 27, 28, 36, 42, 54"
12795,"1, 1, 1, 2, 2, 8, 9, 17, 17, 21, 25, 28, 38, 40, 46"
12796,"1, 1, 1, 1, 1, 6, 9, 20, 28, 28, 48, 50, 62"
12797,"1, 1, 1, 1, 1, 4, 6, 8, 17, 18, 27, 35, 36, 50, 50"
12798,"1, 1, 2, 2, 4, 6, 14, 21, 25, 30, 32, 54, 64"
12799,"1, 1, 3, 3, 4, 9, 19, 26, 38, 44, 52, 56"
12800,"1, 1, 2, 3, 5, 12, 19, 19, 30, 32, 40, 44, 48"
12801,"1, 1, 1, 3, 4, 5, 7, 18, 24, 32, 44, 54, 62"
12802,"1, 1, 1, 1, 4, 6, 9, 16, 24, 30, 33, 38, 42, 50"
12803,"1, 1, 3, 3, 5, 11, 21, 28, 35, 42, 50, 56"
12804,"1, 1, 1, 1, 3, 9, 11, 15, 25, 37, 48, 52, 52"
12805,"1, 1, 1, 2, 3, 6, 9, 19, 23, 39, 44, 52, 56"
12806,"1, 1, 1, 1, 4, 4, 5, 5, 14, 27, 35, 48, 54, 56"
12807,"1, 1, 1, 1, 2, 5, 5, 12, 18, 21, 34, 36, 57, 62"
12808,"1, 1, 1, 3, 3, 5, 10, 17, 18, 29, 32, 42, 44, 50"
12809,"1, 1, 1, 1, 5, 8, 9, 17, 22, 23, 32, 32, 50, 54"
12810,"1, 1, 1, 1, 2, 5, 9, 21, 31, 32, 42, 54, 56"
12811,"1, 1, 1, 1, 6, 6, 7, 16, 24, 29, 34, 38, 42, 50"
12812,"1, 1, 1, 4, 5, 6, 11, 17, 19, 28, 46, 47, 70"
12813,"1, 1, 3, 3, 4, 6, 9, 17, 21, 24, 46, 51, 70"
12814,"1, 1, 1, 2, 2, 8, 10, 17, 30, 33, 46, 52, 53"
12815,"1, 1, 1, 1, 2, 2, 8, 10, 10, 29, 42, 44, 52, 53"
12816,"1, 1, 1, 2, 4, 4, 10, 14, 23, 33, 37, 38, 42, 46"
12817,"1, 1, 3, 4, 8, 9, 17, 27, 28, 46, 52, 60"
12818,"1, 1, 2, 2, 4, 7, 8, 13, 21, 33, 36, 40, 44, 44"
12819,"1, 1, 1, 2, 3, 7, 8, 20, 30, 33, 42, 54, 54"
12820,"1, 1, 1, 1, 6, 8, 9, 13, 20, 22, 26, 31, 34, 41, 42"
12821,"1, 1, 1, 1, 3, 7, 15, 15, 23, 39, 40, 54, 56"
12822,"1, 1, 1, 3, 3, 4, 10, 15, 31, 39, 40, 50, 58"
12823,"1, 1, 1, 2, 3, 3, 7, 9, 11, 23, 25, 34, 38, 48, 50"
12824,"1, 1, 1, 3, 3, 3, 11, 22, 26, 37, 40, 50, 58"
12825,"1, 1, 2, 2, 2, 8, 8, 17, 28, 44, 45, 46, 52"
12826,"1, 1, 3, 5, 9, 9, 15, 30, 34, 40, 49, 60"
12827,"1, 1, 1, 2, 4, 4, 12, 19, 27, 36, 44, 47, 58"
12828,"1, 1, 1, 1, 3, 8, 11, 12, 29, 42, 48, 49, 50"
12829,"1, 1, 1, 2, 2, 4, 10, 18, 31, 40, 44, 50, 52"
12830,"1, 1, 1, 2, 3, 4, 13, 17, 26, 36, 38, 56, 58"
12831,"1, 1, 1, 1, 3, 3, 5, 11, 13, 21, 34, 40, 56, 66"
12832,"1, 1, 2, 4, 8, 10, 14, 28, 28, 48, 52, 60"
12833,"1, 1, 2, 2, 3, 5, 14, 15, 20, 42, 47, 48, 56"
12834,"1, 1, 1, 4, 4, 8, 8, 18, 26, 30, 44, 52, 59"
12835,"1, 1, 1, 1, 1, 2, 4, 6, 12, 12, 19, 36, 48, 49, 63"
12836,"1, 1, 1, 3, 4, 12, 17, 25, 46, 46, 48, 52"
12837,"1, 1, 1, 1, 2, 4, 4, 13, 14, 21, 40, 41, 50, 63"
12838,"1, 1, 1, 2, 2, 2, 4, 10, 16, 23, 33, 36, 38, 41, 46"
12839,"1, 1, 1, 3, 7, 16, 21, 26, 29, 31, 56, 64"
12840,"1, 1, 1, 5, 7, 11, 23, 28, 36, 40, 51, 52"
12841,"1, 1, 1, 1, 1, 2, 3, 3, 11, 16, 26, 35, 38, 57, 60"
12842,"1, 1, 1, 1, 1, 1, 7, 9, 17, 30, 33, 44, 54, 56"
12843,"1, 1, 1, 2, 2, 8, 12, 12, 26, 29, 34, 42, 42, 44"
12844,"1, 1, 1, 1, 1, 2, 2, 7, 10, 11, 18, 31, 38, 39, 41, 52"
12845,"1, 1, 1, 4, 6, 14, 16, 20, 28, 35, 42, 42, 46"
12846,"1, 1, 1, 2, 4, 5, 11, 13, 17, 32, 38, 39, 44, 48"
12847,"1, 1, 1, 1, 1, 5, 10, 10, 11, 17, 25, 36, 44, 45, 48"
12848,"1, 1, 1, 1, 2, 3, 3, 13, 18, 20, 41, 44, 50, 58"
12849,"1, 1, 1, 1, 1, 1, 3, 7, 9, 16, 19, 34, 48, 54, 60"
12850,"1, 1, 1, 1, 2, 2, 2, 11, 26, 30, 40, 43, 44, 52"
12851,"1, 1, 1, 2, 2, 4, 12, 22, 26, 41, 42, 44, 58"
12852,"1, 1, 1, 1, 1, 3, 6, 12, 13, 22, 30, 37, 40, 41, 47"
12853,"1, 1, 1, 1, 1, 1, 3, 7, 7, 19, 23, 31, 47, 51, 62"
12854,"1, 1, 1, 1, 1, 3, 7, 12, 17, 23, 31, 37, 59, 62"
12855,"1, 2, 2, 3, 11, 14, 17, 22, 32, 46, 48, 58"
12856,"1, 2, 2, 3, 8, 9, 19, 30, 34, 46, 50, 52"
12857,"1, 1, 1, 1, 2, 4, 6, 14, 20, 23, 32, 33, 56, 62"
12858,"1, 1, 1, 2, 4, 8, 10, 21, 27, 28, 42, 52, 59"
12859,"1, 1, 1, 1, 2, 3, 5, 13, 14, 18, 31, 38, 38, 39, 51"
12860,"1, 1, 2, 4, 6, 12, 19, 28, 36, 44, 47, 56"
12861,"1, 1, 1, 2, 3, 8, 9, 10, 15, 22, 27, 37, 38, 40, 42"
12862,"1, 1, 3, 4, 6, 9, 14, 26, 30, 34, 34, 46, 48"
12863,"1, 1, 2, 2, 6, 9, 17, 30, 34, 46, 52, 56"
12864,"1, 1, 1, 4, 5, 12, 16, 23, 30, 32, 34, 46, 51"
12865,"1, 1, 1, 1, 3, 5, 9, 10, 11, 19, 36, 44, 57, 58"
12866,"1, 1, 1, 2, 2, 2, 6, 8, 16, 21, 25, 37, 40, 46, 48"
12867,"1, 1, 1, 2, 2, 3, 4, 6, 22, 24, 39, 46, 47, 58"
12868,"1, 1, 1, 1, 2, 5, 7, 7, 19, 23, 32, 42, 55, 60"
12869,"1, 1, 2, 2, 4, 4, 10, 19, 22, 42, 42, 49, 58"
12870,"1, 1, 1, 1, 2, 4, 6, 8, 16, 26, 38, 45, 53, 54"
12871,"1, 1, 6, 6, 12, 23, 24, 40, 40, 51, 52"
12872,"1, 1, 1, 1, 2, 3, 3, 11, 15, 30, 31, 39, 58, 60"
12873,"1, 1, 1, 1, 1, 2, 10, 11, 15, 29, 33, 39, 52, 60"
12874,"1, 1, 1, 1, 2, 4, 6, 12, 12, 21, 27, 34, 42, 46, 46"
12875,"1, 1, 1, 1, 1, 1, 2, 15, 24, 27, 36, 37, 47, 62"
12876,"1, 1, 1, 1, 2, 4, 6, 8, 18, 28, 35, 44, 51, 56"
12877,"1, 1, 1, 1, 8, 8, 17, 30, 33, 46, 54, 56"
12878,"1, 1, 1, 2, 3, 4, 8, 16, 24, 34, 36, 38, 44, 44"
12879,"1, 1, 2, 2, 6, 9, 17, 28, 36, 46, 52, 56"
12880,"1, 1, 1, 1, 4, 7, 9, 15, 22, 27, 36, 40, 44, 48"
12881,"1, 1, 1, 1, 1, 1, 1, 5, 6, 16, 27, 35, 46, 56, 58"
12882,"1, 1, 1, 1, 2, 2, 3, 14, 15, 16, 29, 31, 46, 46, 48"
12883,"1, 1, 1, 3, 5, 8, 19, 24, 28, 36, 36, 36, 58"
12884,"1, 1, 4, 5, 8, 15, 32, 40, 44, 48, 58"
12885,"1, 1, 1, 3, 7, 7, 20, 24, 25, 37, 40, 40, 50"
12886,"1, 1, 1, 2, 3, 4, 9, 13, 21, 36, 39, 40, 40, 46"
12887,"1, 1, 1, 1, 4, 4, 9, 13, 21, 25, 29, 30, 37, 38, 42"
12888,"1, 1, 1, 1, 2, 3, 5, 7, 16, 23, 32, 46, 54, 64"
12889,"1, 1, 1, 3, 6, 12, 18, 26, 26, 30, 36, 42, 54"
12890,"1, 1, 1, 1, 3, 5, 15, 19, 20, 20, 28, 40, 42, 60"
12891,"1, 1, 2, 5, 6, 10, 14, 21, 28, 36, 40, 44, 48"
12892,"1, 1, 1, 1, 4, 5, 9, 15, 22, 33, 38, 40, 42, 44"
12893,"1, 1, 1, 4, 4, 12, 18, 29, 36, 42, 48, 60"
12894,"1, 1, 2, 2, 3, 5, 10, 15, 23, 26, 36, 38, 42, 52"
12895,"1, 1, 2, 6, 6, 10, 14, 24, 32, 48, 48, 64"
12896,"1, 1, 2, 2, 2, 6, 8, 22, 24, 32, 46, 46, 64"
12897,"1, 1, 1, 3, 3, 9, 9, 18, 30, 34, 43, 52, 52"
12898,"1, 1, 2, 4, 5, 5, 10, 17, 22, 32, 45, 50, 62"
12899,"1, 1, 1, 1, 2, 2, 6, 10, 18, 28, 34, 36, 56, 60"
12900,"1, 1, 3, 5, 9, 13, 17, 24, 32, 37, 56, 58"
12901,"1, 1, 1, 2, 4, 8, 9, 21, 28, 33, 42, 52, 54"
12902,"1, 1, 1, 2, 4, 4, 4, 8, 14, 22, 34, 46, 52, 63"
12903,"1, 1, 1, 2, 2, 4, 6, 10, 17, 27, 28, 36, 58, 63"
12904,"1, 1, 1, 2, 3, 11, 13, 13, 24, 32, 40, 56, 59"
12905,"1, 1, 2, 2, 6, 6, 8, 21, 22, 32, 46, 49, 60"
12906,"1, 1, 1, 1, 4, 10, 15, 17, 19, 36, 45, 48, 58"
12907,"1, 1, 1, 2, 2, 3, 3, 11, 16, 22, 30, 38, 38, 42, 46"
12908,"1, 1, 1, 2, 3, 5, 7, 15, 30, 31, 31, 38, 39, 52"
12909,"1, 2, 4, 5, 5, 9, 13, 27, 32, 36, 38, 42, 42"
12910,"1, 1, 1, 1, 2, 3, 7, 12, 14, 15, 21, 21, 33, 34, 44, 46"
12911,"1, 1, 1, 1, 2, 2, 3, 15, 15, 22, 28, 30, 33, 46, 56"
12912,"1, 1, 1, 2, 4, 4, 7, 15, 22, 26, 29, 32, 32, 38, 42"
12913,"1, 1, 2, 2, 4, 6, 8, 14, 24, 30, 32, 36, 44, 52"
12914,"1, 1, 1, 4, 5, 7, 9, 11, 18, 26, 38, 39, 48, 48"
12915,"1, 1, 1, 1, 2, 2, 6, 13, 19, 23, 36, 42, 46, 63"
12916,"1, 1, 2, 3, 4, 6, 7, 21, 26, 38, 46, 47, 54"
12917,"1, 1, 1, 3, 5, 6, 14, 15, 23, 32, 39, 52, 64"
12918,"1, 1, 1, 2, 3, 9, 10, 19, 28, 28, 43, 52, 59"
12919,"1, 1, 2, 2, 3, 5, 15, 16, 27, 30, 34, 60, 60"
12920,"1, 1, 3, 6, 10, 11, 18, 24, 32, 36, 56, 58"
12921,"1, 1, 1, 1, 3, 4, 11, 18, 26, 32, 35, 36, 42, 45"
12922,"1, 1, 1, 1, 1, 5, 8, 10, 12, 14, 20, 33, 36, 36, 37, 40"
12923,"1, 2, 2, 3, 7, 14, 17, 28, 36, 36, 54, 56"
